artifact,runset,family,seed,checkpoint,method,checkpoint_sha256,implementation_sha256,input_sha256,protocol,n,k,budget,repeats,accept_rate,allow_expand,independent_execution_success,deployment_rollouts,deployment_physics_steps,decision_seconds,deployment_successful_sim_seconds,scene_setup_seconds,model_cold_seconds,visual_cold_seconds,scene_setup_plus_decision_seconds,accounted_scene_decision_deployment_seconds,candidate_generation_seconds,necessary_geometry_seconds,optional_geometry_seconds,render_seconds,visual_encoding_seconds,network_seconds,numeric_features_seconds,restore_seconds,twin_seconds,deferred_solving_seconds_subset,deployment_seconds,later_parameter_solving_seconds_subset,rollouts,unique_candidates,physics_steps,timeouts,deployment_timeouts,budget_exhausted,budget_fully_spent,accepted,reference_repeats,pool_type,pool_best_reference,near_optimal_hit_at_k,feasible_hit_at_k,regret_at_k,selected_reference,selected_regret,pool_near_best_reference_sim_seconds,selected_reference_sim_seconds,selected_secondary_time_regret_seconds
results/value_v2/online/rigid_connector_module_20040_0_geometry_best_within_budget/decision.json,online,rigid_connector_module,20040,0,geometry,,f247709daba293143fc972a5b2cbb1349c1090024065905f5642476e7e02f0ea,850f29d2b501627d1e222722b10bda3420fd3dd7ad89c0c542ea935ba0e5832d,best_within_budget,16,4,8,2,0.5,False,1.0,2,160130,170.67033804301172,160.13000000004413,1.0384019820485264,0.0,0.0,171.70874002506025,211.98773407319095,0.029466922162100673,1.893076067790389,0.7626750310882926,0.0,0.0,0.0,0.0,0.00405622913967818,167.49089850008022,9.797563718282618,40.2789940481307,8.443210344295949,8,4,658650,0,0,0,1,1,2,mixed,1.0,1.0,1.0,0.0,1.0,0.0,148.7099999999896,160.19000000004442,11.480000000054815
results/value_v2/online/rigid_connector_module_20040_0_geometry_first_verified/decision.json,online,rigid_connector_module,20040,0,geometry,,f247709daba293143fc972a5b2cbb1349c1090024065905f5642476e7e02f0ea,850f29d2b501627d1e222722b10bda3420fd3dd7ad89c0c542ea935ba0e5832d,first_verified,16,4,8,2,0.5,False,1.0,2,160130,44.02640147099737,160.13000000004413,1.0523940039565787,0.0,0.0,45.07879547495395,84.89706624380779,0.028671066975221038,1.8634722370188683,0.7414927399950102,0.0,0.0,0.0,0.0,0.000886710942722857,40.9590371849481,2.6142162112519145,39.818270768853836,2.242642384255305,2,1,160160,0,0,0,0,1,2,mixed,1.0,1.0,1.0,0.0,1.0,0.0,148.7099999999896,160.19000000004442,11.480000000054815
results/value_v2/online/rigid_connector_module_20040_0_mlp_best_within_budget/decision.json,online,rigid_connector_module,20040,0,mlp,2d1b73af8d31e70aad10de1dc7c6d493aca154509addb13409d433b8216f8459,f247709daba293143fc972a5b2cbb1349c1090024065905f5642476e7e02f0ea,850f29d2b501627d1e222722b10bda3420fd3dd7ad89c0c542ea935ba0e5832d,best_within_budget,16,4,8,2,0.5,False,1.0,2,150290,146.0380249050213,150.28999999999715,1.0279279010137543,0.010934052057564259,0.0,147.06595280603506,184.83350869920105,0.02985569601878524,1.8531402919907123,0.7487335230689496,0.0,0.0,0.022676422959193587,0.006808090023696423,0.0038156649097800255,142.89718688791618,8.434010539087467,37.76755589316599,7.282486796029843,8,4,555700,0,0,0,1,1,2,mixed,1.0,1.0,1.0,0.0,1.0,0.0,148.7099999999896,150.2399999999969,1.5300000000073055
results/value_v2/online/rigid_connector_module_20040_0_mlp_first_verified/decision.json,online,rigid_connector_module,20040,0,mlp,2d1b73af8d31e70aad10de1dc7c6d493aca154509addb13409d433b8216f8459,f247709daba293143fc972a5b2cbb1349c1090024065905f5642476e7e02f0ea,850f29d2b501627d1e222722b10bda3420fd3dd7ad89c0c542ea935ba0e5832d,first_verified,16,4,8,2,0.5,False,1.0,2,150290,41.836201941012405,150.28999999999715,1.0324465190060437,0.010934052057564259,0.0,42.86864846001845,80.83683214103803,0.0298246891470626,1.8914486388675869,0.7477149090263993,0.0,0.0,0.004422828089445829,0.006603935034945607,0.0008926581358537078,38.60744535806589,2.1013723647920415,37.96818368101958,1.9020897577283904,2,1,150290,0,0,0,0,1,2,mixed,1.0,1.0,1.0,0.0,1.0,0.0,148.7099999999896,150.2399999999969,1.5300000000073055
results/value_v2/online/rigid_connector_module_20040_0_no_vision_best_within_budget/decision.json,online,rigid_connector_module,20040,0,no_vision,8170b408cb7562fb96d83bfeb957d3a0e69f93f83d38d85b65f22eca15190b1e,f247709daba293143fc972a5b2cbb1349c1090024065905f5642476e7e02f0ea,850f29d2b501627d1e222722b10bda3420fd3dd7ad89c0c542ea935ba0e5832d,best_within_budget,16,4,8,2,0.5,False,0.0,0,0,78.12209827301558,,1.0339066530577838,0.23830336588434875,0.0,79.15600492607336,79.15600492607336,0.02920310804620385,1.8507859219098464,0.0,0.0,0.0,0.33178790693636984,5.370238795876503e-07,0.0035935700871050358,75.43345476593822,4.033936000196263,0,2.926841961219907,8,4,309370,0,0,1,1,0,2,mixed,1.0,0.0,0.0,1.0,0.0,1.0,148.7099999999896,,
results/value_v2/online/rigid_connector_module_20040_0_no_vision_first_verified/decision.json,online,rigid_connector_module,20040,0,no_vision,8170b408cb7562fb96d83bfeb957d3a0e69f93f83d38d85b65f22eca15190b1e,f247709daba293143fc972a5b2cbb1349c1090024065905f5642476e7e02f0ea,850f29d2b501627d1e222722b10bda3420fd3dd7ad89c0c542ea935ba0e5832d,first_verified,16,4,8,2,0.5,False,0.0,0,0,77.77609364199452,,1.038864369969815,0.23830336588434875,0.0,78.81495801196434,78.81495801196434,0.028844255139119923,1.8802967189112678,0.0,0.0,0.0,0.3194418069906533,5.420297384262085e-07,0.003623488824814558,74.9781833171146,4.0586526655824855,0,2.944603835348971,8,4,309370,0,0,1,1,0,2,mixed,1.0,0.0,0.0,1.0,0.0,1.0,148.7099999999896,,
results/value_v2/online/rigid_connector_module_20040_0_prior_best_within_budget/decision.json,online,rigid_connector_module,20040,0,prior,eca9874d7bd879d99918d1e3aba0ad38b2743e6966cd2f85141d175732f5d7cc,f247709daba293143fc972a5b2cbb1349c1090024065905f5642476e7e02f0ea,850f29d2b501627d1e222722b10bda3420fd3dd7ad89c0c542ea935ba0e5832d,best_within_budget,16,4,8,2,0.5,False,1.0,2,150290,162.11871098494157,150.28999999999715,1.0397060089744627,0.10458203195594251,0.0,163.15841699391603,200.65962076582946,0.029826550045982003,1.8572291398886591,0.7430921869818121,0.0,0.0,0.02352133800741285,0.00667056196834892,0.003859443822875619,158.97801458695903,9.297315788920969,37.501203771913424,8.32061066373717,8,4,628970,0,0,0,1,1,2,mixed,1.0,1.0,1.0,0.0,1.0,0.0,148.7099999999896,150.2399999999969,1.5300000000073055
results/value_v2/online/rigid_connector_module_20040_0_prior_first_verified/decision.json,online,rigid_connector_module,20040,0,prior,eca9874d7bd879d99918d1e3aba0ad38b2743e6966cd2f85141d175732f5d7cc,f247709daba293143fc972a5b2cbb1349c1090024065905f5642476e7e02f0ea,850f29d2b501627d1e222722b10bda3420fd3dd7ad89c0c542ea935ba0e5832d,first_verified,16,4,8,2,0.5,False,1.0,2,171280,47.353242132929154,171.28000000009737,1.0327235189033672,0.10458203195594251,0.0,48.38596565183252,92.70735864294693,0.031136703793890774,1.8858868192182854,0.7487290700664744,0.0,0.0,0.005225100903771818,0.006257151020690799,0.000971950008533895,44.24612102797255,2.924485003692098,44.32139299111441,2.5552900845650584,2,1,171310,0,0,0,0,1,2,mixed,1.0,1.0,1.0,0.0,1.0,0.0,148.7099999999896,171.27000000009733,22.56000000010772
results/value_v2/online/rigid_connector_module_20040_0_random_best_within_budget/decision.json,online,rigid_connector_module,20040,0,random,,f247709daba293143fc972a5b2cbb1349c1090024065905f5642476e7e02f0ea,850f29d2b501627d1e222722b10bda3420fd3dd7ad89c0c542ea935ba0e5832d,best_within_budget,16,4,8,2,0.5,False,1.0,2,171110,106.86408855195623,171.11000000009656,1.03853685897775,0.0,0.0,107.90262541093398,151.8166983439587,0.030078337993472815,1.8931100469781086,0.0,0.0,0.0,0.0,0.0,0.004180104937404394,104.46815157996025,5.92723077244591,43.91407293302473,4.436244414304383,8,4,401180,0,0,0,1,1,2,mixed,1.0,1.0,1.0,0.0,1.0,0.0,148.7099999999896,171.05000000009628,22.34000000010667
results/value_v2/online/rigid_connector_module_20040_0_random_first_verified/decision.json,online,rigid_connector_module,20040,0,random,,f247709daba293143fc972a5b2cbb1349c1090024065905f5642476e7e02f0ea,850f29d2b501627d1e222722b10bda3420fd3dd7ad89c0c542ea935ba0e5832d,first_verified,16,4,8,2,0.5,False,1.0,2,171110,87.18658494099509,171.11000000009656,1.026326433988288,0.0,0.0,88.21291137498338,132.87612686201464,0.02933995984494686,1.881594501202926,0.0,0.0,0.0,0.0,0.0,0.0028560751816257834,84.71706547297072,4.892164740944281,44.663215487031266,3.7579473089426756,6,3,326340,0,0,0,0,1,2,mixed,1.0,1.0,1.0,0.0,1.0,0.0,148.7099999999896,171.05000000009628,22.34000000010667
results/value_v2/online/rigid_connector_module_20040_0_residual_best_within_budget/decision.json,online,rigid_connector_module,20040,0,residual,13a5cdb2570c123cf90d8f88048eda8e1624b05d9545a530f1144eb77ab03074,f247709daba293143fc972a5b2cbb1349c1090024065905f5642476e7e02f0ea,850f29d2b501627d1e222722b10bda3420fd3dd7ad89c0c542ea935ba0e5832d,best_within_budget,16,4,8,2,0.5,False,1.0,2,150290,173.11344926594757,150.28999999999715,1.0442788830259815,0.005537980934605002,0.0,174.15772814897355,212.71623147989158,0.14254445128608495,1.8608093716902658,0.7460584379732609,0.0,0.0,0.023613627068698406,0.006751933018676937,0.0038055790355429053,169.8456735011423,9.56013397523202,38.55850333091803,8.403347428771667,8,4,651670,0,0,0,1,1,2,mixed,1.0,1.0,1.0,0.0,1.0,0.0,148.7099999999896,150.2399999999969,1.5300000000073055
results/value_v2/online/rigid_connector_module_20040_0_residual_first_verified/decision.json,online,rigid_connector_module,20040,0,residual,13a5cdb2570c123cf90d8f88048eda8e1624b05d9545a530f1144eb77ab03074,f247709daba293143fc972a5b2cbb1349c1090024065905f5642476e7e02f0ea,850f29d2b501627d1e222722b10bda3420fd3dd7ad89c0c542ea935ba0e5832d,first_verified,16,4,8,2,0.5,False,1.0,2,150290,41.30375444795936,150.28999999999715,1.0405435391003266,0.005537980934605002,0.0,42.34429798705969,79.95192318805493,0.030461646849289536,1.8795404861448333,0.7442498989403248,0.0,0.0,0.022974345949478447,0.00660143606364727,0.0009069179650396109,38.18510262097698,2.1121807624585927,37.607625200995244,1.9103146562119946,2,1,150290,0,0,0,0,1,2,mixed,1.0,1.0,1.0,0.0,1.0,0.0,148.7099999999896,150.2399999999969,1.5300000000073055
results/value_v2/online/rigid_connector_module_20040_0_v1_fixed_best_within_budget/decision.json,online,rigid_connector_module,20040,0,v1_fixed,75dedd09a16fd9cdf163955aa2908b9bd5b6586a12be3ca28fd5fb5d1a9ad489,f247709daba293143fc972a5b2cbb1349c1090024065905f5642476e7e02f0ea,850f29d2b501627d1e222722b10bda3420fd3dd7ad89c0c542ea935ba0e5832d,best_within_budget,16,4,8,2,0.5,False,0.0,0,0,80.45178717700765,,1.0375842070207,0.07574754499364644,1.0600005049491301,81.48937138402835,81.48937138402835,0.03151051374152303,1.8971895122667775,0.0,0.2216065509710461,0.030543652013875544,0.315934497048147,4.780013114213943e-07,0.0036339130019769073,77.3773406369146,4.292302684276365,0,2.808111693477258,8,4,310510,0,0,1,1,0,2,mixed,1.0,0.0,0.0,1.0,0.0,1.0,148.7099999999896,,
results/value_v2/online/rigid_connector_module_20040_0_v1_fixed_first_verified/decision.json,online,rigid_connector_module,20040,0,v1_fixed,75dedd09a16fd9cdf163955aa2908b9bd5b6586a12be3ca28fd5fb5d1a9ad489,f247709daba293143fc972a5b2cbb1349c1090024065905f5642476e7e02f0ea,850f29d2b501627d1e222722b10bda3420fd3dd7ad89c0c542ea935ba0e5832d,first_verified,16,4,8,2,0.5,False,0.0,0,0,81.64469167601783,,1.0333304309751838,0.07574754499364644,1.0600005049491301,82.67802210699301,82.67802210699301,0.029527430306188762,1.87456497666426,0.0,0.20835085900034755,0.029652850003913045,0.3115599600132555,3.390014171600342e-07,0.0036847558803856373,78.73039208794944,4.307684064726345,0,2.804433523211628,8,4,310510,0,0,1,1,0,2,mixed,1.0,0.0,0.0,1.0,0.0,1.0,148.7099999999896,,
results/value_v2/online/rigid_connector_module_20040_0_vision_best_within_budget/decision.json,online,rigid_connector_module,20040,0,vision,ca04eeb22ab518ae361eb5b92612be3086321c603b241d93a13aeac5d6624ef2,f247709daba293143fc972a5b2cbb1349c1090024065905f5642476e7e02f0ea,850f29d2b501627d1e222722b10bda3420fd3dd7ad89c0c542ea935ba0e5832d,best_within_budget,16,4,8,2,0.5,False,1.0,2,150290,171.77486634498928,150.28999999999715,1.0297592020360753,0.058445901959203184,1.0600005049491301,172.80462554702535,210.54384423105512,0.029316931031644344,1.8712260000174865,0.0,0.21896069508511573,0.027938449988141656,0.3122768239118159,4.359753802418709e-07,0.0039353970205411315,168.7305846340023,10.02595139387995,37.739218684029765,8.697863261098973,8,4,651360,0,0,0,1,1,2,mixed,1.0,1.0,1.0,0.0,1.0,0.0,148.7099999999896,150.2399999999969,1.5300000000073055
results/value_v2/online/rigid_connector_module_20040_0_vision_first_verified/decision.json,online,rigid_connector_module,20040,0,vision,ca04eeb22ab518ae361eb5b92612be3086321c603b241d93a13aeac5d6624ef2,f247709daba293143fc972a5b2cbb1349c1090024065905f5642476e7e02f0ea,850f29d2b501627d1e222722b10bda3420fd3dd7ad89c0c542ea935ba0e5832d,first_verified,16,4,8,2,0.5,False,1.0,2,150290,41.6410167979775,150.28999999999715,1.0323212509974837,0.058445901959203184,1.0600005049491301,42.67333804897498,81.06679068785161,0.028780882130376995,1.8630825758446008,0.0,0.2770107000833377,0.0725278010359034,0.3069051019847393,4.130415618419647e-07,0.0009245258988812566,38.569872098159976,2.11839021591004,38.393452638876624,1.9181927038589492,2,1,150290,0,0,0,0,1,2,mixed,1.0,1.0,1.0,0.0,1.0,0.0,148.7099999999896,150.2399999999969,1.5300000000073055
results/value_v2/online/rigid_connector_module_20040_exhaustive/decision.json,online,rigid_connector_module,20040,0,exhaustive,,f247709daba293143fc972a5b2cbb1349c1090024065905f5642476e7e02f0ea,850f29d2b501627d1e222722b10bda3420fd3dd7ad89c0c542ea935ba0e5832d,best_within_budget,16,16,32,2,0.5,False,1.0,2,150290,512.0666804600041,150.28999999999715,1.0307400210294873,0.0,0.0,513.0974204810336,550.9992871289141,0.029826743062585592,1.876689068856649,0.7455232109641656,0.0,0.0,0.0,0.0,0.01528627728112042,508.5645278096199,29.303160424227826,37.901866647880524,24.383209771476686,32,16,2003730,0,0,0,1,1,2,mixed,1.0,1.0,1.0,0.0,1.0,0.0,148.7099999999896,150.2399999999969,1.5300000000073055
results/value_v2/online/rigid_connector_module_20041_0_geometry_best_within_budget/decision.json,online,rigid_connector_module,20041,0,geometry,,f247709daba293143fc972a5b2cbb1349c1090024065905f5642476e7e02f0ea,d617801ad88f79026da92af98a736bb8b3a178a55e09bf0cfed86803fa0ff6ee,best_within_budget,16,4,8,2,0.5,False,1.0,2,150430,170.95258736098185,150.42999999999782,1.0593867879360914,0.0,0.0,172.01197414891794,210.31518956075888,0.03054896497633308,1.8474750560708344,0.8393904030090198,0.0,0.0,0.0,0.0,0.004004964837804437,167.6325743937632,10.450041539617814,38.30321541184094,9.126366623211652,8,4,649230,0,0,0,1,1,2,mixed,1.0,1.0,1.0,0.0,1.0,0.0,150.41999999999777,150.41999999999777,0.0
results/value_v2/online/rigid_connector_module_20041_0_geometry_first_verified/decision.json,online,rigid_connector_module,20041,0,geometry,,f247709daba293143fc972a5b2cbb1349c1090024065905f5642476e7e02f0ea,d617801ad88f79026da92af98a736bb8b3a178a55e09bf0cfed86803fa0ff6ee,first_verified,16,4,8,2,0.5,False,1.0,2,170560,91.15905762801412,170.56000000009394,1.049324585008435,0.0,0.0,92.20838221302256,136.48516591312364,0.0297829118790105,1.5949578961590305,0.7651959189679474,0.0,0.0,0.0,0.0,0.0019483460346236825,88.31787980196532,5.368628899450414,44.27678370010108,4.607981822220609,4,2,337490,0,0,0,0,1,2,mixed,1.0,1.0,1.0,0.0,1.0,0.0,150.41999999999777,170.50000000009365,20.08000000009588
results/value_v2/online/rigid_connector_module_20041_0_mlp_best_within_budget/decision.json,online,rigid_connector_module,20041,0,mlp,2d1b73af8d31e70aad10de1dc7c6d493aca154509addb13409d433b8216f8459,f247709daba293143fc972a5b2cbb1349c1090024065905f5642476e7e02f0ea,d617801ad88f79026da92af98a736bb8b3a178a55e09bf0cfed86803fa0ff6ee,best_within_budget,16,4,8,2,0.5,False,1.0,2,150430,166.59758451394737,150.42999999999782,1.02760902303271,0.012855720124207437,0.0,167.62519353698008,205.21805862919427,0.02984576637391001,1.568068899679929,0.7515139299212024,0.0,0.0,0.022950110025703907,0.0068687290186062455,0.003862969810143113,163.61847709096037,10.073343288851902,37.5928650922142,8.95845518517308,8,4,645400,0,0,0,1,1,2,mixed,1.0,1.0,1.0,0.0,1.0,0.0,150.41999999999777,150.41999999999777,0.0
results/value_v2/online/rigid_connector_module_20041_0_mlp_first_verified/decision.json,online,rigid_connector_module,20041,0,mlp,2d1b73af8d31e70aad10de1dc7c6d493aca154509addb13409d433b8216f8459,f247709daba293143fc972a5b2cbb1349c1090024065905f5642476e7e02f0ea,d617801ad88f79026da92af98a736bb8b3a178a55e09bf0cfed86803fa0ff6ee,first_verified,16,4,8,2,0.5,False,1.0,2,161200,44.595904760062695,161.20000000004924,1.0742188439471647,0.012855720124207437,0.0,45.67012360400986,87.4338153739227,0.03458344982936978,1.6796725131571293,0.748820740962401,0.0,0.0,0.007007449981756508,0.006545312935486436,0.0010252470383420587,41.668117676978,2.1364079780178145,41.76369176991284,1.9444141901331022,2,1,161130,0,0,0,0,1,2,mixed,1.0,1.0,1.0,0.0,1.0,0.0,150.41999999999777,161.1700000000491,10.75000000005133
results/value_v2/online/rigid_connector_module_20041_0_no_vision_best_within_budget/decision.json,online,rigid_connector_module,20041,0,no_vision,8170b408cb7562fb96d83bfeb957d3a0e69f93f83d38d85b65f22eca15190b1e,f247709daba293143fc972a5b2cbb1349c1090024065905f5642476e7e02f0ea,d617801ad88f79026da92af98a736bb8b3a178a55e09bf0cfed86803fa0ff6ee,best_within_budget,16,4,8,2,0.5,False,1.0,2,155090,169.83578351594042,155.09000000002007,1.1572892400436103,0.23980382399167866,0.0,170.99307275598403,210.03000383498147,0.031229848973453045,1.640124440076761,0.0,0.0,0.0,0.3642674119910225,8.050119504332542e-07,0.0039580961456522346,167.29969961789902,10.504260622314177,39.03693107899744,9.375250127632171,8,4,650210,0,0,0,1,1,2,mixed,1.0,1.0,1.0,0.0,1.0,0.0,150.41999999999777,155.04000000001983,4.62000000002206
results/value_v2/online/rigid_connector_module_20041_0_no_vision_first_verified/decision.json,online,rigid_connector_module,20041,0,no_vision,8170b408cb7562fb96d83bfeb957d3a0e69f93f83d38d85b65f22eca15190b1e,f247709daba293143fc972a5b2cbb1349c1090024065905f5642476e7e02f0ea,d617801ad88f79026da92af98a736bb8b3a178a55e09bf0cfed86803fa0ff6ee,first_verified,16,4,8,2,0.5,False,1.0,2,161200,43.581600051024,161.20000000004924,1.0429783960571513,0.23980382399167866,0.0,44.62457844708115,86.16911746398546,0.02978099009487778,1.5767871799180284,0.0,0.0,0.0,0.3360203639604151,4.770699888467789e-07,0.0009147730888798833,41.210604600957595,2.105561434640549,41.54453901690431,1.9129516588291153,2,1,161130,0,0,0,0,1,2,mixed,1.0,1.0,1.0,0.0,1.0,0.0,150.41999999999777,161.1700000000491,10.75000000005133
results/value_v2/online/rigid_connector_module_20041_0_prior_best_within_budget/decision.json,online,rigid_connector_module,20041,0,prior,eca9874d7bd879d99918d1e3aba0ad38b2743e6966cd2f85141d175732f5d7cc,f247709daba293143fc972a5b2cbb1349c1090024065905f5642476e7e02f0ea,d617801ad88f79026da92af98a736bb8b3a178a55e09bf0cfed86803fa0ff6ee,best_within_budget,16,4,8,2,0.5,False,1.0,2,150430,162.25723274599295,150.42999999999782,1.0335971470922232,0.13878592813853174,0.0,163.29082989308517,202.05877417698503,0.15011864504776895,1.5713479039259255,0.7490805690176785,0.0,0.0,0.022953956038691103,0.0071268369210883975,0.0039241601480171084,159.26234202599153,9.275763306999579,38.76794428389985,8.330194548587315,8,4,633130,0,0,0,1,1,2,mixed,1.0,1.0,1.0,0.0,1.0,0.0,150.41999999999777,150.41999999999777,0.0
results/value_v2/online/rigid_connector_module_20041_0_prior_first_verified/decision.json,online,rigid_connector_module,20041,0,prior,eca9874d7bd879d99918d1e3aba0ad38b2743e6966cd2f85141d175732f5d7cc,f247709daba293143fc972a5b2cbb1349c1090024065905f5642476e7e02f0ea,d617801ad88f79026da92af98a736bb8b3a178a55e09bf0cfed86803fa0ff6ee,first_verified,16,4,8,2,0.5,False,1.0,2,161410,45.51642580202315,161.41000000005025,1.036947580985725,0.13878592813853174,0.0,46.553373383008875,88.4146991239395,0.03200763801578432,1.8476874839980155,0.8396625960012898,0.0,0.0,0.02323855401482433,0.008553627994842827,0.0010468129767104983,42.32609210698865,3.344882070319727,41.861325740930624,2.9192023961804807,2,1,161450,0,0,0,0,1,2,mixed,1.0,1.0,1.0,0.0,1.0,0.0,150.41999999999777,161.45000000005044,11.030000000052667
results/value_v2/online/rigid_connector_module_20041_0_random_best_within_budget/decision.json,online,rigid_connector_module,20041,0,random,,f247709daba293143fc972a5b2cbb1349c1090024065905f5642476e7e02f0ea,d617801ad88f79026da92af98a736bb8b3a178a55e09bf0cfed86803fa0ff6ee,best_within_budget,16,4,8,2,0.5,False,1.0,2,156550,168.1287601540098,156.55000000002704,1.0332591930637136,0.0,0.0,169.1620193470735,208.97866057103965,0.02962679392658174,1.5682042150292546,0.0,0.0,0.0,0.0,0.0,0.003924562013708055,165.9153772718273,10.468316049664281,39.816641223966144,9.173150346032344,8,4,654940,0,0,0,1,1,2,mixed,1.0,1.0,1.0,0.0,1.0,0.0,150.41999999999777,156.5200000000269,6.100000000029127
results/value_v2/online/rigid_connector_module_20041_0_random_first_verified/decision.json,online,rigid_connector_module,20041,0,random,,f247709daba293143fc972a5b2cbb1349c1090024065905f5642476e7e02f0ea,d617801ad88f79026da92af98a736bb8b3a178a55e09bf0cfed86803fa0ff6ee,first_verified,16,4,8,2,0.5,False,1.0,2,156550,41.18621064594481,156.55000000002704,1.04610322706867,0.0,0.0,42.23231387301348,80.78317677485757,0.030090589076280594,1.5697521909605712,0.0,0.0,0.0,0.0,0.0,0.001017982023768127,39.03441955510061,2.4378479949664325,38.550862901844084,2.2571178760845214,2,1,156700,0,0,0,0,1,2,mixed,1.0,1.0,1.0,0.0,1.0,0.0,150.41999999999777,156.5200000000269,6.100000000029127
results/value_v2/online/rigid_connector_module_20041_0_residual_best_within_budget/decision.json,online,rigid_connector_module,20041,0,residual,13a5cdb2570c123cf90d8f88048eda8e1624b05d9545a530f1144eb77ab03074,f247709daba293143fc972a5b2cbb1349c1090024065905f5642476e7e02f0ea,d617801ad88f79026da92af98a736bb8b3a178a55e09bf0cfed86803fa0ff6ee,best_within_budget,16,4,8,2,0.5,False,1.0,2,150430,167.70185345003847,150.42999999999782,1.0433163540437818,0.008879123954102397,0.0,168.74516980408225,207.00656544195954,0.03156300715636462,1.5815836808178574,0.756151375011541,0.0,0.0,0.023541153059341013,0.007110420032404363,0.003917186288163066,164.8210491888458,10.173039237619378,38.261395637877285,9.049416202818975,8,4,645400,0,0,0,1,1,2,mixed,1.0,1.0,1.0,0.0,1.0,0.0,150.41999999999777,150.41999999999777,0.0
results/value_v2/online/rigid_connector_module_20041_0_residual_first_verified/decision.json,online,rigid_connector_module,20041,0,residual,13a5cdb2570c123cf90d8f88048eda8e1624b05d9545a530f1144eb77ab03074,f247709daba293143fc972a5b2cbb1349c1090024065905f5642476e7e02f0ea,d617801ad88f79026da92af98a736bb8b3a178a55e09bf0cfed86803fa0ff6ee,first_verified,16,4,8,2,0.5,False,1.0,2,161200,46.894588367897086,161.20000000004924,1.062132152961567,0.008879123954102397,0.0,47.95672052085865,89.86491542891599,0.03136742301285267,1.8430259739980102,0.8258206030586734,0.0,0.0,0.004065209999680519,0.007590721012093127,0.000974946073256433,43.654503298108466,2.373713995097205,41.90819490805734,2.1461098801810294,2,1,161130,0,0,0,0,1,2,mixed,1.0,1.0,1.0,0.0,1.0,0.0,150.41999999999777,161.1700000000491,10.75000000005133
results/value_v2/online/rigid_connector_module_20041_0_v1_fixed_best_within_budget/decision.json,online,rigid_connector_module,20041,0,v1_fixed,75dedd09a16fd9cdf163955aa2908b9bd5b6586a12be3ca28fd5fb5d1a9ad489,f247709daba293143fc972a5b2cbb1349c1090024065905f5642476e7e02f0ea,d617801ad88f79026da92af98a736bb8b3a178a55e09bf0cfed86803fa0ff6ee,best_within_budget,16,4,8,2,0.5,False,1.0,2,158680,169.8182539299596,158.6800000000372,1.0312971039675176,0.07328651694115251,1.0715669320197776,170.84955103392713,210.4837339069927,0.030605609877966344,1.5596677240682766,0.0,0.191818710998632,0.02605431410484016,0.336056504980661,4.08967025578022e-07,0.004023969988338649,167.19610516505782,10.834083914523944,39.63418287306558,9.384168906603009,8,4,659590,0,0,0,1,1,2,mixed,1.0,1.0,1.0,0.0,1.0,0.0,150.41999999999777,159.08000000003912,8.66000000004135
results/value_v2/online/rigid_connector_module_20041_0_v1_fixed_first_verified/decision.json,online,rigid_connector_module,20041,0,v1_fixed,75dedd09a16fd9cdf163955aa2908b9bd5b6586a12be3ca28fd5fb5d1a9ad489,f247709daba293143fc972a5b2cbb1349c1090024065905f5642476e7e02f0ea,d617801ad88f79026da92af98a736bb8b3a178a55e09bf0cfed86803fa0ff6ee,first_verified,16,4,8,2,0.5,False,1.0,2,161410,43.85844184702728,161.41000000005025,1.0561318619875237,0.07328651694115251,1.0715669320197776,44.9145737090148,85.6022510197945,0.029325443087145686,1.5912121249129996,0.0,0.29775178199633956,0.07739905000198632,0.3376657229382545,3.420282155275345e-07,0.0014072800986468792,40.97044143592939,2.9181262912461534,40.68767731077969,2.5511298092314973,2,1,161450,0,0,0,0,1,2,mixed,1.0,1.0,1.0,0.0,1.0,0.0,150.41999999999777,161.45000000005044,11.030000000052667
results/value_v2/online/rigid_connector_module_20041_0_vision_best_within_budget/decision.json,online,rigid_connector_module,20041,0,vision,ca04eeb22ab518ae361eb5b92612be3086321c603b241d93a13aeac5d6624ef2,f247709daba293143fc972a5b2cbb1349c1090024065905f5642476e7e02f0ea,d617801ad88f79026da92af98a736bb8b3a178a55e09bf0cfed86803fa0ff6ee,best_within_budget,16,4,8,2,0.5,False,1.0,2,158680,170.995521681034,158.6800000000372,1.0487134449649602,0.09558790305163711,1.0715669320197776,172.04423512599897,211.1826599218184,0.030416924390010536,1.5997815696755424,0.0,0.20186078501865268,0.026562678045593202,0.3350605280138552,4.409812390804291e-07,0.004018965759314597,168.24735023186076,9.507203076034784,39.138424795819446,8.415658886078745,8,4,663110,0,0,0,1,1,2,mixed,1.0,1.0,1.0,0.0,1.0,0.0,150.41999999999777,159.08000000003912,8.66000000004135
results/value_v2/online/rigid_connector_module_20041_0_vision_first_verified/decision.json,online,rigid_connector_module,20041,0,vision,ca04eeb22ab518ae361eb5b92612be3086321c603b241d93a13aeac5d6624ef2,f247709daba293143fc972a5b2cbb1349c1090024065905f5642476e7e02f0ea,d617801ad88f79026da92af98a736bb8b3a178a55e09bf0cfed86803fa0ff6ee,first_verified,16,4,8,2,0.5,False,1.0,2,166780,45.636999828973785,166.7800000000759,1.040673941024579,0.09558790305163711,1.0715669320197776,46.677673769998364,91.44438606209587,0.030632428941316903,1.5775830671191216,0.0,0.22144231398124248,0.034628706984221935,0.333376127993688,4.08967025578022e-07,0.0009919209405779839,43.009425148018636,2.198196166427806,44.76671229209751,2.014685357338749,2,1,166560,0,0,0,0,1,2,mixed,1.0,1.0,1.0,0.0,1.0,0.0,150.41999999999777,166.75000000007574,16.330000000077973
results/value_v2/online/rigid_connector_module_20041_exhaustive/decision.json,online,rigid_connector_module,20041,0,exhaustive,,f247709daba293143fc972a5b2cbb1349c1090024065905f5642476e7e02f0ea,d617801ad88f79026da92af98a736bb8b3a178a55e09bf0cfed86803fa0ff6ee,best_within_budget,16,16,32,2,0.5,False,1.0,2,150430,661.5526740140049,150.42999999999782,1.0401388589525595,0.0,0.0,662.5928128729574,700.8271751997527,0.03212774021085352,1.580527929821983,0.755912238964811,0.0,0.0,0.0,0.0,0.015432535205036402,658.4302206919529,39.81558438704815,38.234362326795235,35.56176510977093,32,16,2593760,0,0,0,1,1,2,mixed,1.0,1.0,1.0,0.0,1.0,0.0,150.41999999999777,150.41999999999777,0.0
results/value_v2/online/rigid_connector_module_20042_0_geometry_best_within_budget/decision.json,online,rigid_connector_module,20042,0,geometry,,f247709daba293143fc972a5b2cbb1349c1090024065905f5642476e7e02f0ea,5ce7826991435c6a2e942eeaa56846ca04ff5c6b7570bcc3564f0e6aa3083db3,best_within_budget,16,4,8,2,0.5,False,1.0,2,149320,168.5480342329247,149.31999999999252,1.0619909539818764,0.0,0.0,169.61002518690657,206.93706568097696,0.030724316835403442,2.084049401106313,0.7424099460477009,0.0,0.0,0.0,0.0,0.003822101862169802,165.21588755201083,9.632686600321904,37.32704049407039,8.317049919511192,8,4,649110,0,0,0,1,1,2,mixed,1.0,1.0,1.0,0.0,1.0,0.0,149.32999999999257,149.32999999999257,0.0
results/value_v2/online/rigid_connector_module_20042_0_geometry_first_verified/decision.json,online,rigid_connector_module,20042,0,geometry,,f247709daba293143fc972a5b2cbb1349c1090024065905f5642476e7e02f0ea,5ce7826991435c6a2e942eeaa56846ca04ff5c6b7570bcc3564f0e6aa3083db3,first_verified,16,4,8,2,0.5,False,1.0,2,160320,43.620965411071666,160.32000000004504,1.0303394419606775,0.0,0.0,44.65130485303234,84.8824502840871,0.03149183397181332,2.039037565002218,0.7422297600423917,0.0,0.0,0.0,0.0,0.0010566520504653454,40.37304199603386,2.610409395536408,40.231145431054756,2.238708683755249,2,1,160380,0,0,0,0,1,2,mixed,1.0,1.0,1.0,0.0,1.0,0.0,149.32999999999257,160.38000000004533,11.050000000052762
results/value_v2/online/rigid_connector_module_20042_0_mlp_best_within_budget/decision.json,online,rigid_connector_module,20042,0,mlp,2d1b73af8d31e70aad10de1dc7c6d493aca154509addb13409d433b8216f8459,f247709daba293143fc972a5b2cbb1349c1090024065905f5642476e7e02f0ea,5ce7826991435c6a2e942eeaa56846ca04ff5c6b7570bcc3564f0e6aa3083db3,best_within_budget,16,4,8,2,0.5,False,1.0,2,149320,163.45357489900198,149.31999999999252,1.0270601360825822,0.010573196108452976,0.0,164.48063503508456,202.33034190617036,0.0316404941258952,2.028794162790291,0.7298301900736988,0.0,0.0,0.0038566129514947534,0.006664059008471668,0.0037542881909757853,160.06595254479907,9.19304739846848,37.8497068710858,8.230643992195837,8,4,626880,0,0,0,1,1,2,mixed,1.0,1.0,1.0,0.0,1.0,0.0,149.32999999999257,149.32999999999257,0.0
results/value_v2/online/rigid_connector_module_20042_0_mlp_first_verified/decision.json,online,rigid_connector_module,20042,0,mlp,2d1b73af8d31e70aad10de1dc7c6d493aca154509addb13409d433b8216f8459,f247709daba293143fc972a5b2cbb1349c1090024065905f5642476e7e02f0ea,5ce7826991435c6a2e942eeaa56846ca04ff5c6b7570bcc3564f0e6aa3083db3,first_verified,16,4,8,2,0.5,False,1.0,2,149320,40.95146817807108,149.31999999999252,1.0515355819370598,0.010573196108452976,0.0,42.00300376000814,79.49112032994162,0.030010770889930427,2.082125893095508,0.7391053580213338,0.0,0.0,0.004194241017103195,0.00629957695491612,0.0009618670446798205,37.55947094899602,1.7799092552158982,37.48811656993348,1.582836618181318,2,1,149300,0,0,0,0,1,2,mixed,1.0,1.0,1.0,0.0,1.0,0.0,149.32999999999257,149.32999999999257,0.0
results/value_v2/online/rigid_connector_module_20042_0_no_vision_best_within_budget/decision.json,online,rigid_connector_module,20042,0,no_vision,8170b408cb7562fb96d83bfeb957d3a0e69f93f83d38d85b65f22eca15190b1e,f247709daba293143fc972a5b2cbb1349c1090024065905f5642476e7e02f0ea,5ce7826991435c6a2e942eeaa56846ca04ff5c6b7570bcc3564f0e6aa3083db3,best_within_budget,16,4,8,2,0.5,False,1.0,2,149320,162.16825253900606,149.31999999999252,1.0323793579591438,0.229178357985802,0.0,163.2006318969652,200.4300780921476,0.030531207681633532,2.0425937032559887,0.0,0.0,0.0,0.343393711023964,5.509937182068825e-07,0.0037891470128670335,159.27519463701174,9.56755133648403,37.22944619518239,8.432743395445868,8,4,636740,0,0,0,1,1,2,mixed,1.0,1.0,1.0,0.0,1.0,0.0,149.32999999999257,149.32999999999257,0.0
results/value_v2/online/rigid_connector_module_20042_0_no_vision_first_verified/decision.json,online,rigid_connector_module,20042,0,no_vision,8170b408cb7562fb96d83bfeb957d3a0e69f93f83d38d85b65f22eca15190b1e,f247709daba293143fc972a5b2cbb1349c1090024065905f5642476e7e02f0ea,5ce7826991435c6a2e942eeaa56846ca04ff5c6b7570bcc3564f0e6aa3083db3,first_verified,16,4,8,2,0.5,False,1.0,2,156410,42.451993069960736,156.41000000002637,1.030597698991187,0.229178357985802,0.0,43.48259076895192,83.15499070286751,0.030162177165038884,2.032641804893501,0.0,0.0,0.0,0.3060486849863082,5.149049684405327e-07,0.0009351079352200031,39.65299974603113,2.474229820072651,39.672399933915585,2.2666257600067183,2,1,156050,0,0,0,0,1,2,mixed,1.0,1.0,1.0,0.0,1.0,0.0,149.32999999999257,155.75000000002322,6.4200000000306545
results/value_v2/online/rigid_connector_module_20042_0_prior_best_within_budget/decision.json,online,rigid_connector_module,20042,0,prior,eca9874d7bd879d99918d1e3aba0ad38b2743e6966cd2f85141d175732f5d7cc,f247709daba293143fc972a5b2cbb1349c1090024065905f5642476e7e02f0ea,5ce7826991435c6a2e942eeaa56846ca04ff5c6b7570bcc3564f0e6aa3083db3,best_within_budget,16,4,8,2,0.5,False,1.0,2,150640,156.64847518701572,150.63999999999882,1.0337774070212618,0.08948199695441872,0.0,157.68225259403698,194.67775192006957,0.030541875399649143,2.015160310664214,0.7268318560672924,0.0,0.0,0.022503047017380595,0.006637796992436051,0.0037208808353170753,153.36897430487443,9.739295525243506,36.995499326032586,8.77418885845691,8,4,621120,0,0,0,1,1,2,mixed,1.0,1.0,1.0,0.0,1.0,0.0,149.32999999999257,149.40999999999295,0.08000000000038199
results/value_v2/online/rigid_connector_module_20042_0_prior_first_verified/decision.json,online,rigid_connector_module,20042,0,prior,eca9874d7bd879d99918d1e3aba0ad38b2743e6966cd2f85141d175732f5d7cc,f247709daba293143fc972a5b2cbb1349c1090024065905f5642476e7e02f0ea,5ce7826991435c6a2e942eeaa56846ca04ff5c6b7570bcc3564f0e6aa3083db3,first_verified,16,4,8,2,0.5,False,1.0,2,155020,41.97988016298041,155.02000000001973,1.1575885489583015,0.08948199695441872,0.0,43.13746871193871,81.78324909694493,0.03358335804659873,2.1306450159754604,0.7576260999776423,0.0,0.0,0.006924824905581772,0.00634274201001972,0.0010051520075649023,38.60686867299955,2.4755652705207467,38.64578038500622,2.2699288537260145,2,1,154990,0,0,0,0,1,2,mixed,1.0,1.0,1.0,0.0,1.0,0.0,149.32999999999257,155.50000000002203,6.170000000029461
results/value_v2/online/rigid_connector_module_20042_0_random_best_within_budget/decision.json,online,rigid_connector_module,20042,0,random,,f247709daba293143fc972a5b2cbb1349c1090024065905f5642476e7e02f0ea,5ce7826991435c6a2e942eeaa56846ca04ff5c6b7570bcc3564f0e6aa3083db3,best_within_budget,16,4,8,2,0.5,False,1.0,2,150640,164.6562305140542,150.63999999999882,1.0408921299967915,0.0,0.0,165.69712264405098,203.07926833594684,0.030849872156977654,2.0708416898269206,0.0,0.0,0.0,0.0,0.0,0.0038491329178214073,161.96709319995716,9.844510197406635,37.38214569189586,8.713723604334518,8,4,643880,0,0,0,1,1,2,mixed,1.0,1.0,1.0,0.0,1.0,0.0,149.32999999999257,149.40999999999295,0.08000000000038199
results/value_v2/online/rigid_connector_module_20042_0_random_first_verified/decision.json,online,rigid_connector_module,20042,0,random,,f247709daba293143fc972a5b2cbb1349c1090024065905f5642476e7e02f0ea,5ce7826991435c6a2e942eeaa56846ca04ff5c6b7570bcc3564f0e6aa3083db3,first_verified,16,4,8,2,0.5,False,1.0,2,155020,40.880639055976644,155.02000000001973,1.036451421910897,0.0,0.0,41.91709047788754,80.24145186692476,0.030143879004754126,2.0440709450049326,0.0,0.0,0.0,0.0,0.0,0.0009201541543006897,38.365623987978324,2.459187615895644,38.32436138903722,2.261027443804778,2,1,154990,0,0,0,0,1,2,mixed,1.0,1.0,1.0,0.0,1.0,0.0,149.32999999999257,155.50000000002203,6.170000000029461
results/value_v2/online/rigid_connector_module_20042_0_residual_best_within_budget/decision.json,online,rigid_connector_module,20042,0,residual,13a5cdb2570c123cf90d8f88048eda8e1624b05d9545a530f1144eb77ab03074,f247709daba293143fc972a5b2cbb1349c1090024065905f5642476e7e02f0ea,5ce7826991435c6a2e942eeaa56846ca04ff5c6b7570bcc3564f0e6aa3083db3,best_within_budget,16,4,8,2,0.5,False,1.0,2,149320,157.95350719999988,149.31999999999252,1.0286327820504084,0.0073487990302965045,0.0,158.98213998205028,196.49676964920945,0.03026589471846819,2.007585371262394,0.7266153350938112,0.0,0.0,0.023067697999067605,0.006559869972988963,0.0038147728191688657,154.68645902129356,9.061643494991586,37.51462966715917,8.098335530841723,8,4,616090,0,0,0,1,1,2,mixed,1.0,1.0,1.0,0.0,1.0,0.0,149.32999999999257,149.32999999999257,0.0
results/value_v2/online/rigid_connector_module_20042_0_residual_first_verified/decision.json,online,rigid_connector_module,20042,0,residual,13a5cdb2570c123cf90d8f88048eda8e1624b05d9545a530f1144eb77ab03074,f247709daba293143fc972a5b2cbb1349c1090024065905f5642476e7e02f0ea,5ce7826991435c6a2e942eeaa56846ca04ff5c6b7570bcc3564f0e6aa3083db3,first_verified,16,4,8,2,0.5,False,1.0,2,150060,40.784746236982755,150.05999999999605,1.0436175789218396,0.0073487990302965045,0.0,41.828363815904595,79.47017569898162,0.03056291292887181,2.0758027019910514,0.737263198941946,0.0,0.0,0.0231227659387514,0.00644975493196398,0.0008879950037226081,37.39148555090651,2.0929943021619692,37.641811883077025,1.8923182631842792,2,1,150120,0,0,0,0,1,2,mixed,1.0,1.0,1.0,0.0,1.0,0.0,149.32999999999257,150.0699999999961,0.7400000000035334
results/value_v2/online/rigid_connector_module_20042_0_v1_fixed_best_within_budget/decision.json,online,rigid_connector_module,20042,0,v1_fixed,75dedd09a16fd9cdf163955aa2908b9bd5b6586a12be3ca28fd5fb5d1a9ad489,f247709daba293143fc972a5b2cbb1349c1090024065905f5642476e7e02f0ea,5ce7826991435c6a2e942eeaa56846ca04ff5c6b7570bcc3564f0e6aa3083db3,best_within_budget,16,4,8,2,0.5,False,1.0,2,160320,169.6743801329285,160.32000000004504,1.0291169349802658,0.07570579892490059,1.1407006930094212,170.70349706790876,210.16663921088912,0.03241275274194777,2.0446613893145695,0.0,0.2018527309410274,0.029153013019822538,0.3183235669275746,4.189787432551384e-07,0.0038683731108903885,166.5584174488904,10.63380326575134,39.46314214298036,9.165410810615867,8,4,659520,0,0,0,1,1,2,mixed,1.0,1.0,1.0,0.0,1.0,0.0,149.32999999999257,160.38000000004533,11.050000000052762
results/value_v2/online/rigid_connector_module_20042_0_v1_fixed_first_verified/decision.json,online,rigid_connector_module,20042,0,v1_fixed,75dedd09a16fd9cdf163955aa2908b9bd5b6586a12be3ca28fd5fb5d1a9ad489,f247709daba293143fc972a5b2cbb1349c1090024065905f5642476e7e02f0ea,5ce7826991435c6a2e942eeaa56846ca04ff5c6b7570bcc3564f0e6aa3083db3,first_verified,16,4,8,2,0.5,False,1.0,2,160490,43.7391181809362,160.49000000004585,1.0369411919964477,0.07570579892490059,1.1407006930094212,44.77605937293265,85.35122207493987,0.030409361934289336,2.0295039920601994,0.0,0.2858276420738548,0.07148418296128511,0.31668919906951487,5.660112947225571e-07,0.0009835540549829602,40.47850735485554,2.805028997012414,40.57516270200722,2.439393403939903,2,1,160620,0,0,0,0,1,2,mixed,1.0,1.0,1.0,0.0,1.0,0.0,149.32999999999257,160.62000000004647,11.290000000053908
results/value_v2/online/rigid_connector_module_20042_0_vision_best_within_budget/decision.json,online,rigid_connector_module,20042,0,vision,ca04eeb22ab518ae361eb5b92612be3086321c603b241d93a13aeac5d6624ef2,f247709daba293143fc972a5b2cbb1349c1090024065905f5642476e7e02f0ea,5ce7826991435c6a2e942eeaa56846ca04ff5c6b7570bcc3564f0e6aa3083db3,best_within_budget,16,4,8,2,0.5,False,1.0,2,155620,162.41658898396417,155.6200000000226,1.0338337610010058,0.06246751605067402,1.1407006930094212,163.45042274496518,202.6982790400507,0.140711170155555,2.0742500068154186,0.0,0.19526977103669196,0.025576208950951695,0.3115365360863507,7.270136848092079e-07,0.0038186231395229697,159.18569477112032,9.407771158847027,39.24785629508551,8.46789850271307,8,4,638800,0,0,0,1,1,2,mixed,1.0,1.0,1.0,0.0,1.0,0.0,149.32999999999257,155.6000000000225,6.270000000029938
results/value_v2/online/rigid_connector_module_20042_0_vision_first_verified/decision.json,online,rigid_connector_module,20042,0,vision,ca04eeb22ab518ae361eb5b92612be3086321c603b241d93a13aeac5d6624ef2,f247709daba293143fc972a5b2cbb1349c1090024065905f5642476e7e02f0ea,5ce7826991435c6a2e942eeaa56846ca04ff5c6b7570bcc3564f0e6aa3083db3,first_verified,16,4,8,2,0.5,False,1.0,2,155730,41.66158033895772,155.73000000002313,1.0381473749876022,0.06246751605067402,1.1407006930094212,42.69972771394532,81.2347917468287,0.03096912265755236,2.0531944673275575,0.0,0.20382630499079823,0.025177740957587957,0.31247193191666156,4.5902561396360397e-07,0.0009139629546552896,38.5129061130574,2.1117998000700027,38.53506403288338,1.9224415442440659,2,1,155810,0,0,0,0,1,2,mixed,1.0,1.0,1.0,0.0,1.0,0.0,149.32999999999257,155.73000000002313,6.400000000030559
results/value_v2/online/rigid_connector_module_20042_exhaustive/decision.json,online,rigid_connector_module,20042,0,exhaustive,,f247709daba293143fc972a5b2cbb1349c1090024065905f5642476e7e02f0ea,5ce7826991435c6a2e942eeaa56846ca04ff5c6b7570bcc3564f0e6aa3083db3,best_within_budget,16,16,32,2,0.5,False,1.0,2,149320,652.7514363300288,149.31999999999252,1.0313866939395666,0.0,0.0,653.7828230239684,691.0725105180172,0.030754304956644773,2.0586864879587665,0.7500525240320712,0.0,0.0,0.0,0.0,0.01611248659901321,649.0486221548636,38.95159951469395,37.28968749404885,34.51754468167201,32,16,2544180,0,0,0,1,1,2,mixed,1.0,1.0,1.0,0.0,1.0,0.0,149.32999999999257,149.32999999999257,0.0
results/value_v2/online/sliding_stage_pin_21040_0_geometry_best_within_budget/decision.json,online,sliding_stage_pin,21040,0,geometry,,f247709daba293143fc972a5b2cbb1349c1090024065905f5642476e7e02f0ea,0fcb1793f65a42241be6ff489528053689ce9eae124564e129baec9d74e5e43e,best_within_budget,16,4,8,2,0.5,False,1.0,2,43030,22.332639588974416,43.03000000000858,0.9743607640266418,0.0,0.0,23.307000353001058,28.616646421025507,0.01352539798244834,0.6589133290108293,0.14301032992079854,0.0,0.0,0.0,0.0,0.0026683008763939142,21.3780993798282,1.3035295547451824,5.309646068024449,0.5939310190733522,8,4,169320,0,0,0,1,1,2,mixed,1.0,1.0,1.0,0.0,1.0,0.0,43.03000000000858,43.03000000000858,0.0
results/value_v2/online/sliding_stage_pin_21040_0_geometry_first_verified/decision.json,online,sliding_stage_pin,21040,0,geometry,,f247709daba293143fc972a5b2cbb1349c1090024065905f5642476e7e02f0ea,0fcb1793f65a42241be6ff489528053689ce9eae124564e129baec9d74e5e43e,first_verified,16,4,8,2,0.5,False,1.0,2,43030,6.33814154798165,43.03000000000858,0.9740905789658427,0.0,0.0,7.312232126947492,12.667961269035004,0.01366390602197498,0.6699185000034049,0.14621400402393192,0.0,0.0,0.0,0.0,0.0007470579585060477,5.3843348869122565,0.32567748392466456,5.355729142087512,0.1479162828763947,2,1,43040,0,0,0,0,1,2,mixed,1.0,1.0,1.0,0.0,1.0,0.0,43.03000000000858,43.03000000000858,0.0
results/value_v2/online/sliding_stage_pin_21040_0_mlp_best_within_budget/decision.json,online,sliding_stage_pin,21040,0,mlp,2d1b73af8d31e70aad10de1dc7c6d493aca154509addb13409d433b8216f8459,f247709daba293143fc972a5b2cbb1349c1090024065905f5642476e7e02f0ea,0fcb1793f65a42241be6ff489528053689ce9eae124564e129baec9d74e5e43e,best_within_budget,16,4,8,2,0.5,False,1.0,2,43030,23.350814737030305,43.03000000000858,0.9579496920341626,0.013592290924862027,0.0,24.308764429064468,29.74335907015484,0.013619128032587469,0.6672101139556617,0.1476101049920544,0.0,0.0,0.0021232489962130785,0.0023952251067385077,0.0026865839026868343,22.380135032115504,1.3817858003312722,5.434594641090371,0.6584888711804524,8,4,175130,0,0,0,1,1,2,mixed,1.0,1.0,1.0,0.0,1.0,0.0,43.03000000000858,43.03000000000858,0.0
results/value_v2/online/sliding_stage_pin_21040_0_mlp_first_verified/decision.json,online,sliding_stage_pin,21040,0,mlp,2d1b73af8d31e70aad10de1dc7c6d493aca154509addb13409d433b8216f8459,f247709daba293143fc972a5b2cbb1349c1090024065905f5642476e7e02f0ea,0fcb1793f65a42241be6ff489528053689ce9eae124564e129baec9d74e5e43e,first_verified,16,4,8,2,0.5,False,1.0,2,43120,6.350677981041372,43.12000000000869,0.9927088579861447,0.013592290924862027,0.0,7.3433868390275165,12.710186265059747,0.014070611097849905,0.6730384438997135,0.14510467101354152,0.0,0.0,0.005578601034358144,0.002429567975923419,0.0008384878747165203,5.382405340089463,0.35874461114872247,5.36679942603223,0.1783309009624645,2,1,43130,0,0,0,0,1,2,mixed,1.0,1.0,1.0,0.0,1.0,0.0,43.03000000000858,43.12000000000869,0.09000000000010999
results/value_v2/online/sliding_stage_pin_21040_0_no_vision_best_within_budget/decision.json,online,sliding_stage_pin,21040,0,no_vision,8170b408cb7562fb96d83bfeb957d3a0e69f93f83d38d85b65f22eca15190b1e,f247709daba293143fc972a5b2cbb1349c1090024065905f5642476e7e02f0ea,0fcb1793f65a42241be6ff489528053689ce9eae124564e129baec9d74e5e43e,best_within_budget,16,4,8,2,0.5,False,0.0,0,0,20.493187290034257,,0.980303265969269,0.23103741894010454,0.0,21.473490556003526,21.473490556003526,0.013625236228108406,0.6793198498198763,0.0,0.0,0.0,0.13876243401318789,5.640322342514992e-07,0.0030640168115496635,19.505701637244783,0.9844487056834623,0,0.5901649318402633,8,4,153040,0,0,1,1,0,2,mixed,1.0,0.0,0.0,1.0,0.0,1.0,43.03000000000858,,
results/value_v2/online/sliding_stage_pin_21040_0_no_vision_first_verified/decision.json,online,sliding_stage_pin,21040,0,no_vision,8170b408cb7562fb96d83bfeb957d3a0e69f93f83d38d85b65f22eca15190b1e,f247709daba293143fc972a5b2cbb1349c1090024065905f5642476e7e02f0ea,0fcb1793f65a42241be6ff489528053689ce9eae124564e129baec9d74e5e43e,first_verified,16,4,8,2,0.5,False,0.0,0,0,20.952079121023417,,0.983015721081756,0.23103741894010454,0.0,21.935094842105173,21.935094842105173,0.013710530824027956,0.6903237152146176,0.0,0.0,0.0,0.1148544189054519,6.200280040502548e-07,0.0030491900397464633,19.836546656792052,1.0050238508265465,0,0.6053499447880313,8,4,153040,0,0,1,1,0,2,mixed,1.0,0.0,0.0,1.0,0.0,1.0,43.03000000000858,,
results/value_v2/online/sliding_stage_pin_21040_0_prior_best_within_budget/decision.json,online,sliding_stage_pin,21040,0,prior,eca9874d7bd879d99918d1e3aba0ad38b2743e6966cd2f85141d175732f5d7cc,f247709daba293143fc972a5b2cbb1349c1090024065905f5642476e7e02f0ea,0fcb1793f65a42241be6ff489528053689ce9eae124564e129baec9d74e5e43e,best_within_budget,16,4,8,2,0.5,False,1.0,2,43030,22.740283915074542,43.03000000000858,0.9687805119901896,0.10324557195417583,0.0,23.70906442706473,29.046391246840358,0.014108019880950451,0.665189451072365,0.1434014360420406,0.0,0.0,0.0037947288947179914,0.0023488140432164073,0.00270756590180099,21.77477025706321,1.3953476069727913,5.337326819775626,0.6849997111130506,8,4,172390,0,0,0,1,1,2,mixed,1.0,1.0,1.0,0.0,1.0,0.0,43.03000000000858,43.03000000000858,0.0
results/value_v2/online/sliding_stage_pin_21040_0_prior_first_verified/decision.json,online,sliding_stage_pin,21040,0,prior,eca9874d7bd879d99918d1e3aba0ad38b2743e6966cd2f85141d175732f5d7cc,f247709daba293143fc972a5b2cbb1349c1090024065905f5642476e7e02f0ea,0fcb1793f65a42241be6ff489528053689ce9eae124564e129baec9d74e5e43e,first_verified,16,4,8,2,0.5,False,1.0,2,45760,7.44189334299881,45.760000000011914,1.0052172330906615,0.10324557195417583,0.0,8.447110576089472,14.563480011187494,0.016852802014909685,0.7139009130187333,0.16771867300849408,0.0,0.0,0.007637538947165012,0.0027230289997532964,0.0009032818488776684,6.39440093410667,0.40251568413805217,6.116369435098022,0.19243634399026632,2,1,45780,0,0,0,0,1,2,mixed,1.0,1.0,1.0,0.0,1.0,0.0,43.03000000000858,45.78000000001194,2.750000000003361
results/value_v2/online/sliding_stage_pin_21040_0_random_best_within_budget/decision.json,online,sliding_stage_pin,21040,0,random,,f247709daba293143fc972a5b2cbb1349c1090024065905f5642476e7e02f0ea,0fcb1793f65a42241be6ff489528053689ce9eae124564e129baec9d74e5e43e,best_within_budget,16,4,8,2,0.5,False,0.0,0,0,21.287193899974227,,0.9736885629827157,0.0,0.0,22.260882462956943,22.260882462956943,0.013648879830725491,0.6643607350997627,0.0,0.0,0.0,0.0,0.0,0.0026556520024314523,20.47302701510489,1.1960882009007037,0,0.6466412189183757,8,4,160020,0,0,1,1,0,2,mixed,1.0,0.0,0.0,1.0,0.0,1.0,43.03000000000858,,
results/value_v2/online/sliding_stage_pin_21040_0_random_first_verified/decision.json,online,sliding_stage_pin,21040,0,random,,f247709daba293143fc972a5b2cbb1349c1090024065905f5642476e7e02f0ea,0fcb1793f65a42241be6ff489528053689ce9eae124564e129baec9d74e5e43e,first_verified,16,4,8,2,0.5,False,0.0,0,0,21.715481235994957,,0.9773876429535449,0.0,0.0,22.692868878948502,22.692868878948502,0.015440774150192738,0.664156338898465,0.0,0.0,0.0,0.0,0.0,0.002820794121362269,20.9012167470064,1.238942661206238,0,0.6772647280013189,8,4,160020,0,0,1,1,0,2,mixed,1.0,0.0,0.0,1.0,0.0,1.0,43.03000000000858,,
results/value_v2/online/sliding_stage_pin_21040_0_residual_best_within_budget/decision.json,online,sliding_stage_pin,21040,0,residual,13a5cdb2570c123cf90d8f88048eda8e1624b05d9545a530f1144eb77ab03074,f247709daba293143fc972a5b2cbb1349c1090024065905f5642476e7e02f0ea,0fcb1793f65a42241be6ff489528053689ce9eae124564e129baec9d74e5e43e,best_within_budget,16,4,8,2,0.5,False,1.0,2,43030,22.957182608079165,43.03000000000858,0.9729945899453014,0.00616793695371598,0.0,23.930177198024467,29.26191875396762,0.013400387018918991,0.6584449890069664,0.1459343939786777,0.0,0.0,0.0022668789606541395,0.002359924023039639,0.002734879031777382,21.99392715806607,1.3826719644712284,5.331741555943154,0.6610573998186737,8,4,175130,0,0,0,1,1,2,mixed,1.0,1.0,1.0,0.0,1.0,0.0,43.03000000000858,43.03000000000858,0.0
results/value_v2/online/sliding_stage_pin_21040_0_residual_first_verified/decision.json,online,sliding_stage_pin,21040,0,residual,13a5cdb2570c123cf90d8f88048eda8e1624b05d9545a530f1144eb77ab03074,f247709daba293143fc972a5b2cbb1349c1090024065905f5642476e7e02f0ea,0fcb1793f65a42241be6ff489528053689ce9eae124564e129baec9d74e5e43e,first_verified,16,4,8,2,0.5,False,1.0,2,43120,6.510978488018736,43.12000000000869,0.9631962530547753,0.00616793695371598,0.0,7.4741747410735115,13.033419710001908,0.013513713027350605,0.6653186569456011,0.14525960991159081,0.0,0.0,0.004544963012449443,0.002385040046647191,0.0006852800725027919,5.558304914855398,0.36682408419437706,5.559244968928397,0.181859428063035,2,1,43130,0,0,0,0,1,2,mixed,1.0,1.0,1.0,0.0,1.0,0.0,43.03000000000858,43.12000000000869,0.09000000000010999
results/value_v2/online/sliding_stage_pin_21040_0_v1_fixed_best_within_budget/decision.json,online,sliding_stage_pin,21040,0,v1_fixed,75dedd09a16fd9cdf163955aa2908b9bd5b6586a12be3ca28fd5fb5d1a9ad489,f247709daba293143fc972a5b2cbb1349c1090024065905f5642476e7e02f0ea,0fcb1793f65a42241be6ff489528053689ce9eae124564e129baec9d74e5e43e,best_within_budget,16,4,8,2,0.5,False,1.0,2,45760,22.713390751974657,45.760000000011914,0.9739674639422446,0.07082067593000829,1.1368543099379167,23.687358215916902,29.545344809885137,0.013391993823461235,0.6562589171808213,0.0,0.1935996760148555,0.01565138006117195,0.11967720102984458,5.25033101439476e-07,0.0026798167964443564,21.576901260996237,1.3807241702452302,5.857986593968235,0.6658563099335879,8,4,169320,0,0,0,1,1,2,mixed,1.0,1.0,1.0,0.0,1.0,0.0,43.03000000000858,45.78000000001194,2.750000000003361
results/value_v2/online/sliding_stage_pin_21040_0_v1_fixed_first_verified/decision.json,online,sliding_stage_pin,21040,0,v1_fixed,75dedd09a16fd9cdf163955aa2908b9bd5b6586a12be3ca28fd5fb5d1a9ad489,f247709daba293143fc972a5b2cbb1349c1090024065905f5642476e7e02f0ea,0fcb1793f65a42241be6ff489528053689ce9eae124564e129baec9d74e5e43e,first_verified,16,4,8,2,0.5,False,1.0,2,45760,7.273314110003412,45.760000000011914,0.9889323429670185,0.07082067593000829,1.1368543099379167,8.26224645297043,14.352539714891464,0.014250987791456282,0.6983080361969769,0.0,0.2008750430541113,0.01547608699183911,0.11753229901660234,3.8102734833955765e-07,0.0006946009816601872,6.10015169007238,0.3780373021727428,6.090293261921033,0.18744296103250235,2,1,45780,0,0,0,0,1,2,mixed,1.0,1.0,1.0,0.0,1.0,0.0,43.03000000000858,45.78000000001194,2.750000000003361
results/value_v2/online/sliding_stage_pin_21040_0_vision_best_within_budget/decision.json,online,sliding_stage_pin,21040,0,vision,ca04eeb22ab518ae361eb5b92612be3086321c603b241d93a13aeac5d6624ef2,f247709daba293143fc972a5b2cbb1349c1090024065905f5642476e7e02f0ea,0fcb1793f65a42241be6ff489528053689ce9eae124564e129baec9d74e5e43e,best_within_budget,16,4,8,2,0.5,False,0.0,0,0,20.702515098964795,,0.977614734089002,0.053561853943392634,1.1368543099379167,21.680129833053797,21.680129833053797,0.013435669941827655,0.6619440630311146,0.0,0.1965996769722551,0.01797290495596826,0.11351980292238295,6.16069883108139e-07,0.0027227659011259675,19.56184834893793,0.9819717989303172,0,0.5925254240864888,8,4,153040,0,0,1,1,0,2,mixed,1.0,0.0,0.0,1.0,0.0,1.0,43.03000000000858,,
results/value_v2/online/sliding_stage_pin_21040_0_vision_first_verified/decision.json,online,sliding_stage_pin,21040,0,vision,ca04eeb22ab518ae361eb5b92612be3086321c603b241d93a13aeac5d6624ef2,f247709daba293143fc972a5b2cbb1349c1090024065905f5642476e7e02f0ea,0fcb1793f65a42241be6ff489528053689ce9eae124564e129baec9d74e5e43e,first_verified,16,4,8,2,0.5,False,0.0,0,0,20.97119118599221,,0.9645290139596909,0.053561853943392634,1.1368543099379167,21.935720199951902,21.935720199951902,0.013255115947686136,0.6711180930724367,0.0,0.2938382589491084,0.06813364196568727,0.11526131303980947,4.520406946539879e-07,0.003028601873666048,19.671637301915325,0.9956321988720447,0,0.5923677110113204,8,4,153040,0,0,1,1,0,2,mixed,1.0,0.0,0.0,1.0,0.0,1.0,43.03000000000858,,
results/value_v2/online/sliding_stage_pin_21040_exhaustive/decision.json,online,sliding_stage_pin,21040,0,exhaustive,,f247709daba293143fc972a5b2cbb1349c1090024065905f5642476e7e02f0ea,0fcb1793f65a42241be6ff489528053689ce9eae124564e129baec9d74e5e43e,best_within_budget,16,16,32,2,0.5,False,1.0,2,43030,83.30960394500289,43.03000000000858,0.9813616150058806,0.0,0.0,84.29096556000877,89.64243976294529,0.013722827890887856,0.6585852020652965,0.1477263249689713,0.0,0.0,0.0,0.0,0.010886239586398005,82.25813493470196,4.677128689130768,5.351474202936515,2.525766215287149,32,16,642390,0,0,0,1,1,2,mixed,1.0,1.0,1.0,0.0,1.0,0.0,43.03000000000858,43.03000000000858,0.0
results/value_v2/online/sliding_stage_pin_21041_0_geometry_best_within_budget/decision.json,online,sliding_stage_pin,21041,0,geometry,,f247709daba293143fc972a5b2cbb1349c1090024065905f5642476e7e02f0ea,28ba2a478c383ad265f186eec15209a2f30a137cb2d8d05790884200c61616e0,best_within_budget,16,4,8,2,0.5,False,1.0,2,39140,21.822693941998295,39.14000000000382,0.9672476290725172,0.0,0.0,22.789941571070813,27.71631813212298,0.011974193970672786,0.6226387460483238,0.1426899100188166,0.0,0.0,0.0,0.0,0.0026630122447386384,20.908794016344473,0.9377401359379292,4.926376561052166,0.5618186549982056,8,4,162010,0,0,0,1,1,2,mixed,1.0,1.0,1.0,0.0,1.0,0.0,39.1200000000038,39.14000000000382,0.020000000000024443
results/value_v2/online/sliding_stage_pin_21041_0_geometry_first_verified/decision.json,online,sliding_stage_pin,21041,0,geometry,,f247709daba293143fc972a5b2cbb1349c1090024065905f5642476e7e02f0ea,28ba2a478c383ad265f186eec15209a2f30a137cb2d8d05790884200c61616e0,first_verified,16,4,8,2,0.5,False,1.0,2,39270,5.836648504016921,39.27000000000398,0.9693903969600797,0.0,0.0,6.806038900977001,11.707553598913364,0.012067614123225212,0.6226618499495089,0.1434047359507531,0.0,0.0,0.0,0.0,0.0006908191135153174,4.935236853081733,0.2392706060782075,4.9015146979363635,0.14611562388017774,2,1,39300,0,0,0,0,1,2,mixed,1.0,1.0,1.0,0.0,1.0,0.0,39.1200000000038,39.280000000003994,0.16000000000019554
results/value_v2/online/sliding_stage_pin_21041_0_mlp_best_within_budget/decision.json,online,sliding_stage_pin,21041,0,mlp,2d1b73af8d31e70aad10de1dc7c6d493aca154509addb13409d433b8216f8459,f247709daba293143fc972a5b2cbb1349c1090024065905f5642476e7e02f0ea,28ba2a478c383ad265f186eec15209a2f30a137cb2d8d05790884200c61616e0,best_within_budget,16,4,8,2,0.5,False,1.0,2,39120,20.80035160400439,39.1200000000038,0.9806467830203474,0.010406318120658398,0.0,21.780998387024738,26.92805079917889,0.013030432863160968,0.6235962972277775,0.15032427990809083,0.0,0.0,0.002382746897637844,0.002426902996376157,0.0026159718399867415,19.866926672053523,0.9717069034231827,5.147052412154153,0.6095851020654663,8,4,156860,0,0,0,1,1,2,mixed,1.0,1.0,1.0,0.0,1.0,0.0,39.1200000000038,39.1200000000038,0.0
results/value_v2/online/sliding_stage_pin_21041_0_mlp_first_verified/decision.json,online,sliding_stage_pin,21041,0,mlp,2d1b73af8d31e70aad10de1dc7c6d493aca154509addb13409d433b8216f8459,f247709daba293143fc972a5b2cbb1349c1090024065905f5642476e7e02f0ea,28ba2a478c383ad265f186eec15209a2f30a137cb2d8d05790884200c61616e0,first_verified,16,4,8,2,0.5,False,1.0,2,39270,5.859897005953826,39.27000000000398,0.9722919589839876,0.010406318120658398,0.0,6.832188964937814,11.765472060884349,0.011483915615826845,0.6239896083716303,0.14321985002607107,0.0,0.0,0.0041698639979586005,0.0023566639283671975,0.0006996460724622011,4.952949434053153,0.22986068308819085,4.9332830959465355,0.13984374701976776,2,1,39300,0,0,0,0,1,2,mixed,1.0,1.0,1.0,0.0,1.0,0.0,39.1200000000038,39.280000000003994,0.16000000000019554
results/value_v2/online/sliding_stage_pin_21041_0_no_vision_best_within_budget/decision.json,online,sliding_stage_pin,21041,0,no_vision,8170b408cb7562fb96d83bfeb957d3a0e69f93f83d38d85b65f22eca15190b1e,f247709daba293143fc972a5b2cbb1349c1090024065905f5642476e7e02f0ea,28ba2a478c383ad265f186eec15209a2f30a137cb2d8d05790884200c61616e0,best_within_budget,16,4,8,2,0.5,False,1.0,2,39120,21.161863254965283,39.1200000000038,0.9760385230183601,0.22781375795602798,0.0,22.137901777983643,27.06052040308714,0.011526878224685788,0.6471725767478347,0.0,0.0,0.0,0.11553167796228081,5.84055669605732e-07,0.0029411077266559005,20.12242607108783,0.9974806542741135,4.922618625103496,0.6266581499949098,8,4,156860,0,0,0,1,1,2,mixed,1.0,1.0,1.0,0.0,1.0,0.0,39.1200000000038,39.1200000000038,0.0
results/value_v2/online/sliding_stage_pin_21041_0_no_vision_first_verified/decision.json,online,sliding_stage_pin,21041,0,no_vision,8170b408cb7562fb96d83bfeb957d3a0e69f93f83d38d85b65f22eca15190b1e,f247709daba293143fc972a5b2cbb1349c1090024065905f5642476e7e02f0ea,28ba2a478c383ad265f186eec15209a2f30a137cb2d8d05790884200c61616e0,first_verified,16,4,8,2,0.5,False,1.0,2,39250,5.976088355993852,39.25000000000396,0.9734887589002028,0.22781375795602798,0.0,6.949577114894055,11.940470106899738,0.011390130035579205,0.6395390109391883,0.0,0.0,0.0,0.12366229307372123,4.920875653624535e-07,0.000764491967856884,5.077876316034235,0.26555850810837,4.9908929920056835,0.17185373115353286,2,1,39280,0,0,0,0,1,2,mixed,1.0,1.0,1.0,0.0,1.0,0.0,39.1200000000038,39.27000000000398,0.15000000000018332
results/value_v2/online/sliding_stage_pin_21041_0_prior_best_within_budget/decision.json,online,sliding_stage_pin,21041,0,prior,eca9874d7bd879d99918d1e3aba0ad38b2743e6966cd2f85141d175732f5d7cc,f247709daba293143fc972a5b2cbb1349c1090024065905f5642476e7e02f0ea,28ba2a478c383ad265f186eec15209a2f30a137cb2d8d05790884200c61616e0,best_within_budget,16,4,8,2,0.5,False,1.0,2,39120,21.3703996919794,39.1200000000038,0.971274220966734,0.062055037007667124,0.0,22.341673912946135,27.306602320051752,0.011995114269666374,0.6310489167226478,0.14270699897315353,0.0,0.0,0.003637781017459929,0.002413894049823284,0.0026054182089865208,20.43863735208288,1.0413928151829168,4.964928407105617,0.676814649021253,8,4,159490,0,0,0,1,1,2,mixed,1.0,1.0,1.0,0.0,1.0,0.0,39.1200000000038,39.1200000000038,0.0
results/value_v2/online/sliding_stage_pin_21041_0_prior_first_verified/decision.json,online,sliding_stage_pin,21041,0,prior,eca9874d7bd879d99918d1e3aba0ad38b2743e6966cd2f85141d175732f5d7cc,f247709daba293143fc972a5b2cbb1349c1090024065905f5642476e7e02f0ea,28ba2a478c383ad265f186eec15209a2f30a137cb2d8d05790884200c61616e0,first_verified,16,4,8,2,0.5,False,1.0,2,41780,6.389339074026793,41.78000000000705,0.9777587789576501,0.062055037007667124,0.0,7.367097852984443,12.804677266045474,0.01155417098198086,0.6202602210687473,0.14256499300245196,0.0,0.0,0.003955920925363898,0.0024244380183517933,0.0007309990469366312,5.481329901958816,0.2562763968016952,5.43757941306103,0.16506595897953957,2,1,41780,0,0,0,0,1,2,mixed,1.0,1.0,1.0,0.0,1.0,0.0,39.1200000000038,41.78000000000705,2.660000000003251
results/value_v2/online/sliding_stage_pin_21041_0_random_best_within_budget/decision.json,online,sliding_stage_pin,21041,0,random,,f247709daba293143fc972a5b2cbb1349c1090024065905f5642476e7e02f0ea,28ba2a478c383ad265f186eec15209a2f30a137cb2d8d05790884200c61616e0,best_within_budget,16,4,8,2,0.5,False,1.0,2,39120,21.401440294925123,39.1200000000038,0.9751591240055859,0.0,0.0,22.37659941893071,27.297162567963824,0.011741718975827098,0.6384100499562919,0.0,0.0,0.0,0.0,0.0,0.002747302991338074,20.615239930106327,1.1608895005192608,4.920563149033114,0.6468315501697361,8,4,164050,0,0,0,1,1,2,mixed,1.0,1.0,1.0,0.0,1.0,0.0,39.1200000000038,39.1200000000038,0.0
results/value_v2/online/sliding_stage_pin_21041_0_random_first_verified/decision.json,online,sliding_stage_pin,21041,0,random,,f247709daba293143fc972a5b2cbb1349c1090024065905f5642476e7e02f0ea,28ba2a478c383ad265f186eec15209a2f30a137cb2d8d05790884200c61616e0,first_verified,16,4,8,2,0.5,False,1.0,2,41780,12.139287039055489,41.78000000000705,0.9795129509875551,0.0,0.0,13.118799990043044,18.74885185994208,0.011805724119767547,0.6496550929732621,0.0,0.0,0.0,0.0,0.0,0.001518488978035748,11.337080391007476,0.6096685318043455,5.6300518698990345,0.3321409849449992,4,2,84700,0,0,0,0,1,2,mixed,1.0,1.0,1.0,0.0,1.0,0.0,39.1200000000038,41.78000000000705,2.660000000003251
results/value_v2/online/sliding_stage_pin_21041_0_residual_best_within_budget/decision.json,online,sliding_stage_pin,21041,0,residual,13a5cdb2570c123cf90d8f88048eda8e1624b05d9545a530f1144eb77ab03074,f247709daba293143fc972a5b2cbb1349c1090024065905f5642476e7e02f0ea,28ba2a478c383ad265f186eec15209a2f30a137cb2d8d05790884200c61616e0,best_within_budget,16,4,8,2,0.5,False,1.0,2,39120,21.341086414060555,39.1200000000038,0.975043740007095,0.005861683981493115,0.0,22.31613015406765,27.37413675803691,0.011767972027882934,0.6563388099893928,0.14776231697760522,0.0,0.0,0.0040155500173568726,0.0030494009843096137,0.002723235869780183,20.380467614275403,1.0058110245736316,5.058006603969261,0.63284097018186,8,4,156860,0,0,0,1,1,2,mixed,1.0,1.0,1.0,0.0,1.0,0.0,39.1200000000038,39.1200000000038,0.0
results/value_v2/online/sliding_stage_pin_21041_0_residual_first_verified/decision.json,online,sliding_stage_pin,21041,0,residual,13a5cdb2570c123cf90d8f88048eda8e1624b05d9545a530f1144eb77ab03074,f247709daba293143fc972a5b2cbb1349c1090024065905f5642476e7e02f0ea,28ba2a478c383ad265f186eec15209a2f30a137cb2d8d05790884200c61616e0,first_verified,16,4,8,2,0.5,False,1.0,2,39250,6.153869254048914,39.25000000000396,0.9788380829850212,0.005861683981493115,0.0,7.132707337033935,12.290346725960262,0.012286708923056722,0.6417882440146059,0.14653798006474972,0.0,0.0,0.0020726550137624145,0.002429166925139725,0.0009772509802132845,5.223504260997288,0.27607181924395263,5.157639388926327,0.17193613608833402,2,1,39280,0,0,0,0,1,2,mixed,1.0,1.0,1.0,0.0,1.0,0.0,39.1200000000038,39.27000000000398,0.15000000000018332
results/value_v2/online/sliding_stage_pin_21041_0_v1_fixed_best_within_budget/decision.json,online,sliding_stage_pin,21041,0,v1_fixed,75dedd09a16fd9cdf163955aa2908b9bd5b6586a12be3ca28fd5fb5d1a9ad489,f247709daba293143fc972a5b2cbb1349c1090024065905f5642476e7e02f0ea,28ba2a478c383ad265f186eec15209a2f30a137cb2d8d05790884200c61616e0,best_within_budget,16,4,8,2,0.5,False,0.0,0,0,22.221158651984297,,0.970718304044567,0.05123937304597348,1.0786528289318085,23.191876956028864,23.191876956028864,0.011520380969159305,0.6546439511002973,0.0,0.19236749899573624,0.016049139900133014,0.12597856507636607,5.610054358839989e-07,0.0029113119235262275,21.077054871013388,1.3617431141901761,0,0.6641125549795106,8,4,165940,0,0,1,1,0,2,mixed,1.0,0.0,0.0,1.0,0.0,1.0,39.1200000000038,,
results/value_v2/online/sliding_stage_pin_21041_0_v1_fixed_first_verified/decision.json,online,sliding_stage_pin,21041,0,v1_fixed,75dedd09a16fd9cdf163955aa2908b9bd5b6586a12be3ca28fd5fb5d1a9ad489,f247709daba293143fc972a5b2cbb1349c1090024065905f5642476e7e02f0ea,28ba2a478c383ad265f186eec15209a2f30a137cb2d8d05790884200c61616e0,first_verified,16,4,8,2,0.5,False,0.0,0,0,21.983342331950553,,0.9760201299795881,0.05123937304597348,1.0786528289318085,22.95936246193014,22.95936246193014,0.011402121046558022,0.6230014819884673,0.0,0.19797405693680048,0.014265928068198264,0.11543523101136088,4.289904609322548e-07,0.00279800605494529,20.885707477107644,1.327611877466552,0,0.6537575500551611,8,4,165940,0,0,1,1,0,2,mixed,1.0,0.0,0.0,1.0,0.0,1.0,39.1200000000038,,
results/value_v2/online/sliding_stage_pin_21041_0_vision_best_within_budget/decision.json,online,sliding_stage_pin,21041,0,vision,ca04eeb22ab518ae361eb5b92612be3086321c603b241d93a13aeac5d6624ef2,f247709daba293143fc972a5b2cbb1349c1090024065905f5642476e7e02f0ea,28ba2a478c383ad265f186eec15209a2f30a137cb2d8d05790884200c61616e0,best_within_budget,16,4,8,2,0.5,False,1.0,2,39120,20.725536789977923,39.1200000000038,0.9666495490819216,0.07262008008547127,1.0786528289318085,21.692186339059845,26.617481583962217,0.011487863259389997,0.6229150367435068,0.0,0.19122593908105046,0.014379207976162434,0.11301460000686347,4.159519448876381e-07,0.0028506210073828697,19.633963763946667,0.9690199265023693,4.925295244902372,0.6049851931165904,8,4,156860,0,0,0,1,1,2,mixed,1.0,1.0,1.0,0.0,1.0,0.0,39.1200000000038,39.1200000000038,0.0
results/value_v2/online/sliding_stage_pin_21041_0_vision_first_verified/decision.json,online,sliding_stage_pin,21041,0,vision,ca04eeb22ab518ae361eb5b92612be3086321c603b241d93a13aeac5d6624ef2,f247709daba293143fc972a5b2cbb1349c1090024065905f5642476e7e02f0ea,28ba2a478c383ad265f186eec15209a2f30a137cb2d8d05790884200c61616e0,first_verified,16,4,8,2,0.5,False,1.0,2,39250,6.465704218950123,39.25000000000396,0.9910809790017083,0.07262008008547127,1.0786528289318085,7.456785197951831,12.68228941806592,0.013566699111834168,0.6539365509524941,0.0,0.3315747019369155,0.06304912501946092,0.11769601295236498,5.241017788648605e-07,0.0007342009339481592,5.1622505120467395,0.2691078920615837,5.2255042201140895,0.1780107110971585,2,1,39280,0,0,0,0,1,2,mixed,1.0,1.0,1.0,0.0,1.0,0.0,39.1200000000038,39.27000000000398,0.15000000000018332
results/value_v2/online/sliding_stage_pin_21041_exhaustive/decision.json,online,sliding_stage_pin,21041,0,exhaustive,,f247709daba293143fc972a5b2cbb1349c1090024065905f5642476e7e02f0ea,28ba2a478c383ad265f186eec15209a2f30a137cb2d8d05790884200c61616e0,best_within_budget,16,16,32,2,0.5,False,1.0,2,39120,85.71416045294609,39.1200000000038,0.9685947599355131,0.0,0.0,86.6827552128816,91.70801798894536,0.01184780488256365,0.6280802470864728,0.14430528890807182,0.0,0.0,0.0,0.0,0.01095546712167561,84.70187714707572,4.55716606148053,5.025262776063755,2.5253906841389835,32,16,654900,0,0,0,1,1,2,mixed,1.0,1.0,1.0,0.0,1.0,0.0,39.1200000000038,39.1200000000038,0.0
results/value_v2/online/sliding_stage_pin_21042_0_geometry_best_within_budget/decision.json,online,sliding_stage_pin,21042,0,geometry,,f247709daba293143fc972a5b2cbb1349c1090024065905f5642476e7e02f0ea,f6f97a4ee71d29f8cfc5658f3f0dcd6d16985bbe5d8cf36ad5f1e8c99f5fb72b,best_within_budget,16,4,8,2,0.5,False,1.0,2,39540,22.893011541920714,39.54000000000431,0.9826245689764619,0.0,0.0,23.875636110897176,29.020884830853902,0.010919137974269688,0.7329328750493005,0.14485178992617875,0.0,0.0,0.0,0.0,0.0027254789602011442,21.773920506238937,1.0301048178225756,5.145248719956726,0.6319898130604997,8,4,162810,0,0,0,1,1,2,mixed,1.0,1.0,1.0,0.0,1.0,0.0,39.54000000000431,39.54000000000431,0.0
results/value_v2/online/sliding_stage_pin_21042_0_geometry_first_verified/decision.json,online,sliding_stage_pin,21042,0,geometry,,f247709daba293143fc972a5b2cbb1349c1090024065905f5642476e7e02f0ea,f6f97a4ee71d29f8cfc5658f3f0dcd6d16985bbe5d8cf36ad5f1e8c99f5fb72b,first_verified,16,4,8,2,0.5,False,1.0,2,42160,6.581916538998485,42.160000000007514,0.9637083400739357,0.0,0.0,7.54562487907242,13.155199000029825,0.010411248076707125,0.7292208989383653,0.14193156303372234,0.0,0.0,0.0,0.0,0.0006649009883403778,5.5803020999301225,0.25411171291489154,5.609574120957404,0.1546448488952592,2,1,42170,0,0,0,0,1,2,mixed,1.0,1.0,1.0,0.0,1.0,0.0,39.54000000000431,42.170000000007526,2.630000000003214
results/value_v2/online/sliding_stage_pin_21042_0_mlp_best_within_budget/decision.json,online,sliding_stage_pin,21042,0,mlp,2d1b73af8d31e70aad10de1dc7c6d493aca154509addb13409d433b8216f8459,f247709daba293143fc972a5b2cbb1349c1090024065905f5642476e7e02f0ea,f6f97a4ee71d29f8cfc5658f3f0dcd6d16985bbe5d8cf36ad5f1e8c99f5fb72b,best_within_budget,16,4,8,2,0.5,False,1.0,2,39540,22.797808517934754,39.54000000000431,0.9645931710256264,0.009837731020525098,0.0,23.76240168896038,28.953291169833392,0.011260085157118738,0.725471734884195,0.1431162899825722,0.0,0.0,0.004160164971835911,0.002409936976619065,0.00269802613183856,21.770769981085323,1.1120843092212453,5.190889480873011,0.6361629031598568,8,4,167740,0,0,0,1,1,2,mixed,1.0,1.0,1.0,0.0,1.0,0.0,39.54000000000431,39.54000000000431,0.0
results/value_v2/online/sliding_stage_pin_21042_0_mlp_first_verified/decision.json,online,sliding_stage_pin,21042,0,mlp,2d1b73af8d31e70aad10de1dc7c6d493aca154509addb13409d433b8216f8459,f247709daba293143fc972a5b2cbb1349c1090024065905f5642476e7e02f0ea,f6f97a4ee71d29f8cfc5658f3f0dcd6d16985bbe5d8cf36ad5f1e8c99f5fb72b,first_verified,16,4,8,2,0.5,False,1.0,2,42130,6.485014920006506,42.13000000000748,0.9694062840426341,0.009837731020525098,0.0,7.45442120404914,12.950035064131953,0.010601386078633368,0.7213689639465883,0.14058866794221103,0.0,0.0,0.0014216949930414557,0.0024057819973677397,0.0006986878579482436,5.48370857804548,0.24825015396345407,5.495613860082813,0.14892218494787812,2,1,42140,0,0,0,0,1,2,mixed,1.0,1.0,1.0,0.0,1.0,0.0,39.54000000000431,42.120000000007465,2.580000000003153
results/value_v2/online/sliding_stage_pin_21042_0_no_vision_best_within_budget/decision.json,online,sliding_stage_pin,21042,0,no_vision,8170b408cb7562fb96d83bfeb957d3a0e69f93f83d38d85b65f22eca15190b1e,f247709daba293143fc972a5b2cbb1349c1090024065905f5642476e7e02f0ea,f6f97a4ee71d29f8cfc5658f3f0dcd6d16985bbe5d8cf36ad5f1e8c99f5fb72b,best_within_budget,16,4,8,2,0.5,False,1.0,2,40350,23.43515551800374,40.3500000000053,0.9810225870460272,0.2250068240100518,0.0,24.416178105049767,29.746784161077812,0.010911068180575967,0.738581484882161,0.0,0.0,0.0,0.12105233105830848,4.4296029955148697e-07,0.002780107781291008,22.422211225144565,1.2560759170446545,5.330606056028046,0.6823380088899285,8,4,171460,0,0,0,1,1,2,mixed,1.0,1.0,1.0,0.0,1.0,0.0,39.54000000000431,40.360000000005314,0.8200000000010021
results/value_v2/online/sliding_stage_pin_21042_0_no_vision_first_verified/decision.json,online,sliding_stage_pin,21042,0,no_vision,8170b408cb7562fb96d83bfeb957d3a0e69f93f83d38d85b65f22eca15190b1e,f247709daba293143fc972a5b2cbb1349c1090024065905f5642476e7e02f0ea,f6f97a4ee71d29f8cfc5658f3f0dcd6d16985bbe5d8cf36ad5f1e8c99f5fb72b,first_verified,16,4,8,2,0.5,False,1.0,2,42130,6.5530955940485,42.13000000000748,0.9637975939549506,0.2250068240100518,0.0,7.516893188003451,13.093944213120267,0.0112424649996683,0.7342801690101624,0.0,0.0,0.0,0.12852324498817325,4.980247467756271e-07,0.0006952820112928748,5.55684267997276,0.25607802195008844,5.577051025116816,0.1551927998661995,2,1,42140,0,0,0,0,1,2,mixed,1.0,1.0,1.0,0.0,1.0,0.0,39.54000000000431,42.120000000007465,2.580000000003153
results/value_v2/online/sliding_stage_pin_21042_0_prior_best_within_budget/decision.json,online,sliding_stage_pin,21042,0,prior,eca9874d7bd879d99918d1e3aba0ad38b2743e6966cd2f85141d175732f5d7cc,f247709daba293143fc972a5b2cbb1349c1090024065905f5642476e7e02f0ea,f6f97a4ee71d29f8cfc5658f3f0dcd6d16985bbe5d8cf36ad5f1e8c99f5fb72b,best_within_budget,16,4,8,2,0.5,False,1.0,2,40350,22.596277005039155,40.3500000000053,0.9624271239154041,0.06906134309247136,0.0,23.55870412895456,28.756585258990526,0.010961044928990304,0.7231731461361051,0.14208157907705754,0.0,0.0,0.0020125070586800575,0.0025271869963034987,0.0026993530336767435,21.575939590111375,1.3836011191597208,5.197881130035967,0.7417555069550872,8,4,166910,0,0,0,1,1,2,mixed,1.0,1.0,1.0,0.0,1.0,0.0,39.54000000000431,40.360000000005314,0.8200000000010021
results/value_v2/online/sliding_stage_pin_21042_0_prior_first_verified/decision.json,online,sliding_stage_pin,21042,0,prior,eca9874d7bd879d99918d1e3aba0ad38b2743e6966cd2f85141d175732f5d7cc,f247709daba293143fc972a5b2cbb1349c1090024065905f5642476e7e02f0ea,f6f97a4ee71d29f8cfc5658f3f0dcd6d16985bbe5d8cf36ad5f1e8c99f5fb72b,first_verified,16,4,8,2,0.5,False,1.0,2,43140,6.475306743988767,43.14000000000871,0.9826645429711789,0.06906134309247136,0.0,7.457971286959946,12.926768292905763,0.011638563126325607,0.7260209309170023,0.13979936495888978,0.0,0.0,0.0011343429796397686,0.0023729820968583226,0.0006665040273219347,5.474106985027902,0.3722613148856908,5.468797005945817,0.19140016206074506,2,1,43110,0,0,0,0,1,2,mixed,1.0,1.0,1.0,0.0,1.0,0.0,39.54000000000431,43.150000000008724,3.610000000004412
results/value_v2/online/sliding_stage_pin_21042_0_random_best_within_budget/decision.json,online,sliding_stage_pin,21042,0,random,,f247709daba293143fc972a5b2cbb1349c1090024065905f5642476e7e02f0ea,f6f97a4ee71d29f8cfc5658f3f0dcd6d16985bbe5d8cf36ad5f1e8c99f5fb72b,best_within_budget,16,4,8,2,0.5,False,1.0,2,39540,22.386688320082612,39.54000000000431,0.990854668081738,0.0,0.0,23.37754298816435,28.496868340182118,0.011452127015218139,0.798750929068774,0.0,0.0,0.0,0.0,0.0,0.0027128749061375856,21.437678004032932,1.1807598172454163,5.119325352017768,0.686914624995552,8,4,162080,0,0,0,1,1,2,mixed,1.0,1.0,1.0,0.0,1.0,0.0,39.54000000000431,39.54000000000431,0.0
results/value_v2/online/sliding_stage_pin_21042_0_random_first_verified/decision.json,online,sliding_stage_pin,21042,0,random,,f247709daba293143fc972a5b2cbb1349c1090024065905f5642476e7e02f0ea,f6f97a4ee71d29f8cfc5658f3f0dcd6d16985bbe5d8cf36ad5f1e8c99f5fb72b,first_verified,16,4,8,2,0.5,False,1.0,2,39540,11.594466006034054,39.54000000000431,0.9706861929735169,0.0,0.0,12.56515219900757,17.675299446098506,0.010808699997141957,0.7390434170374647,0.0,0.0,0.0,0.0,0.0,0.001872193068265915,10.711848143837415,0.5490245477994904,5.110147247090936,0.34555690886918455,4,2,79980,0,0,0,0,1,2,mixed,1.0,1.0,1.0,0.0,1.0,0.0,39.54000000000431,39.54000000000431,0.0
results/value_v2/online/sliding_stage_pin_21042_0_residual_best_within_budget/decision.json,online,sliding_stage_pin,21042,0,residual,13a5cdb2570c123cf90d8f88048eda8e1624b05d9545a530f1144eb77ab03074,f247709daba293143fc972a5b2cbb1349c1090024065905f5642476e7e02f0ea,f6f97a4ee71d29f8cfc5658f3f0dcd6d16985bbe5d8cf36ad5f1e8c99f5fb72b,best_within_budget,16,4,8,2,0.5,False,1.0,2,40350,23.203260545036756,40.3500000000053,0.9698752560652792,0.004687058040872216,0.0,24.173135801102035,29.300758876954205,0.010659439023584127,0.7496695059817284,0.1488871769979596,0.0,0.0,0.0042899990221485496,0.002553410013206303,0.0027383669512346387,22.150129624060355,1.2855140620376915,5.127623075852171,0.7117374970111996,8,4,168860,0,0,0,1,1,2,mixed,1.0,1.0,1.0,0.0,1.0,0.0,39.54000000000431,40.360000000005314,0.8200000000010021
results/value_v2/online/sliding_stage_pin_21042_0_residual_first_verified/decision.json,online,sliding_stage_pin,21042,0,residual,13a5cdb2570c123cf90d8f88048eda8e1624b05d9545a530f1144eb77ab03074,f247709daba293143fc972a5b2cbb1349c1090024065905f5642476e7e02f0ea,f6f97a4ee71d29f8cfc5658f3f0dcd6d16985bbe5d8cf36ad5f1e8c99f5fb72b,first_verified,16,4,8,2,0.5,False,1.0,2,42130,6.502962603000924,42.13000000000748,0.9703986420063302,0.004687058040872216,0.0,7.473361245007254,12.957101666019298,0.010976994293741882,0.7240968997357413,0.1412858080584556,0.0,0.0,0.002008965006098151,0.002479884075000882,0.0007436788873746991,5.496518952073529,0.24912578891962767,5.483740421012044,0.1490009839180857,2,1,42140,0,0,0,0,1,2,mixed,1.0,1.0,1.0,0.0,1.0,0.0,39.54000000000431,42.120000000007465,2.580000000003153
results/value_v2/online/sliding_stage_pin_21042_0_v1_fixed_best_within_budget/decision.json,online,sliding_stage_pin,21042,0,v1_fixed,75dedd09a16fd9cdf163955aa2908b9bd5b6586a12be3ca28fd5fb5d1a9ad489,f247709daba293143fc972a5b2cbb1349c1090024065905f5642476e7e02f0ea,f6f97a4ee71d29f8cfc5658f3f0dcd6d16985bbe5d8cf36ad5f1e8c99f5fb72b,best_within_budget,16,4,8,2,0.5,False,1.0,2,43140,24.007068898994476,43.14000000000871,0.9846952009247616,0.0527091579278931,1.1058132629841566,24.991764099919237,30.44540895393584,0.010953514254651964,0.7255019467556849,0.0,0.20159337110817432,0.01748347608372569,0.12224721803795546,3.8603320717811584e-07,0.002844513044692576,22.791807835106738,1.4436197913018987,5.453644854016602,0.7138489439385012,8,4,177770,0,0,0,1,1,2,mixed,1.0,1.0,1.0,0.0,1.0,0.0,39.54000000000431,43.150000000008724,3.610000000004412
results/value_v2/online/sliding_stage_pin_21042_0_v1_fixed_first_verified/decision.json,online,sliding_stage_pin,21042,0,v1_fixed,75dedd09a16fd9cdf163955aa2908b9bd5b6586a12be3ca28fd5fb5d1a9ad489,f247709daba293143fc972a5b2cbb1349c1090024065905f5642476e7e02f0ea,f6f97a4ee71d29f8cfc5658f3f0dcd6d16985bbe5d8cf36ad5f1e8c99f5fb72b,first_verified,16,4,8,2,0.5,False,1.0,2,43260,6.893945908988826,43.26000000000886,0.9866256759269163,0.0527091579278931,1.1058132629841566,7.880571584915742,13.468182945856825,0.010665670852176845,0.7425435741897672,0.0,0.20142215699888766,0.01658406900241971,0.12098783999681473,3.658933565020561e-07,0.0006934821140021086,5.5882497689453885,0.38318015169352293,5.587611360941082,0.19740560196805745,2,1,43250,0,0,0,0,1,2,mixed,1.0,1.0,1.0,0.0,1.0,0.0,39.54000000000431,43.27000000000887,3.7300000000045586
results/value_v2/online/sliding_stage_pin_21042_0_vision_best_within_budget/decision.json,online,sliding_stage_pin,21042,0,vision,ca04eeb22ab518ae361eb5b92612be3086321c603b241d93a13aeac5d6624ef2,f247709daba293143fc972a5b2cbb1349c1090024065905f5642476e7e02f0ea,f6f97a4ee71d29f8cfc5658f3f0dcd6d16985bbe5d8cf36ad5f1e8c99f5fb72b,best_within_budget,16,4,8,2,0.5,False,1.0,2,40350,23.53212230396457,40.3500000000053,0.9737498050089926,0.07457274501211941,1.1058132629841566,24.505872108973563,29.688312354963273,0.011027651955373585,0.7240673430496827,0.0,0.22011073399335146,0.021021154010668397,0.11979537294246256,4.899920895695686e-07,0.0027687838301062584,22.29540343489498,1.2379409780260175,5.18244024598971,0.6747448940295726,8,4,171460,0,0,0,1,1,2,mixed,1.0,1.0,1.0,0.0,1.0,0.0,39.54000000000431,40.360000000005314,0.8200000000010021
results/value_v2/online/sliding_stage_pin_21042_0_vision_first_verified/decision.json,online,sliding_stage_pin,21042,0,vision,ca04eeb22ab518ae361eb5b92612be3086321c603b241d93a13aeac5d6624ef2,f247709daba293143fc972a5b2cbb1349c1090024065905f5642476e7e02f0ea,f6f97a4ee71d29f8cfc5658f3f0dcd6d16985bbe5d8cf36ad5f1e8c99f5fb72b,first_verified,16,4,8,2,0.5,False,1.0,2,42130,7.115994177991524,42.13000000000748,0.9652662520529702,0.07457274501211941,1.1058132629841566,8.081260430044495,14.580685268971138,0.011524219647981226,0.7297702942742035,0.0,0.34939945803489536,0.06001272005960345,0.12936124706175178,4.890607669949532e-07,0.0009284130064770579,5.710863018059172,0.25240609305910766,6.499424838926643,0.15052023704629391,2,1,42140,0,0,0,0,1,2,mixed,1.0,1.0,1.0,0.0,1.0,0.0,39.54000000000431,42.120000000007465,2.580000000003153
results/value_v2/online/sliding_stage_pin_21042_exhaustive/decision.json,online,sliding_stage_pin,21042,0,exhaustive,,f247709daba293143fc972a5b2cbb1349c1090024065905f5642476e7e02f0ea,f6f97a4ee71d29f8cfc5658f3f0dcd6d16985bbe5d8cf36ad5f1e8c99f5fb72b,best_within_budget,16,16,32,2,0.5,False,1.0,2,39540,88.3206026609987,39.54000000000431,0.967293038032949,0.0,0.0,89.28789569903165,94.37274074915331,0.010843064053915441,0.7257805319968611,0.13993973098695278,0.0,0.0,0.0,0.0,0.011296710115857422,87.21775175374933,5.071233474067412,5.0848450501216576,2.80287264555227,32,16,667790,0,0,0,1,1,2,mixed,1.0,1.0,1.0,0.0,1.0,0.0,39.54000000000431,39.54000000000431,0.0
results/value_v2/online_budget/rigid_connector_module_20040_geometry_n16_k1_b2/decision.json,online_budget,rigid_connector_module,20040,0,geometry,,f247709daba293143fc972a5b2cbb1349c1090024065905f5642476e7e02f0ea,850f29d2b501627d1e222722b10bda3420fd3dd7ad89c0c542ea935ba0e5832d,best_within_budget,16,1,2,2,0.5,False,1.0,2,160130,44.22782021097373,160.13000000004413,1.047931418986991,0.0,0.0,45.27575162996072,85.64516307087615,0.03381787403486669,1.8838135929545388,0.7613665360258892,0.0,0.0,0.0,0.0,0.0012766988947987556,41.00376517896075,2.6222416895907372,40.36941144091543,2.2353911987738684,2,1,160160,0,0,0,1,1,2,mixed,1.0,1.0,1.0,0.0,1.0,0.0,148.7099999999896,160.19000000004442,11.480000000054815
results/value_v2/online_budget/rigid_connector_module_20040_geometry_n16_k2_b4/decision.json,online_budget,rigid_connector_module,20040,0,geometry,,f247709daba293143fc972a5b2cbb1349c1090024065905f5642476e7e02f0ea,850f29d2b501627d1e222722b10bda3420fd3dd7ad89c0c542ea935ba0e5832d,best_within_budget,16,2,4,2,0.5,False,1.0,2,160130,88.66811935405713,160.13000000004413,1.06594253401272,0.0,0.0,89.73406188806985,130.38669570395723,0.030223044683225453,1.9186070673167706,0.762031227000989,0.0,0.0,0.0,0.0,0.0019000039901584387,85.53514342906419,5.26826871978119,40.652633815887384,4.523072038544342,4,2,330020,0,0,0,1,1,2,mixed,1.0,1.0,1.0,0.0,1.0,0.0,148.7099999999896,160.19000000004442,11.480000000054815
results/value_v2/online_budget/rigid_connector_module_20040_geometry_n16_k4_b8/decision.json,online_budget,rigid_connector_module,20040,0,geometry,,f247709daba293143fc972a5b2cbb1349c1090024065905f5642476e7e02f0ea,850f29d2b501627d1e222722b10bda3420fd3dd7ad89c0c542ea935ba0e5832d,best_within_budget,16,4,8,2,0.5,False,1.0,2,160130,171.90131123398896,160.13000000004413,1.0392093179980293,0.0,0.0,172.940520551987,213.00691018789075,0.031670683063566685,1.8470017759827897,0.7643167109927163,0.0,0.0,0.0,0.0,0.003854743088595569,168.71184134611394,9.686140955775045,40.06638963590376,8.374185322318226,8,4,658650,0,0,0,1,1,2,mixed,1.0,1.0,1.0,0.0,1.0,0.0,148.7099999999896,160.19000000004442,11.480000000054815
results/value_v2/online_budget/rigid_connector_module_20040_mlp_n16_k1_b2/decision.json,online_budget,rigid_connector_module,20040,0,mlp,2d1b73af8d31e70aad10de1dc7c6d493aca154509addb13409d433b8216f8459,f247709daba293143fc972a5b2cbb1349c1090024065905f5642476e7e02f0ea,850f29d2b501627d1e222722b10bda3420fd3dd7ad89c0c542ea935ba0e5832d,best_within_budget,16,1,2,2,0.5,False,1.0,2,150290,41.61817350902129,150.28999999999715,1.0353985639521852,0.06536650704219937,0.0,42.653572072973475,80.15581555280369,0.028823081753216684,1.8456749022006989,0.7585556040285155,0.0,0.0,0.0396794390399009,0.006809793994762003,0.001030087936669588,38.5283344500931,2.1033075262093917,37.50224347983021,1.9013645591912791,2,1,150290,0,0,0,1,1,2,mixed,1.0,1.0,1.0,0.0,1.0,0.0,148.7099999999896,150.2399999999969,1.5300000000073055
results/value_v2/online_budget/rigid_connector_module_20040_mlp_n16_k2_b4/decision.json,online_budget,rigid_connector_module,20040,0,mlp,2d1b73af8d31e70aad10de1dc7c6d493aca154509addb13409d433b8216f8459,f247709daba293143fc972a5b2cbb1349c1090024065905f5642476e7e02f0ea,850f29d2b501627d1e222722b10bda3420fd3dd7ad89c0c542ea935ba0e5832d,best_within_budget,16,2,4,2,0.5,False,1.0,2,150290,88.09120718203485,150.28999999999715,1.0331649580039084,0.06536650704219937,0.0,89.12437214003876,127.65757751394995,0.030378582887351513,1.83843329816591,0.7532092509791255,0.0,0.0,0.02250157401431352,0.006788147962652147,0.0018910940270870924,84.93374191096518,4.788461110671051,38.53320537391119,4.214329560636543,4,2,321340,0,0,0,1,1,2,mixed,1.0,1.0,1.0,0.0,1.0,0.0,148.7099999999896,150.2399999999969,1.5300000000073055
results/value_v2/online_budget/rigid_connector_module_20040_mlp_n16_k4_b8/decision.json,online_budget,rigid_connector_module,20040,0,mlp,2d1b73af8d31e70aad10de1dc7c6d493aca154509addb13409d433b8216f8459,f247709daba293143fc972a5b2cbb1349c1090024065905f5642476e7e02f0ea,850f29d2b501627d1e222722b10bda3420fd3dd7ad89c0c542ea935ba0e5832d,best_within_budget,16,4,8,2,0.5,False,1.0,2,150290,147.10089769598562,150.28999999999715,1.0269184510689229,0.06536650704219937,0.0,148.12781614705455,186.01941351604182,0.03011362289544195,1.8613082860829309,0.7604917930439115,0.0,0.0,0.022133824066258967,0.006962193991057575,0.003730274038389325,143.9479356610682,8.43587578041479,37.89159736898728,7.285893405787647,8,4,555700,0,0,0,1,1,2,mixed,1.0,1.0,1.0,0.0,1.0,0.0,148.7099999999896,150.2399999999969,1.5300000000073055
results/value_v2/online_budget/rigid_connector_module_20041_geometry_n16_k1_b2/decision.json,online_budget,rigid_connector_module,20041,0,geometry,,f247709daba293143fc972a5b2cbb1349c1090024065905f5642476e7e02f0ea,d617801ad88f79026da92af98a736bb8b3a178a55e09bf0cfed86803fa0ff6ee,best_within_budget,16,1,2,2,0.5,False,0.0,0,0,45.64890745701268,,1.0257170860422775,0.0,0.0,46.67462454305496,46.67462454305496,0.029732456081546843,1.6119327310007066,0.7524111568927765,0.0,0.0,0.0,0.0,0.0009163391077890992,42.84673900192138,2.6672108669299632,0,2.28814515681006,2,1,166990,0,0,1,1,0,2,mixed,1.0,0.0,0.0,1.0,0.0,1.0,150.41999999999777,,
results/value_v2/online_budget/rigid_connector_module_20041_geometry_n16_k2_b4/decision.json,online_budget,rigid_connector_module,20041,0,geometry,,f247709daba293143fc972a5b2cbb1349c1090024065905f5642476e7e02f0ea,d617801ad88f79026da92af98a736bb8b3a178a55e09bf0cfed86803fa0ff6ee,best_within_budget,16,2,4,2,0.5,False,1.0,2,170560,93.44031032104976,170.56000000009394,1.0391981709981337,0.0,0.0,94.4795084920479,137.81440167920664,0.0305620877770707,1.8342483922606334,0.8306483060587198,0.0,0.0,0.0,0.0,0.0020026930142194033,90.29819861182477,5.825769316870719,43.33489318715874,4.978038904140703,4,2,337490,0,0,0,1,1,2,mixed,1.0,1.0,1.0,0.0,1.0,0.0,150.41999999999777,170.50000000009365,20.08000000009588
results/value_v2/online_budget/rigid_connector_module_20041_geometry_n16_k4_b8/decision.json,online_budget,rigid_connector_module,20041,0,geometry,,f247709daba293143fc972a5b2cbb1349c1090024065905f5642476e7e02f0ea,d617801ad88f79026da92af98a736bb8b3a178a55e09bf0cfed86803fa0ff6ee,best_within_budget,16,4,8,2,0.5,False,1.0,2,150430,168.32823215401731,150.42999999999782,1.0341187280137092,0.0,0.0,169.36235088203102,207.62216477491893,0.02995375113096088,1.5811994838295504,0.7519367600325495,0.0,0.0,0.0,0.0,0.0038451917935162783,165.48890027101152,10.310540484031662,38.259813892887905,9.000129215652123,8,4,649230,0,0,0,1,1,2,mixed,1.0,1.0,1.0,0.0,1.0,0.0,150.41999999999777,150.41999999999777,0.0
results/value_v2/online_budget/rigid_connector_module_20041_mlp_n16_k1_b2/decision.json,online_budget,rigid_connector_module,20041,0,mlp,2d1b73af8d31e70aad10de1dc7c6d493aca154509addb13409d433b8216f8459,f247709daba293143fc972a5b2cbb1349c1090024065905f5642476e7e02f0ea,d617801ad88f79026da92af98a736bb8b3a178a55e09bf0cfed86803fa0ff6ee,best_within_budget,16,1,2,2,0.5,False,1.0,2,161200,44.21867375494912,161.20000000004924,1.0644279499538243,0.06957185815554112,0.0,45.28310170490295,86.24648115085438,0.03246316278818995,1.6780212441226467,0.7583189320284873,0.0,0.0,0.017144020064733922,0.006291067926213145,0.001125176902860403,41.22885390208103,2.1397550646215677,40.96337944595143,1.9441462486283854,2,1,161130,0,0,0,1,1,2,mixed,1.0,1.0,1.0,0.0,1.0,0.0,150.41999999999777,161.1700000000491,10.75000000005133
results/value_v2/online_budget/rigid_connector_module_20041_mlp_n16_k2_b4/decision.json,online_budget,rigid_connector_module,20041,0,mlp,2d1b73af8d31e70aad10de1dc7c6d493aca154509addb13409d433b8216f8459,f247709daba293143fc972a5b2cbb1349c1090024065905f5642476e7e02f0ea,d617801ad88f79026da92af98a736bb8b3a178a55e09bf0cfed86803fa0ff6ee,best_within_budget,16,2,4,2,0.5,False,1.0,2,161200,85.70628899603616,161.20000000004924,1.0270406090421602,0.06957185815554112,0.0,86.73332960507832,128.94744487304706,0.030252534081228077,1.6104180729016662,0.7630604380974546,0.0,0.0,0.0222543990239501,0.006535929045639932,0.001886121928691864,82.76067663985305,5.308385899988934,42.21411526796874,4.711877720081247,4,2,322580,0,0,0,1,1,2,mixed,1.0,1.0,1.0,0.0,1.0,0.0,150.41999999999777,161.1700000000491,10.75000000005133
results/value_v2/online_budget/rigid_connector_module_20041_mlp_n16_k4_b8/decision.json,online_budget,rigid_connector_module,20041,0,mlp,2d1b73af8d31e70aad10de1dc7c6d493aca154509addb13409d433b8216f8459,f247709daba293143fc972a5b2cbb1349c1090024065905f5642476e7e02f0ea,d617801ad88f79026da92af98a736bb8b3a178a55e09bf0cfed86803fa0ff6ee,best_within_budget,16,4,8,2,0.5,False,1.0,2,150430,165.95333110296633,150.42999999999782,1.0431169630028307,0.06957185815554112,0.0,166.99644806596916,204.46542816993315,0.029443249804899096,1.5861930332612246,0.7524010880151764,0.0,0.0,0.006375935976393521,0.00653754489030689,0.003979919943958521,163.0074461910408,10.183697208296508,37.468980103963986,9.052548345644027,8,4,645400,0,0,0,1,1,2,mixed,1.0,1.0,1.0,0.0,1.0,0.0,150.41999999999777,150.41999999999777,0.0
results/value_v2/online_budget/rigid_connector_module_20042_geometry_n16_k1_b2/decision.json,online_budget,rigid_connector_module,20042,0,geometry,,f247709daba293143fc972a5b2cbb1349c1090024065905f5642476e7e02f0ea,5ce7826991435c6a2e942eeaa56846ca04ff5c6b7570bcc3564f0e6aa3083db3,best_within_budget,16,1,2,2,0.5,False,1.0,2,160320,43.90657512494363,160.32000000004504,1.0370789539301768,0.0,0.0,44.943654078873806,85.63819763681386,0.030360372038558125,2.075080141890794,0.7462299070321023,0.0,0.0,0.0,0.0,0.0009846111061051488,40.651456995052285,2.6460624422179535,40.69454355794005,2.2708545342320576,2,1,160380,0,0,0,1,1,2,mixed,1.0,1.0,1.0,0.0,1.0,0.0,149.32999999999257,160.38000000004533,11.050000000052762
results/value_v2/online_budget/rigid_connector_module_20042_geometry_n16_k2_b4/decision.json,online_budget,rigid_connector_module,20042,0,geometry,,f247709daba293143fc972a5b2cbb1349c1090024065905f5642476e7e02f0ea,5ce7826991435c6a2e942eeaa56846ca04ff5c6b7570bcc3564f0e6aa3083db3,best_within_budget,16,2,4,2,0.5,False,1.0,2,149320,81.40214210900012,149.31999999999252,1.039633972919546,0.0,0.0,82.44177608191967,120.19701895280741,0.033260607975535095,2.059927743044682,0.7414375940570608,0.0,0.0,0.0,0.0,0.0018108660588040948,78.0471697289031,4.472665198962204,37.75524287088774,3.90229441865813,4,2,309680,0,0,0,1,1,2,mixed,1.0,1.0,1.0,0.0,1.0,0.0,149.32999999999257,149.32999999999257,0.0
results/value_v2/online_budget/rigid_connector_module_20042_geometry_n16_k4_b8/decision.json,online_budget,rigid_connector_module,20042,0,geometry,,f247709daba293143fc972a5b2cbb1349c1090024065905f5642476e7e02f0ea,5ce7826991435c6a2e942eeaa56846ca04ff5c6b7570bcc3564f0e6aa3083db3,best_within_budget,16,4,8,2,0.5,False,1.0,2,149320,168.8025982149411,149.31999999999252,1.0414897019509226,0.0,0.0,169.84408791689202,207.3925233668415,0.03094228683039546,2.0770174771314487,0.7437833710573614,0.0,0.0,0.0,0.0,0.003969905083067715,165.47591618285514,9.83214150601998,37.548435449949466,8.498646268970333,8,4,649110,0,0,0,1,1,2,mixed,1.0,1.0,1.0,0.0,1.0,0.0,149.32999999999257,149.32999999999257,0.0
results/value_v2/online_budget/rigid_connector_module_20042_mlp_n16_k1_b2/decision.json,online_budget,rigid_connector_module,20042,0,mlp,2d1b73af8d31e70aad10de1dc7c6d493aca154509addb13409d433b8216f8459,f247709daba293143fc972a5b2cbb1349c1090024065905f5642476e7e02f0ea,5ce7826991435c6a2e942eeaa56846ca04ff5c6b7570bcc3564f0e6aa3083db3,best_within_budget,16,1,2,2,0.5,False,1.0,2,149320,40.39059272198938,149.31999999999252,1.0382321189390495,0.0667577589629218,0.0,41.42882484092843,78.44031029182952,0.034686782164499164,2.0750949878711253,0.7448680909583345,0.0,0.0,0.017199299996718764,0.006170275970362127,0.0010922830551862717,37.01797445199918,1.8112015108345076,37.01148545090109,1.6103399120038375,2,1,149300,0,0,0,1,1,2,mixed,1.0,1.0,1.0,0.0,1.0,0.0,149.32999999999257,149.32999999999257,0.0
results/value_v2/online_budget/rigid_connector_module_20042_mlp_n16_k2_b4/decision.json,online_budget,rigid_connector_module,20042,0,mlp,2d1b73af8d31e70aad10de1dc7c6d493aca154509addb13409d433b8216f8459,f247709daba293143fc972a5b2cbb1349c1090024065905f5642476e7e02f0ea,5ce7826991435c6a2e942eeaa56846ca04ff5c6b7570bcc3564f0e6aa3083db3,best_within_budget,16,2,4,2,0.5,False,1.0,2,149320,78.51764427300077,149.31999999999252,1.0435033269459382,0.0667577589629218,0.0,79.56114759994671,116.85558540711645,0.03061154088936746,2.066770163131878,0.741581171983853,0.0,0.0,0.022356036002747715,0.006377640995196998,0.0018475459655746818,75.22599213803187,4.238563886727206,37.29443780716974,3.8421970296185464,4,2,305350,0,0,0,1,1,2,mixed,1.0,1.0,1.0,0.0,1.0,0.0,149.32999999999257,149.32999999999257,0.0
results/value_v2/online_budget/rigid_connector_module_20042_mlp_n16_k4_b8/decision.json,online_budget,rigid_connector_module,20042,0,mlp,2d1b73af8d31e70aad10de1dc7c6d493aca154509addb13409d433b8216f8459,f247709daba293143fc972a5b2cbb1349c1090024065905f5642476e7e02f0ea,5ce7826991435c6a2e942eeaa56846ca04ff5c6b7570bcc3564f0e6aa3083db3,best_within_budget,16,4,8,2,0.5,False,1.0,2,149320,160.01586973795202,149.31999999999252,1.0399481928907335,0.0667577589629218,0.0,161.05581793084275,198.2374969458906,0.030683122808113694,2.085474704275839,0.7513859629398212,0.0,0.0,0.003985548974014819,0.00668280606623739,0.003656749031506479,156.56239437893964,9.289470234536566,37.18167901504785,8.308489536982961,8,4,626880,0,0,0,1,1,2,mixed,1.0,1.0,1.0,0.0,1.0,0.0,149.32999999999257,149.32999999999257,0.0
results/value_v2/online_budget/sliding_stage_pin_21040_geometry_n16_k1_b2/decision.json,online_budget,sliding_stage_pin,21040,0,geometry,,f247709daba293143fc972a5b2cbb1349c1090024065905f5642476e7e02f0ea,0fcb1793f65a42241be6ff489528053689ce9eae124564e129baec9d74e5e43e,best_within_budget,16,1,2,2,0.5,False,1.0,2,43040,6.279244704986922,43.04000000000859,0.9695344320498407,0.0,0.0,7.248779137036763,12.587649610941298,0.013236826285719872,0.6692418877501041,0.1455602189525962,0.0,0.0,0.0,0.0,0.0006721951067447662,5.336903925985098,0.33050994004588574,5.338870473904535,0.1508913489524275,2,1,43040,0,0,0,1,1,2,mixed,1.0,1.0,1.0,0.0,1.0,0.0,43.03000000000858,43.03000000000858,0.0
results/value_v2/online_budget/sliding_stage_pin_21040_geometry_n16_k2_b4/decision.json,online_budget,sliding_stage_pin,21040,0,geometry,,f247709daba293143fc972a5b2cbb1349c1090024065905f5642476e7e02f0ea,0fcb1793f65a42241be6ff489528053689ce9eae124564e129baec9d74e5e43e,best_within_budget,16,2,4,2,0.5,False,1.0,2,43040,12.235947860986926,43.04000000000859,0.9720596530241892,0.0,0.0,13.208007514011115,18.722077711950988,0.013508803909644485,0.6966921930434182,0.15102303901221603,0.0,0.0,0.0,0.0,0.0015405039303004742,11.247490245033987,0.6897947841789573,5.514070197939873,0.3171315798535943,4,2,86160,0,0,0,1,1,2,mixed,1.0,1.0,1.0,0.0,1.0,0.0,43.03000000000858,43.03000000000858,0.0
results/value_v2/online_budget/sliding_stage_pin_21040_geometry_n16_k4_b8/decision.json,online_budget,sliding_stage_pin,21040,0,geometry,,f247709daba293143fc972a5b2cbb1349c1090024065905f5642476e7e02f0ea,0fcb1793f65a42241be6ff489528053689ce9eae124564e129baec9d74e5e43e,best_within_budget,16,4,8,2,0.5,False,1.0,2,43040,22.86560139094945,43.04000000000859,0.9725504869129509,0.0,0.0,23.8381518778624,29.185452587902546,0.013245934969745576,0.6876714240061119,0.1529351370409131,0.0,0.0,0.0,0.0,0.0027452290523797274,21.86742953211069,1.383255974506028,5.347300710040145,0.6313733719289303,8,4,169820,0,0,0,1,1,2,mixed,1.0,1.0,1.0,0.0,1.0,0.0,43.03000000000858,43.03000000000858,0.0
results/value_v2/online_budget/sliding_stage_pin_21040_mlp_n16_k1_b2/decision.json,online_budget,sliding_stage_pin,21040,0,mlp,2d1b73af8d31e70aad10de1dc7c6d493aca154509addb13409d433b8216f8459,f247709daba293143fc972a5b2cbb1349c1090024065905f5642476e7e02f0ea,0fcb1793f65a42241be6ff489528053689ce9eae124564e129baec9d74e5e43e,best_within_budget,16,1,2,2,0.5,False,1.0,2,43170,6.289376948028803,43.17000000000875,0.9711616110289469,0.027438445016741753,0.0,7.26053855905775,12.618857149151154,0.013409021077677608,0.6673159708734602,0.1474443410988897,0.0,0.0,0.0008459559176117182,0.002384923049248755,0.0007571311434730887,5.343313188874163,0.36945017881225795,5.358318590093404,0.18146909994538873,2,1,43130,0,0,0,1,1,2,mixed,1.0,1.0,1.0,0.0,1.0,0.0,43.03000000000858,43.12000000000869,0.09000000000010999
results/value_v2/online_budget/sliding_stage_pin_21040_mlp_n16_k2_b4/decision.json,online_budget,sliding_stage_pin,21040,0,mlp,2d1b73af8d31e70aad10de1dc7c6d493aca154509addb13409d433b8216f8459,f247709daba293143fc972a5b2cbb1349c1090024065905f5642476e7e02f0ea,0fcb1793f65a42241be6ff489528053689ce9eae124564e129baec9d74e5e43e,best_within_budget,16,2,4,2,0.5,False,1.0,2,43040,12.127717215102166,43.04000000000859,0.9752119990298524,0.027438445016741753,0.0,13.102929214132018,18.640726560144685,0.013402776909060776,0.6701651260955259,0.14697404601611197,0.0,0.0,0.00355827109888196,0.0023705640342086554,0.001320231705904007,11.099669429007918,0.7593987555010244,5.537797346012667,0.3899398149223998,4,2,86170,0,0,0,1,1,2,mixed,1.0,1.0,1.0,0.0,1.0,0.0,43.03000000000858,43.03000000000858,0.0
results/value_v2/online_budget/sliding_stage_pin_21040_mlp_n16_k4_b8/decision.json,online_budget,sliding_stage_pin,21040,0,mlp,2d1b73af8d31e70aad10de1dc7c6d493aca154509addb13409d433b8216f8459,f247709daba293143fc972a5b2cbb1349c1090024065905f5642476e7e02f0ea,0fcb1793f65a42241be6ff489528053689ce9eae124564e129baec9d74e5e43e,best_within_budget,16,4,8,2,0.5,False,1.0,2,43040,23.091319649945945,43.04000000000859,0.9694122639484704,0.027438445016741753,0.0,24.060731913894415,29.40827414393425,0.013441239134408534,0.6712539998115972,0.14749192190356553,0.0,0.0,0.02272163692396134,0.002433352987281978,0.002664380008354783,22.097115417011082,1.3939912313362584,5.347542230039835,0.6661802141461521,8,4,175130,0,0,0,1,1,2,mixed,1.0,1.0,1.0,0.0,1.0,0.0,43.03000000000858,43.03000000000858,0.0
results/value_v2/online_budget/sliding_stage_pin_21041_geometry_n16_k1_b2/decision.json,online_budget,sliding_stage_pin,21041,0,geometry,,f247709daba293143fc972a5b2cbb1349c1090024065905f5642476e7e02f0ea,28ba2a478c383ad265f186eec15209a2f30a137cb2d8d05790884200c61616e0,best_within_budget,16,1,2,2,0.5,False,1.0,2,39280,6.056777742924169,39.280000000003994,0.9631506209261715,0.0,0.0,7.01992836385034,12.052189603913575,0.011533566983416677,0.6479049250483513,0.15078627597540617,0.0,0.0,0.0,0.0,0.0006814190419390798,5.055777343804948,0.24072661227546632,5.032261240063235,0.1468498590402305,2,1,39320,0,0,0,1,1,2,mixed,1.0,1.0,1.0,0.0,1.0,0.0,39.1200000000038,39.280000000003994,0.16000000000019554
results/value_v2/online_budget/sliding_stage_pin_21041_geometry_n16_k2_b4/decision.json,online_budget,sliding_stage_pin,21041,0,geometry,,f247709daba293143fc972a5b2cbb1349c1090024065905f5642476e7e02f0ea,28ba2a478c383ad265f186eec15209a2f30a137cb2d8d05790884200c61616e0,best_within_budget,16,2,4,2,0.5,False,1.0,2,39280,11.582485821912996,39.280000000003994,0.9819916839478537,0.0,0.0,12.56447750586085,17.655547943897545,0.011225483031012118,0.656383222900331,0.14941586507484317,0.0,0.0,0.0,0.0,0.001351687009446323,10.63911726407241,0.49555436184164137,5.091070438036695,0.3014302790397778,4,2,81100,0,0,0,1,1,2,mixed,1.0,1.0,1.0,0.0,1.0,0.0,39.1200000000038,39.280000000003994,0.16000000000019554
results/value_v2/online_budget/sliding_stage_pin_21041_geometry_n16_k4_b8/decision.json,online_budget,sliding_stage_pin,21041,0,geometry,,f247709daba293143fc972a5b2cbb1349c1090024065905f5642476e7e02f0ea,28ba2a478c383ad265f186eec15209a2f30a137cb2d8d05790884200c61616e0,best_within_budget,16,4,8,2,0.5,False,1.0,2,39140,21.545273252995685,39.14000000000382,0.9645678829401731,0.0,0.0,22.509841135935858,27.402195984032005,0.012008417979814112,0.6301709121325985,0.14596888201776892,0.0,0.0,0.0,0.0,0.0026869429275393486,20.611833558883518,0.9338849807390943,4.892354848096147,0.5655158278532326,8,4,162020,0,0,0,1,1,2,mixed,1.0,1.0,1.0,0.0,1.0,0.0,39.1200000000038,39.14000000000382,0.020000000000024443
results/value_v2/online_budget/sliding_stage_pin_21041_mlp_n16_k1_b2/decision.json,online_budget,sliding_stage_pin,21041,0,mlp,2d1b73af8d31e70aad10de1dc7c6d493aca154509addb13409d433b8216f8459,f247709daba293143fc972a5b2cbb1349c1090024065905f5642476e7e02f0ea,28ba2a478c383ad265f186eec15209a2f30a137cb2d8d05790884200c61616e0,best_within_budget,16,1,2,2,0.5,False,1.0,2,39280,6.014948548050597,39.280000000003994,0.9641429230105132,0.0083258799277246,0.0,6.9790914710611105,12.062851721071638,0.011672018095850945,0.6544389139162377,0.14883440209086984,0.0,0.0,0.0009391129715368152,0.0024057329865172505,0.0006742500700056553,5.078627368086018,0.24366659473162144,5.083760250010528,0.14880542899481952,2,1,39320,0,0,0,1,1,2,mixed,1.0,1.0,1.0,0.0,1.0,0.0,39.1200000000038,39.280000000003994,0.16000000000019554
results/value_v2/online_budget/sliding_stage_pin_21041_mlp_n16_k2_b4/decision.json,online_budget,sliding_stage_pin,21041,0,mlp,2d1b73af8d31e70aad10de1dc7c6d493aca154509addb13409d433b8216f8459,f247709daba293143fc972a5b2cbb1349c1090024065905f5642476e7e02f0ea,28ba2a478c383ad265f186eec15209a2f30a137cb2d8d05790884200c61616e0,best_within_budget,16,2,4,2,0.5,False,1.0,2,39140,11.07627715205308,39.14000000000382,0.9797020549885929,0.0083258799277246,0.0,12.055979207041673,17.078378181089647,0.011512916069477797,0.6590125649236143,0.15427967999130487,0.0,0.0,0.003917940892279148,0.002467524027451873,0.0013266581809148192,10.119139185990207,0.48241806414444,5.022398974047974,0.29197161889169365,4,2,78460,0,0,0,1,1,2,mixed,1.0,1.0,1.0,0.0,1.0,0.0,39.1200000000038,39.14000000000382,0.020000000000024443
results/value_v2/online_budget/sliding_stage_pin_21041_mlp_n16_k4_b8/decision.json,online_budget,sliding_stage_pin,21041,0,mlp,2d1b73af8d31e70aad10de1dc7c6d493aca154509addb13409d433b8216f8459,f247709daba293143fc972a5b2cbb1349c1090024065905f5642476e7e02f0ea,28ba2a478c383ad265f186eec15209a2f30a137cb2d8d05790884200c61616e0,best_within_budget,16,4,8,2,0.5,False,1.0,2,39120,20.94788025703747,39.1200000000038,0.9641558500006795,0.0083258799277246,0.0,21.912036107038148,26.81920980499126,0.011359771946445107,0.6526022211182863,0.14932993496768177,0.0,0.0,0.0035012640291824937,0.0024555909913033247,0.00261176994536072,19.992920956923626,0.9978710230207071,4.907173697953112,0.6262083648471162,8,4,156880,0,0,0,1,1,2,mixed,1.0,1.0,1.0,0.0,1.0,0.0,39.1200000000038,39.1200000000038,0.0
results/value_v2/online_budget/sliding_stage_pin_21042_geometry_n16_k1_b2/decision.json,online_budget,sliding_stage_pin,21042,0,geometry,,f247709daba293143fc972a5b2cbb1349c1090024065905f5642476e7e02f0ea,f6f97a4ee71d29f8cfc5658f3f0dcd6d16985bbe5d8cf36ad5f1e8c99f5fb72b,best_within_budget,16,1,2,2,0.5,False,1.0,2,42160,6.667679646983743,42.160000000007514,0.9722800739109516,0.0,0.0,7.639959720894694,13.216021154774353,0.010816308902576566,0.7416675151325762,0.1465622850228101,0.0,0.0,0.0,0.0,0.0006696570198982954,5.655121306073852,0.25887256872374564,5.576061433879659,0.15873762487899512,2,1,42170,0,0,0,1,1,2,mixed,1.0,1.0,1.0,0.0,1.0,0.0,39.54000000000431,42.170000000007526,2.630000000003214
results/value_v2/online_budget/sliding_stage_pin_21042_geometry_n16_k2_b4/decision.json,online_budget,sliding_stage_pin,21042,0,geometry,,f247709daba293143fc972a5b2cbb1349c1090024065905f5642476e7e02f0ea,f6f97a4ee71d29f8cfc5658f3f0dcd6d16985bbe5d8cf36ad5f1e8c99f5fb72b,best_within_budget,16,2,4,2,0.5,False,1.0,2,42110,12.109522394021042,42.11000000000745,1.0149010140448809,0.0,0.0,13.124423408065923,18.617514792247675,0.01139954593963921,0.7345668880734593,0.14369416690897197,0.0,0.0,0.0,0.0,0.0012855781242251396,11.09993843792472,0.5100813979515806,5.493091384181753,0.3095000688917935,4,2,84300,0,0,0,1,1,2,mixed,1.0,1.0,1.0,0.0,1.0,0.0,39.54000000000431,42.120000000007465,2.580000000003153
results/value_v2/online_budget/sliding_stage_pin_21042_geometry_n16_k4_b8/decision.json,online_budget,sliding_stage_pin,21042,0,geometry,,f247709daba293143fc972a5b2cbb1349c1090024065905f5642476e7e02f0ea,f6f97a4ee71d29f8cfc5658f3f0dcd6d16985bbe5d8cf36ad5f1e8c99f5fb72b,best_within_budget,16,4,8,2,0.5,False,1.0,2,39540,22.378220484009944,39.54000000000431,0.9548845969839022,0.0,0.0,23.333105080993846,28.458889571134932,0.010775548871606588,0.7187480260618031,0.14015953009948134,0.0,0.0,0.0,0.0,0.002649061963893473,21.373833264107816,1.011342842830345,5.125784490141086,0.6121504207840189,8,4,162300,0,0,0,1,1,2,mixed,1.0,1.0,1.0,0.0,1.0,0.0,39.54000000000431,39.54000000000431,0.0
results/value_v2/online_budget/sliding_stage_pin_21042_mlp_n16_k1_b2/decision.json,online_budget,sliding_stage_pin,21042,0,mlp,2d1b73af8d31e70aad10de1dc7c6d493aca154509addb13409d433b8216f8459,f247709daba293143fc972a5b2cbb1349c1090024065905f5642476e7e02f0ea,f6f97a4ee71d29f8cfc5658f3f0dcd6d16985bbe5d8cf36ad5f1e8c99f5fb72b,best_within_budget,16,1,2,2,0.5,False,1.0,2,42110,6.613766651018523,42.11000000000745,1.0386650249129161,0.008219482959248126,0.0,7.652431675931439,13.23763727885671,0.011121125426143408,0.7404113856609911,0.14582743600476533,0.0,0.0,0.0008301709312945604,0.00252193002961576,0.000706738093867898,5.59225441084709,0.2579933450324461,5.585205602925271,0.1577663270290941,2,1,42130,0,0,0,1,1,2,mixed,1.0,1.0,1.0,0.0,1.0,0.0,39.54000000000431,42.120000000007465,2.580000000003153
results/value_v2/online_budget/sliding_stage_pin_21042_mlp_n16_k2_b4/decision.json,online_budget,sliding_stage_pin,21042,0,mlp,2d1b73af8d31e70aad10de1dc7c6d493aca154509addb13409d433b8216f8459,f247709daba293143fc972a5b2cbb1349c1090024065905f5642476e7e02f0ea,f6f97a4ee71d29f8cfc5658f3f0dcd6d16985bbe5d8cf36ad5f1e8c99f5fb72b,best_within_budget,16,2,4,2,0.5,False,1.0,2,40360,11.97915110795293,40.360000000005314,0.9565261510433629,0.008219482959248126,0.0,12.935677258996293,18.180934473173693,0.01036115491297096,0.7339392381254584,0.14502699300646782,0.0,0.0,0.019358591991476715,0.0024939130526036024,0.0013050909619778395,10.880546816973947,0.5425737909972668,5.2452572141774,0.3403041100827977,4,2,82480,0,0,0,1,1,2,mixed,1.0,1.0,1.0,0.0,1.0,0.0,39.54000000000431,40.360000000005314,0.8200000000010021
results/value_v2/online_budget/sliding_stage_pin_21042_mlp_n16_k4_b8/decision.json,online_budget,sliding_stage_pin,21042,0,mlp,2d1b73af8d31e70aad10de1dc7c6d493aca154509addb13409d433b8216f8459,f247709daba293143fc972a5b2cbb1349c1090024065905f5642476e7e02f0ea,f6f97a4ee71d29f8cfc5658f3f0dcd6d16985bbe5d8cf36ad5f1e8c99f5fb72b,best_within_budget,16,4,8,2,0.5,False,1.0,2,39540,23.049806857015938,39.54000000000431,0.9696870659245178,0.008219482959248126,0.0,24.019493922940455,29.038439604919404,0.010963577311486006,0.737249722587876,0.14333452098071575,0.0,0.0,0.003951138001866639,0.002565119997598231,0.0027077840641140938,22.014992098207586,1.1442556678084657,5.018945681978948,0.6569292867789045,8,4,167720,0,0,0,1,1,2,mixed,1.0,1.0,1.0,0.0,1.0,0.0,39.54000000000431,39.54000000000431,0.0
results/value_v2/online_scale/rigid_connector_module_20044_geometry_n16_k4_b8/decision.json,online_scale,rigid_connector_module,20044,0,geometry,,f247709daba293143fc972a5b2cbb1349c1090024065905f5642476e7e02f0ea,fe68c07a84b5812678dc12cd73ff9348b9c61aad369fc83f9dd623951c8fb73f,best_within_budget,16,4,8,2,0.5,False,1.0,2,153590,168.72905672201887,153.5900000000129,1.0393518549390137,0.0,0.0,169.76840857695788,207.96962530410383,0.031782445847056806,2.0553305180510506,0.8081698670284823,0.0,0.0,0.0,0.0,0.0037687559379264712,165.36141782917548,9.42385409947019,38.20121672714595,8.233413510373794,8,4,631320,0,0,0,1,1,2,mixed,1.0,1.0,1.0,0.0,1.0,0.0,148.4599999999884,154.9300000000193,6.470000000030893
results/value_v2/online_scale/rigid_connector_module_20044_geometry_n32_k4_b8/decision.json,online_scale,rigid_connector_module,20044,0,geometry,,f247709daba293143fc972a5b2cbb1349c1090024065905f5642476e7e02f0ea,6f8380cbaca7b3df960144c0ccbedf41a50004cb7e345cbcc679863a90810e76,best_within_budget,32,4,8,2,0.5,False,1.0,2,153590,168.0657589279581,153.5900000000129,1.0367660770425573,0.0,0.0,169.10252500500064,208.1147828148678,0.13812549295835197,2.802335896063596,1.5493446730542928,0.0,0.0,0.0,0.0,0.003737463033758104,162.71392857294995,9.273721513221972,39.01225780986715,8.079749095137231,8,4,631320,0,0,0,1,1,,,,,,,,,,,
results/value_v2/online_scale/rigid_connector_module_20044_geometry_n64_k4_b8/decision.json,online_scale,rigid_connector_module,20044,0,geometry,,f247709daba293143fc972a5b2cbb1349c1090024065905f5642476e7e02f0ea,647bffdde9ebb6d4f7e2ade47cf3f1248f9d49665e201096854f23e19cc6364b,best_within_budget,64,4,8,2,0.5,False,1.0,2,153590,176.91255801694933,153.5900000000129,1.0365866200299934,0.0,0.0,177.94914463697933,218.6173092139652,0.12027730292174965,4.114772514090873,3.1707200300879776,0.0,0.0,0.0,0.0,0.003944162046536803,167.76500879379455,9.745259035611525,40.66816457698587,8.47158280631993,8,4,631320,0,0,0,1,1,,,,,,,,,,,
results/value_v2/online_scale/rigid_connector_module_20044_mlp_n16_k4_b8/decision.json,online_scale,rigid_connector_module,20044,0,mlp,2d1b73af8d31e70aad10de1dc7c6d493aca154509addb13409d433b8216f8459,f247709daba293143fc972a5b2cbb1349c1090024065905f5642476e7e02f0ea,fe68c07a84b5812678dc12cd73ff9348b9c61aad369fc83f9dd623951c8fb73f,best_within_budget,16,4,8,2,0.5,False,1.0,2,148420,148.86364582902752,148.41999999998822,1.0389041990274563,0.06597615301143378,0.0,149.90255002805497,189.38330860203132,0.030964548117481172,2.072775201871991,0.8366684350185096,0.0,0.0,0.016820347984321415,0.00664620497263968,0.004416260868310928,145.34927348792553,9.567404092522338,39.480758573976345,8.19363181560766,8,4,562140,0,0,0,1,1,2,mixed,1.0,1.0,1.0,0.0,1.0,0.0,148.4599999999884,148.4599999999884,0.0
results/value_v2/online_scale/rigid_connector_module_20044_mlp_n32_k4_b8/decision.json,online_scale,rigid_connector_module,20044,0,mlp,2d1b73af8d31e70aad10de1dc7c6d493aca154509addb13409d433b8216f8459,f247709daba293143fc972a5b2cbb1349c1090024065905f5642476e7e02f0ea,6f8380cbaca7b3df960144c0ccbedf41a50004cb7e345cbcc679863a90810e76,best_within_budget,32,4,8,2,0.5,False,1.0,2,154230,153.3291372039821,154.23000000001596,1.0323126500006765,0.06597615301143378,0.0,154.36144985398278,195.73557106102817,0.05740944319404662,2.853664032765664,1.5644818280125037,0.0,0.0,0.023083865060471,0.013397829956375062,0.0037907318910583854,147.85365070414264,9.468518927809782,41.37412120704539,8.209869870333932,8,4,568290,0,0,0,1,1,,,,,,,,,,,
results/value_v2/online_scale/rigid_connector_module_20044_mlp_n64_k4_b8/decision.json,online_scale,rigid_connector_module,20044,0,mlp,2d1b73af8d31e70aad10de1dc7c6d493aca154509addb13409d433b8216f8459,f247709daba293143fc972a5b2cbb1349c1090024065905f5642476e7e02f0ea,647bffdde9ebb6d4f7e2ade47cf3f1248f9d49665e201096854f23e19cc6364b,best_within_budget,64,4,8,2,0.5,False,1.0,2,154230,177.6510023920564,154.23000000001596,1.0235945739550516,0.06597615301143378,0.0,178.67459696601145,218.22253559716046,0.11598504660651088,4.597352524404414,3.411792821949348,0.0,0.0,0.022285172017291188,0.030233901925385,0.0038521219976246357,167.7689254649449,11.074912899523042,39.54793863114901,9.993484433507547,8,4,631160,0,0,0,1,1,,,,,,,,,,,
results/value_v2/online_scale/sliding_stage_pin_21044_geometry_n16_k4_b8/decision.json,online_scale,sliding_stage_pin,21044,0,geometry,,f247709daba293143fc972a5b2cbb1349c1090024065905f5642476e7e02f0ea,2961fb302e660dc6e24f2f980546e0431cfdca6ea608847c531a568e2d07e51a,best_within_budget,16,4,8,2,0.5,False,1.0,2,40520,22.564265253022313,40.52000000000551,0.961667982977815,0.0,0.0,23.525933236000128,28.69541570788715,0.011099596973508596,0.7034522560425103,0.14387967600487173,0.0,0.0,0.0,0.0,0.0025820450391620398,21.504784516990185,0.9824586231261492,5.169482471887022,0.5884637819835916,8,4,167380,0,0,0,1,1,2,mixed,1.0,1.0,1.0,0.0,1.0,0.0,40.410000000005375,40.53000000000552,0.12000000000014666
results/value_v2/online_scale/sliding_stage_pin_21044_geometry_n32_k4_b8/decision.json,online_scale,sliding_stage_pin,21044,0,geometry,,f247709daba293143fc972a5b2cbb1349c1090024065905f5642476e7e02f0ea,75ef805d5e5028eaa79a94905a287fb828713b2f8701c7937d208be01f02d99d,best_within_budget,32,4,8,2,0.5,False,1.0,2,40520,22.938186498940922,40.52000000000551,0.9723770839627832,0.0,0.0,23.910563582903706,29.121248169918545,0.021616926067508757,0.8558429948752746,0.2962117049610242,0.0,0.0,0.0,0.0,0.0027092070085927844,21.522840110003017,0.9890468239318579,5.210684587014839,0.5922946610953659,8,4,167380,0,0,0,1,1,,,,,,,,,,,
results/value_v2/online_scale/sliding_stage_pin_21044_geometry_n64_k4_b8/decision.json,online_scale,sliding_stage_pin,21044,0,geometry,,f247709daba293143fc972a5b2cbb1349c1090024065905f5642476e7e02f0ea,4451a9c2c411d60a05a9e6c555d5704a441123d5221ce53461e7048cbea5497a,best_within_budget,64,4,8,2,0.5,False,1.0,2,40520,23.64504804695025,40.52000000000551,0.9530474289786071,0.0,0.0,24.598095475928858,29.770010156789795,0.060914043919183314,1.0117245271103457,0.5874380860477686,0.0,0.0,0.0,0.0,0.002660718164406717,21.534712060005404,0.9910194346448407,5.171914680860937,0.5920944309327751,8,4,167380,0,0,0,1,1,,,,,,,,,,,
results/value_v2/online_scale/sliding_stage_pin_21044_mlp_n16_k4_b8/decision.json,online_scale,sliding_stage_pin,21044,0,mlp,2d1b73af8d31e70aad10de1dc7c6d493aca154509addb13409d433b8216f8459,f247709daba293143fc972a5b2cbb1349c1090024065905f5642476e7e02f0ea,2961fb302e660dc6e24f2f980546e0431cfdca6ea608847c531a568e2d07e51a,best_within_budget,16,4,8,2,0.5,False,1.0,2,40420,22.16919308702927,40.42000000000539,0.9769081720151007,0.006048643961548805,0.0,23.14610125904437,28.22390632214956,0.011167348129674792,0.7061498889233917,0.14236185094341636,0.0,0.0,0.0007914850721135736,0.0021560000022873282,0.002676221774891019,21.17229576804675,1.0264555918984115,5.077805063105188,0.6341420930111781,8,4,166990,0,0,0,1,1,2,mixed,1.0,1.0,1.0,0.0,1.0,0.0,40.410000000005375,40.42000000000539,0.010000000000012221
results/value_v2/online_scale/sliding_stage_pin_21044_mlp_n32_k4_b8/decision.json,online_scale,sliding_stage_pin,21044,0,mlp,2d1b73af8d31e70aad10de1dc7c6d493aca154509addb13409d433b8216f8459,f247709daba293143fc972a5b2cbb1349c1090024065905f5642476e7e02f0ea,75ef805d5e5028eaa79a94905a287fb828713b2f8701c7937d208be01f02d99d,best_within_budget,32,4,8,2,0.5,False,1.0,2,40400,22.31251250091009,40.40000000000536,0.9632496519479901,0.006048643961548805,0.0,23.27576215285808,28.39277934783604,0.021660901722498238,0.8459471001988277,0.29600073595065624,0.0,0.0,0.025269937934353948,0.00460747501347214,0.002751808031462133,20.876006297999993,1.0085402980912477,5.1170171949779615,0.6079236242221668,8,4,164500,0,0,0,1,1,,,,,,,,,,,
results/value_v2/online_scale/sliding_stage_pin_21044_mlp_n64_k4_b8/decision.json,online_scale,sliding_stage_pin,21044,0,mlp,2d1b73af8d31e70aad10de1dc7c6d493aca154509addb13409d433b8216f8459,f247709daba293143fc972a5b2cbb1349c1090024065905f5642476e7e02f0ea,4451a9c2c411d60a05a9e6c555d5704a441123d5221ce53461e7048cbea5497a,best_within_budget,64,4,8,2,0.5,False,1.0,2,40260,23.614396236022003,40.26000000000519,0.9629483940079808,0.006048643961548805,0.0,24.577344630029984,29.658637034124695,0.0640525488415733,1.0302651191595942,0.5996631820453331,0.0,0.0,0.00375274196267128,0.008813193999230862,0.0026836866745725274,21.372708988259546,1.0141489785164595,5.081292404094711,0.6165236891247332,8,4,166900,0,0,0,1,1,,,,,,,,,,,
