method,stratum,metric,mean,ci95_low,ci95_high,groups,configurations,eligible_groups,eligible_configurations,all_failure_groups
compact_17,overall,hit1,0.8,0.4,1.0,6,6,5,5,1
compact_17,overall,feasible1,0.8333333333333334,0.5,1.0,6,6,6,6,1
compact_17,overall,quality1,0.75,0.4166666666666667,1.0,6,6,6,6,1
compact_17,overall,regret1,0.08333333333333333,0.0,0.25,6,6,6,6,1
compact_17,overall,random_hit1,0.325,0.2,0.45,6,6,5,5,1
compact_17,overall,random_feasible1,0.3541666666666667,0.1875,0.5,6,6,6,6,1
compact_17,overall,random_quality1,0.3125,0.16666666666666666,0.4479166666666667,6,6,6,6,1
compact_17,overall,excess_hit1,0.475,0.175,0.7,6,6,5,5,1
compact_17,overall,excess_feasible1,0.4791666666666667,0.2708333333333333,0.6458333333333334,6,6,6,6,1
compact_17,overall,excess_quality1,0.4375,0.22916666666666666,0.6354166666666666,6,6,6,6,1
compact_17,overall,boundary_near_tie1,0.0,0.0,0.0,6,6,6,6,1
compact_17,overall,hit2,1.0,1.0,1.0,6,6,5,5,1
compact_17,overall,feasible2,0.8333333333333334,0.5,1.0,6,6,6,6,1
compact_17,overall,quality2,0.7083333333333334,0.375,0.9583333333333334,6,6,6,6,1
compact_17,overall,regret2,0.0,0.0,0.0,6,6,6,6,1
compact_17,overall,random_hit2,0.55,0.37857142857142856,0.7214285714285714,6,6,5,5,1
compact_17,overall,random_feasible2,0.5714285714285714,0.31547619047619047,0.7738095238095237,6,6,6,6,1
compact_17,overall,random_quality2,0.3125,0.16666666666666666,0.4479166666666667,6,6,6,6,1
compact_17,overall,excess_hit2,0.45,0.2785714285714286,0.6214285714285713,6,6,5,5,1
compact_17,overall,excess_feasible2,0.2619047619047619,0.1130952380952381,0.3988095238095238,6,6,6,6,1
compact_17,overall,excess_quality2,0.3958333333333333,0.19791666666666666,0.5729166666666666,6,6,6,6,1
compact_17,overall,boundary_near_tie2,0.0,0.0,0.0,6,6,6,6,1
compact_17,overall,hit4,1.0,1.0,1.0,6,6,5,5,1
compact_17,overall,feasible4,0.8333333333333334,0.5,1.0,6,6,6,6,1
compact_17,overall,quality4,0.5625,0.2916666666666667,0.8125,6,6,6,6,1
compact_17,overall,regret4,0.0,0.0,0.0,6,6,6,6,1
compact_17,overall,random_hit4,0.8085714285714285,0.6542857142857142,0.9457142857142857,6,6,5,5,1
compact_17,overall,random_feasible4,0.7714285714285715,0.45,0.9690476190476192,6,6,6,6,1
compact_17,overall,random_quality4,0.3125,0.16666666666666666,0.4479166666666667,6,6,6,6,1
compact_17,overall,excess_hit4,0.19142857142857142,0.05428571428571425,0.34571428571428575,6,6,5,5,1
compact_17,overall,excess_feasible4,0.061904761904761886,0.011904761904761899,0.1238095238095238,6,6,6,6,1
compact_17,overall,excess_quality4,0.25,0.125,0.3645833333333333,6,6,6,6,1
compact_17,overall,boundary_near_tie4,0.0,0.0,0.0,6,6,6,6,1
compact_17,overall,score_spread,0.45167118587087973,0.38535165706477087,0.5205969102860942,6,6,6,6,1
compact_17,overall,numerically_flat,0.0,0.0,0.0,6,6,6,6,1
compact_17,overall,adjacent_near_tie_fraction,0.0,0.0,0.0,6,6,6,6,1
compact_17,overall,intermediate_label_fraction,0.08333333333333333,0.020833333333333332,0.16666666666666666,6,6,6,6,1
compact_17,overall,empirical_pool_quality,0.3125,0.16666666666666666,0.4479166666666667,6,6,6,6,1
compact_17,overall,brier,0.13029864322526102,0.1089870188848776,0.15369981437857336,6,6,6,6,1
compact_17,overall,bernoulli_brier,0.15113197655859437,0.13041014715242566,0.17024329118367765,6,6,6,6,1
compact_17,overall,log_loss,0.4281900581686317,0.38333436553373695,0.46711927969733785,6,6,6,6,1
compact_17,checkpoint_2,hit1,0.6666666666666666,0.0,1.0,4,4,3,3,1
compact_17,checkpoint_2,feasible1,0.75,0.25,1.0,4,4,4,4,1
compact_17,checkpoint_2,quality1,0.625,0.25,1.0,4,4,4,4,1
compact_17,checkpoint_2,regret1,0.125,0.0,0.375,4,4,4,4,1
compact_17,checkpoint_2,random_hit1,0.20833333333333334,0.125,0.25,4,4,3,3,1
compact_17,checkpoint_2,random_feasible1,0.25,0.09375,0.375,4,4,4,4,1
compact_17,checkpoint_2,random_quality1,0.203125,0.0625,0.296875,4,4,4,4,1
compact_17,checkpoint_2,excess_hit1,0.4583333333333333,-0.125,0.75,4,4,3,3,1
compact_17,checkpoint_2,excess_feasible1,0.5,0.15625,0.71875,4,4,4,4,1
compact_17,checkpoint_2,excess_quality1,0.421875,0.125,0.71875,4,4,4,4,1
compact_17,checkpoint_2,boundary_near_tie1,0.0,0.0,0.0,4,4,4,4,1
compact_17,checkpoint_2,hit2,1.0,1.0,1.0,4,4,3,3,1
compact_17,checkpoint_2,feasible2,0.75,0.25,1.0,4,4,4,4,1
compact_17,checkpoint_2,quality2,0.5625,0.1875,0.875,4,4,4,4,1
compact_17,checkpoint_2,regret2,0.0,0.0,0.0,4,4,4,4,1
compact_17,checkpoint_2,random_hit2,0.39285714285714285,0.25,0.46428571428571425,4,4,3,3,1
compact_17,checkpoint_2,random_feasible2,0.4375,0.1607142857142857,0.6428571428571428,4,4,4,4,1
compact_17,checkpoint_2,random_quality2,0.203125,0.0625,0.296875,4,4,4,4,1
compact_17,checkpoint_2,excess_hit2,0.6071428571428571,0.5357142857142857,0.75,4,4,3,3,1
compact_17,checkpoint_2,excess_feasible2,0.3125,0.0892857142857143,0.4910714285714286,4,4,4,4,1
compact_17,checkpoint_2,excess_quality2,0.359375,0.09375,0.625,4,4,4,4,1
compact_17,checkpoint_2,boundary_near_tie2,0.0,0.0,0.0,4,4,4,4,1
compact_17,checkpoint_2,hit4,1.0,1.0,1.0,4,4,3,3,1
compact_17,checkpoint_2,feasible4,0.75,0.25,1.0,4,4,4,4,1
compact_17,checkpoint_2,quality4,0.375,0.125,0.5625,4,4,4,4,1
compact_17,checkpoint_2,regret4,0.0,0.0,0.0,4,4,4,4,1
compact_17,checkpoint_2,random_hit4,0.6904761904761904,0.5,0.7857142857142857,4,4,3,3,1
compact_17,checkpoint_2,random_feasible4,0.6607142857142858,0.23214285714285715,0.9285714285714286,4,4,4,4,1
compact_17,checkpoint_2,random_quality4,0.203125,0.0625,0.296875,4,4,4,4,1
compact_17,checkpoint_2,excess_hit4,0.30952380952380953,0.2142857142857143,0.5,4,4,3,3,1
compact_17,checkpoint_2,excess_feasible4,0.08928571428571427,0.01785714285714285,0.17857142857142858,4,4,4,4,1
compact_17,checkpoint_2,excess_quality4,0.171875,0.0625,0.28125,4,4,4,4,1
compact_17,checkpoint_2,boundary_near_tie4,0.0,0.0,0.0,4,4,4,4,1
compact_17,checkpoint_2,score_spread,0.41945196711176935,0.35157552972416606,0.5052697351910524,4,4,4,4,1
compact_17,checkpoint_2,numerically_flat,0.0,0.0,0.0,4,4,4,4,1
compact_17,checkpoint_2,adjacent_near_tie_fraction,0.0,0.0,0.0,4,4,4,4,1
compact_17,checkpoint_2,intermediate_label_fraction,0.09375,0.0,0.1875,4,4,4,4,1
compact_17,checkpoint_2,empirical_pool_quality,0.203125,0.0625,0.296875,4,4,4,4,1
compact_17,checkpoint_2,brier,0.11708575540580507,0.09887338302422106,0.13485676126392587,4,4,4,4,1
compact_17,checkpoint_2,bernoulli_brier,0.14052325540580507,0.12017037869672292,0.16087613211488722,4,4,4,4,1
compact_17,checkpoint_2,log_loss,0.4093629957796275,0.35819715682891196,0.46052883473034306,4,4,4,4,1
compact_17,checkpoint_3,hit1,1.0,1.0,1.0,2,2,2,2,0
compact_17,checkpoint_3,feasible1,1.0,1.0,1.0,2,2,2,2,0
compact_17,checkpoint_3,quality1,1.0,1.0,1.0,2,2,2,2,0
compact_17,checkpoint_3,regret1,0.0,0.0,0.0,2,2,2,2,0
compact_17,checkpoint_3,random_hit1,0.5,0.5,0.5,2,2,2,2,0
compact_17,checkpoint_3,random_feasible1,0.5625,0.5,0.625,2,2,2,2,0
compact_17,checkpoint_3,random_quality1,0.53125,0.5,0.5625,2,2,2,2,0
compact_17,checkpoint_3,excess_hit1,0.5,0.5,0.5,2,2,2,2,0
compact_17,checkpoint_3,excess_feasible1,0.4375,0.375,0.5,2,2,2,2,0
compact_17,checkpoint_3,excess_quality1,0.46875,0.4375,0.5,2,2,2,2,0
compact_17,checkpoint_3,boundary_near_tie1,0.0,0.0,0.0,2,2,2,2,0
compact_17,checkpoint_3,hit2,1.0,1.0,1.0,2,2,2,2,0
compact_17,checkpoint_3,feasible2,1.0,1.0,1.0,2,2,2,2,0
compact_17,checkpoint_3,quality2,1.0,1.0,1.0,2,2,2,2,0
compact_17,checkpoint_3,regret2,0.0,0.0,0.0,2,2,2,2,0
compact_17,checkpoint_3,random_hit2,0.7857142857142857,0.7857142857142857,0.7857142857142857,2,2,2,2,0
compact_17,checkpoint_3,random_feasible2,0.8392857142857143,0.7857142857142857,0.8928571428571429,2,2,2,2,0
compact_17,checkpoint_3,random_quality2,0.53125,0.5,0.5625,2,2,2,2,0
compact_17,checkpoint_3,excess_hit2,0.2142857142857143,0.2142857142857143,0.2142857142857143,2,2,2,2,0
compact_17,checkpoint_3,excess_feasible2,0.1607142857142857,0.1071428571428571,0.2142857142857143,2,2,2,2,0
compact_17,checkpoint_3,excess_quality2,0.46875,0.4375,0.5,2,2,2,2,0
compact_17,checkpoint_3,boundary_near_tie2,0.0,0.0,0.0,2,2,2,2,0
compact_17,checkpoint_3,hit4,1.0,1.0,1.0,2,2,2,2,0
compact_17,checkpoint_3,feasible4,1.0,1.0,1.0,2,2,2,2,0
compact_17,checkpoint_3,quality4,0.9375,0.875,1.0,2,2,2,2,0
compact_17,checkpoint_3,regret4,0.0,0.0,0.0,2,2,2,2,0
compact_17,checkpoint_3,random_hit4,0.9857142857142858,0.9857142857142858,0.9857142857142858,2,2,2,2,0
compact_17,checkpoint_3,random_feasible4,0.9928571428571429,0.9857142857142858,1.0,2,2,2,2,0
compact_17,checkpoint_3,random_quality4,0.53125,0.5,0.5625,2,2,2,2,0
compact_17,checkpoint_3,excess_hit4,0.014285714285714235,0.014285714285714235,0.014285714285714235,2,2,2,2,0
compact_17,checkpoint_3,excess_feasible4,0.0071428571428571175,0.0,0.014285714285714235,2,2,2,2,0
compact_17,checkpoint_3,excess_quality4,0.40625,0.3125,0.5,2,2,2,2,0
compact_17,checkpoint_3,boundary_near_tie4,0.0,0.0,0.0,2,2,2,2,0
compact_17,checkpoint_3,score_spread,0.5161096233891006,0.4529039117459806,0.5793153350322207,2,2,2,2,0
compact_17,checkpoint_3,numerically_flat,0.0,0.0,0.0,2,2,2,2,0
compact_17,checkpoint_3,adjacent_near_tie_fraction,0.0,0.0,0.0,2,2,2,2,0
compact_17,checkpoint_3,intermediate_label_fraction,0.0625,0.0,0.125,2,2,2,2,0
compact_17,checkpoint_3,empirical_pool_quality,0.53125,0.5,0.5625,2,2,2,2,0
compact_17,checkpoint_3,brier,0.15672441886417293,0.1283315575592643,0.18511728016908158,2,2,2,2,0
compact_17,checkpoint_3,bernoulli_brier,0.17234941886417293,0.1595815575592643,0.18511728016908158,2,2,2,2,0
compact_17,checkpoint_3,log_loss,0.4658441829466401,0.4407584026964966,0.4909299631967836,2,2,2,2,0
compact_17_raw,overall,hit1,0.8,0.4,1.0,6,6,5,5,1
compact_17_raw,overall,feasible1,0.8333333333333334,0.5,1.0,6,6,6,6,1
compact_17_raw,overall,quality1,0.75,0.4166666666666667,1.0,6,6,6,6,1
compact_17_raw,overall,regret1,0.08333333333333333,0.0,0.25,6,6,6,6,1
compact_17_raw,overall,random_hit1,0.325,0.2,0.45,6,6,5,5,1
compact_17_raw,overall,random_feasible1,0.3541666666666667,0.1875,0.5,6,6,6,6,1
compact_17_raw,overall,random_quality1,0.3125,0.16666666666666666,0.4479166666666667,6,6,6,6,1
compact_17_raw,overall,excess_hit1,0.475,0.175,0.7,6,6,5,5,1
compact_17_raw,overall,excess_feasible1,0.4791666666666667,0.2708333333333333,0.6458333333333334,6,6,6,6,1
compact_17_raw,overall,excess_quality1,0.4375,0.22916666666666666,0.6354166666666666,6,6,6,6,1
compact_17_raw,overall,boundary_near_tie1,0.0,0.0,0.0,6,6,6,6,1
compact_17_raw,overall,hit2,1.0,1.0,1.0,6,6,5,5,1
compact_17_raw,overall,feasible2,0.8333333333333334,0.5,1.0,6,6,6,6,1
compact_17_raw,overall,quality2,0.7083333333333334,0.375,0.9583333333333334,6,6,6,6,1
compact_17_raw,overall,regret2,0.0,0.0,0.0,6,6,6,6,1
compact_17_raw,overall,random_hit2,0.55,0.37857142857142856,0.7214285714285714,6,6,5,5,1
compact_17_raw,overall,random_feasible2,0.5714285714285714,0.31547619047619047,0.7738095238095237,6,6,6,6,1
compact_17_raw,overall,random_quality2,0.3125,0.16666666666666666,0.4479166666666667,6,6,6,6,1
compact_17_raw,overall,excess_hit2,0.45,0.2785714285714286,0.6214285714285713,6,6,5,5,1
compact_17_raw,overall,excess_feasible2,0.2619047619047619,0.1130952380952381,0.3988095238095238,6,6,6,6,1
compact_17_raw,overall,excess_quality2,0.3958333333333333,0.19791666666666666,0.5729166666666666,6,6,6,6,1
compact_17_raw,overall,boundary_near_tie2,0.0,0.0,0.0,6,6,6,6,1
compact_17_raw,overall,hit4,1.0,1.0,1.0,6,6,5,5,1
compact_17_raw,overall,feasible4,0.8333333333333334,0.5,1.0,6,6,6,6,1
compact_17_raw,overall,quality4,0.5625,0.2916666666666667,0.8125,6,6,6,6,1
compact_17_raw,overall,regret4,0.0,0.0,0.0,6,6,6,6,1
compact_17_raw,overall,random_hit4,0.8085714285714285,0.6542857142857142,0.9457142857142857,6,6,5,5,1
compact_17_raw,overall,random_feasible4,0.7714285714285715,0.45,0.9690476190476192,6,6,6,6,1
compact_17_raw,overall,random_quality4,0.3125,0.16666666666666666,0.4479166666666667,6,6,6,6,1
compact_17_raw,overall,excess_hit4,0.19142857142857142,0.05428571428571425,0.34571428571428575,6,6,5,5,1
compact_17_raw,overall,excess_feasible4,0.061904761904761886,0.011904761904761899,0.1238095238095238,6,6,6,6,1
compact_17_raw,overall,excess_quality4,0.25,0.125,0.3645833333333333,6,6,6,6,1
compact_17_raw,overall,boundary_near_tie4,0.0,0.0,0.0,6,6,6,6,1
compact_17_raw,overall,score_spread,0.5923546515699287,0.5262149104799717,0.6598680559481792,6,6,6,6,1
compact_17_raw,overall,numerically_flat,0.0,0.0,0.0,6,6,6,6,1
compact_17_raw,overall,adjacent_near_tie_fraction,0.0,0.0,0.0,6,6,6,6,1
compact_17_raw,overall,intermediate_label_fraction,0.08333333333333333,0.020833333333333332,0.16666666666666666,6,6,6,6,1
compact_17_raw,overall,empirical_pool_quality,0.3125,0.16666666666666666,0.4479166666666667,6,6,6,6,1
compact_17_raw,overall,brier,0.12141082893215349,0.09335439101813654,0.15621668148671655,6,6,6,6,1
compact_17_raw,overall,bernoulli_brier,0.14224416226548683,0.1193960576848032,0.16844360315343346,6,6,6,6,1
compact_17_raw,overall,log_loss,0.41312655615910576,0.3584369670509613,0.4718385401390792,6,6,6,6,1
compact_17_raw,checkpoint_2,hit1,0.6666666666666666,0.0,1.0,4,4,3,3,1
compact_17_raw,checkpoint_2,feasible1,0.75,0.25,1.0,4,4,4,4,1
compact_17_raw,checkpoint_2,quality1,0.625,0.25,1.0,4,4,4,4,1
compact_17_raw,checkpoint_2,regret1,0.125,0.0,0.375,4,4,4,4,1
compact_17_raw,checkpoint_2,random_hit1,0.20833333333333334,0.125,0.25,4,4,3,3,1
compact_17_raw,checkpoint_2,random_feasible1,0.25,0.09375,0.375,4,4,4,4,1
compact_17_raw,checkpoint_2,random_quality1,0.203125,0.0625,0.296875,4,4,4,4,1
compact_17_raw,checkpoint_2,excess_hit1,0.4583333333333333,-0.125,0.75,4,4,3,3,1
compact_17_raw,checkpoint_2,excess_feasible1,0.5,0.15625,0.71875,4,4,4,4,1
compact_17_raw,checkpoint_2,excess_quality1,0.421875,0.125,0.71875,4,4,4,4,1
compact_17_raw,checkpoint_2,boundary_near_tie1,0.0,0.0,0.0,4,4,4,4,1
compact_17_raw,checkpoint_2,hit2,1.0,1.0,1.0,4,4,3,3,1
compact_17_raw,checkpoint_2,feasible2,0.75,0.25,1.0,4,4,4,4,1
compact_17_raw,checkpoint_2,quality2,0.5625,0.1875,0.875,4,4,4,4,1
compact_17_raw,checkpoint_2,regret2,0.0,0.0,0.0,4,4,4,4,1
compact_17_raw,checkpoint_2,random_hit2,0.39285714285714285,0.25,0.46428571428571425,4,4,3,3,1
compact_17_raw,checkpoint_2,random_feasible2,0.4375,0.1607142857142857,0.6428571428571428,4,4,4,4,1
compact_17_raw,checkpoint_2,random_quality2,0.203125,0.0625,0.296875,4,4,4,4,1
compact_17_raw,checkpoint_2,excess_hit2,0.6071428571428571,0.5357142857142857,0.75,4,4,3,3,1
compact_17_raw,checkpoint_2,excess_feasible2,0.3125,0.0892857142857143,0.4910714285714286,4,4,4,4,1
compact_17_raw,checkpoint_2,excess_quality2,0.359375,0.09375,0.625,4,4,4,4,1
compact_17_raw,checkpoint_2,boundary_near_tie2,0.0,0.0,0.0,4,4,4,4,1
compact_17_raw,checkpoint_2,hit4,1.0,1.0,1.0,4,4,3,3,1
compact_17_raw,checkpoint_2,feasible4,0.75,0.25,1.0,4,4,4,4,1
compact_17_raw,checkpoint_2,quality4,0.375,0.125,0.5625,4,4,4,4,1
compact_17_raw,checkpoint_2,regret4,0.0,0.0,0.0,4,4,4,4,1
compact_17_raw,checkpoint_2,random_hit4,0.6904761904761904,0.5,0.7857142857142857,4,4,3,3,1
compact_17_raw,checkpoint_2,random_feasible4,0.6607142857142858,0.23214285714285715,0.9285714285714286,4,4,4,4,1
compact_17_raw,checkpoint_2,random_quality4,0.203125,0.0625,0.296875,4,4,4,4,1
compact_17_raw,checkpoint_2,excess_hit4,0.30952380952380953,0.2142857142857143,0.5,4,4,3,3,1
compact_17_raw,checkpoint_2,excess_feasible4,0.08928571428571427,0.01785714285714285,0.17857142857142858,4,4,4,4,1
compact_17_raw,checkpoint_2,excess_quality4,0.171875,0.0625,0.28125,4,4,4,4,1
compact_17_raw,checkpoint_2,boundary_near_tie4,0.0,0.0,0.0,4,4,4,4,1
compact_17_raw,checkpoint_2,score_spread,0.5602541756686339,0.49092876580722095,0.6448378245996477,4,4,4,4,1
compact_17_raw,checkpoint_2,numerically_flat,0.0,0.0,0.0,4,4,4,4,1
compact_17_raw,checkpoint_2,adjacent_near_tie_fraction,0.0,0.0,0.0,4,4,4,4,1
compact_17_raw,checkpoint_2,intermediate_label_fraction,0.09375,0.0,0.1875,4,4,4,4,1
compact_17_raw,checkpoint_2,empirical_pool_quality,0.203125,0.0625,0.296875,4,4,4,4,1
compact_17_raw,checkpoint_2,brier,0.1337900852937665,0.10745252739948917,0.1755824426633967,4,4,4,4,1
compact_17_raw,checkpoint_2,bernoulli_brier,0.1572275852937665,0.1338288636096735,0.1833949426633967,4,4,4,4,1
compact_17_raw,checkpoint_2,log_loss,0.4480050595403546,0.3885718023596676,0.5074383167210416,4,4,4,4,1
compact_17_raw,checkpoint_3,hit1,1.0,1.0,1.0,2,2,2,2,0
compact_17_raw,checkpoint_3,feasible1,1.0,1.0,1.0,2,2,2,2,0
compact_17_raw,checkpoint_3,quality1,1.0,1.0,1.0,2,2,2,2,0
compact_17_raw,checkpoint_3,regret1,0.0,0.0,0.0,2,2,2,2,0
compact_17_raw,checkpoint_3,random_hit1,0.5,0.5,0.5,2,2,2,2,0
compact_17_raw,checkpoint_3,random_feasible1,0.5625,0.5,0.625,2,2,2,2,0
compact_17_raw,checkpoint_3,random_quality1,0.53125,0.5,0.5625,2,2,2,2,0
compact_17_raw,checkpoint_3,excess_hit1,0.5,0.5,0.5,2,2,2,2,0
compact_17_raw,checkpoint_3,excess_feasible1,0.4375,0.375,0.5,2,2,2,2,0
compact_17_raw,checkpoint_3,excess_quality1,0.46875,0.4375,0.5,2,2,2,2,0
compact_17_raw,checkpoint_3,boundary_near_tie1,0.0,0.0,0.0,2,2,2,2,0
compact_17_raw,checkpoint_3,hit2,1.0,1.0,1.0,2,2,2,2,0
compact_17_raw,checkpoint_3,feasible2,1.0,1.0,1.0,2,2,2,2,0
compact_17_raw,checkpoint_3,quality2,1.0,1.0,1.0,2,2,2,2,0
compact_17_raw,checkpoint_3,regret2,0.0,0.0,0.0,2,2,2,2,0
compact_17_raw,checkpoint_3,random_hit2,0.7857142857142857,0.7857142857142857,0.7857142857142857,2,2,2,2,0
compact_17_raw,checkpoint_3,random_feasible2,0.8392857142857143,0.7857142857142857,0.8928571428571429,2,2,2,2,0
compact_17_raw,checkpoint_3,random_quality2,0.53125,0.5,0.5625,2,2,2,2,0
compact_17_raw,checkpoint_3,excess_hit2,0.2142857142857143,0.2142857142857143,0.2142857142857143,2,2,2,2,0
compact_17_raw,checkpoint_3,excess_feasible2,0.1607142857142857,0.1071428571428571,0.2142857142857143,2,2,2,2,0
compact_17_raw,checkpoint_3,excess_quality2,0.46875,0.4375,0.5,2,2,2,2,0
compact_17_raw,checkpoint_3,boundary_near_tie2,0.0,0.0,0.0,2,2,2,2,0
compact_17_raw,checkpoint_3,hit4,1.0,1.0,1.0,2,2,2,2,0
compact_17_raw,checkpoint_3,feasible4,1.0,1.0,1.0,2,2,2,2,0
compact_17_raw,checkpoint_3,quality4,0.9375,0.875,1.0,2,2,2,2,0
compact_17_raw,checkpoint_3,regret4,0.0,0.0,0.0,2,2,2,2,0
compact_17_raw,checkpoint_3,random_hit4,0.9857142857142858,0.9857142857142858,0.9857142857142858,2,2,2,2,0
compact_17_raw,checkpoint_3,random_feasible4,0.9928571428571429,0.9857142857142858,1.0,2,2,2,2,0
compact_17_raw,checkpoint_3,random_quality4,0.53125,0.5,0.5625,2,2,2,2,0
compact_17_raw,checkpoint_3,excess_hit4,0.014285714285714235,0.014285714285714235,0.014285714285714235,2,2,2,2,0
compact_17_raw,checkpoint_3,excess_feasible4,0.0071428571428571175,0.0,0.014285714285714235,2,2,2,2,0
compact_17_raw,checkpoint_3,excess_quality4,0.40625,0.3125,0.5,2,2,2,2,0
compact_17_raw,checkpoint_3,boundary_near_tie4,0.0,0.0,0.0,2,2,2,2,0
compact_17_raw,checkpoint_3,score_spread,0.6565556033725184,0.5985219427138618,0.714589264031175,2,2,2,2,0
compact_17_raw,checkpoint_3,numerically_flat,0.0,0.0,0.0,2,2,2,2,0
compact_17_raw,checkpoint_3,adjacent_near_tie_fraction,0.0,0.0,0.0,2,2,2,2,0
compact_17_raw,checkpoint_3,intermediate_label_fraction,0.0625,0.0,0.125,2,2,2,2,0
compact_17_raw,checkpoint_3,empirical_pool_quality,0.53125,0.5,0.5625,2,2,2,2,0
compact_17_raw,checkpoint_3,brier,0.09665231620892749,0.07031981692342054,0.12298481549443444,2,2,2,2,0
compact_17_raw,checkpoint_3,bernoulli_brier,0.11227731620892747,0.10156981692342053,0.12298481549443444,2,2,2,2,0
compact_17_raw,checkpoint_3,log_loss,0.34336954939660813,0.31974601378548984,0.3669930850077264,2,2,2,2,0
compact_29,overall,hit1,0.4,0.0,0.8,6,6,5,5,1
compact_29,overall,feasible1,0.6666666666666666,0.3333333333333333,1.0,6,6,6,6,1
compact_29,overall,quality1,0.5,0.16666666666666666,0.8333333333333334,6,6,6,6,1
compact_29,overall,regret1,0.3333333333333333,0.08333333333333333,0.6666666666666666,6,6,6,6,1
compact_29,overall,random_hit1,0.325,0.2,0.45,6,6,5,5,1
compact_29,overall,random_feasible1,0.3541666666666667,0.1875,0.5,6,6,6,6,1
compact_29,overall,random_quality1,0.3125,0.16666666666666666,0.4479166666666667,6,6,6,6,1
compact_29,overall,excess_hit1,0.075,-0.225,0.375,6,6,5,5,1
compact_29,overall,excess_feasible1,0.3125,0.041666666666666664,0.5625,6,6,6,6,1
compact_29,overall,excess_quality1,0.1875,-0.010416666666666666,0.375,6,6,6,6,1
compact_29,overall,boundary_near_tie1,0.0,0.0,0.0,6,6,6,6,1
compact_29,overall,hit2,1.0,1.0,1.0,6,6,5,5,1
compact_29,overall,feasible2,0.8333333333333334,0.5,1.0,6,6,6,6,1
compact_29,overall,quality2,0.6666666666666666,0.375,0.9166666666666666,6,6,6,6,1
compact_29,overall,regret2,0.0,0.0,0.0,6,6,6,6,1
compact_29,overall,random_hit2,0.55,0.37857142857142856,0.7214285714285714,6,6,5,5,1
compact_29,overall,random_feasible2,0.5714285714285714,0.31547619047619047,0.7738095238095237,6,6,6,6,1
compact_29,overall,random_quality2,0.3125,0.16666666666666666,0.4479166666666667,6,6,6,6,1
compact_29,overall,excess_hit2,0.45,0.2785714285714286,0.6214285714285713,6,6,5,5,1
compact_29,overall,excess_feasible2,0.2619047619047619,0.1130952380952381,0.3988095238095238,6,6,6,6,1
compact_29,overall,excess_quality2,0.3541666666666667,0.19791666666666666,0.4791666666666667,6,6,6,6,1
compact_29,overall,boundary_near_tie2,0.0,0.0,0.0,6,6,6,6,1
compact_29,overall,hit4,1.0,1.0,1.0,6,6,5,5,1
compact_29,overall,feasible4,0.8333333333333334,0.5,1.0,6,6,6,6,1
compact_29,overall,quality4,0.5625,0.2916666666666667,0.8125,6,6,6,6,1
compact_29,overall,regret4,0.0,0.0,0.0,6,6,6,6,1
compact_29,overall,random_hit4,0.8085714285714285,0.6542857142857142,0.9457142857142857,6,6,5,5,1
compact_29,overall,random_feasible4,0.7714285714285715,0.45,0.9690476190476192,6,6,6,6,1
compact_29,overall,random_quality4,0.3125,0.16666666666666666,0.4479166666666667,6,6,6,6,1
compact_29,overall,excess_hit4,0.19142857142857142,0.05428571428571425,0.34571428571428575,6,6,5,5,1
compact_29,overall,excess_feasible4,0.061904761904761886,0.011904761904761899,0.1238095238095238,6,6,6,6,1
compact_29,overall,excess_quality4,0.25,0.125,0.3645833333333333,6,6,6,6,1
compact_29,overall,boundary_near_tie4,0.0,0.0,0.0,6,6,6,6,1
compact_29,overall,score_spread,0.443663095069678,0.2662643944711186,0.6284489119447058,6,6,6,6,1
compact_29,overall,numerically_flat,0.0,0.0,0.0,6,6,6,6,1
compact_29,overall,adjacent_near_tie_fraction,0.0,0.0,0.0,6,6,6,6,1
compact_29,overall,intermediate_label_fraction,0.08333333333333333,0.020833333333333332,0.16666666666666666,6,6,6,6,1
compact_29,overall,empirical_pool_quality,0.3125,0.16666666666666666,0.4479166666666667,6,6,6,6,1
compact_29,overall,brier,0.12164084410590359,0.07335342086184338,0.17331228147398245,6,6,6,6,1
compact_29,overall,bernoulli_brier,0.14247417743923693,0.08866200511221968,0.1986430033608836,6,6,6,6,1
compact_29,overall,log_loss,0.43366732219579346,0.2842362453829751,0.5975954884682312,6,6,6,6,1
compact_29,checkpoint_2,hit1,0.0,0.0,0.0,4,4,3,3,1
compact_29,checkpoint_2,feasible1,0.5,0.0,1.0,4,4,4,4,1
compact_29,checkpoint_2,quality1,0.25,0.0,0.5,4,4,4,4,1
compact_29,checkpoint_2,regret1,0.5,0.125,0.875,4,4,4,4,1
compact_29,checkpoint_2,random_hit1,0.20833333333333334,0.125,0.25,4,4,3,3,1
compact_29,checkpoint_2,random_feasible1,0.25,0.09375,0.375,4,4,4,4,1
compact_29,checkpoint_2,random_quality1,0.203125,0.0625,0.296875,4,4,4,4,1
compact_29,checkpoint_2,excess_hit1,-0.20833333333333334,-0.25,-0.125,4,4,3,3,1
compact_29,checkpoint_2,excess_feasible1,0.25,-0.125,0.625,4,4,4,4,1
compact_29,checkpoint_2,excess_quality1,0.046875,-0.140625,0.21875,4,4,4,4,1
compact_29,checkpoint_2,boundary_near_tie1,0.0,0.0,0.0,4,4,4,4,1
compact_29,checkpoint_2,hit2,1.0,1.0,1.0,4,4,3,3,1
compact_29,checkpoint_2,feasible2,0.75,0.25,1.0,4,4,4,4,1
compact_29,checkpoint_2,quality2,0.5,0.1875,0.75,4,4,4,4,1
compact_29,checkpoint_2,regret2,0.0,0.0,0.0,4,4,4,4,1
compact_29,checkpoint_2,random_hit2,0.39285714285714285,0.25,0.46428571428571425,4,4,3,3,1
compact_29,checkpoint_2,random_feasible2,0.4375,0.1607142857142857,0.6428571428571428,4,4,4,4,1
compact_29,checkpoint_2,random_quality2,0.203125,0.0625,0.296875,4,4,4,4,1
compact_29,checkpoint_2,excess_hit2,0.6071428571428571,0.5357142857142857,0.75,4,4,3,3,1
compact_29,checkpoint_2,excess_feasible2,0.3125,0.0892857142857143,0.4910714285714286,4,4,4,4,1
compact_29,checkpoint_2,excess_quality2,0.296875,0.109375,0.46875,4,4,4,4,1
compact_29,checkpoint_2,boundary_near_tie2,0.0,0.0,0.0,4,4,4,4,1
compact_29,checkpoint_2,hit4,1.0,1.0,1.0,4,4,3,3,1
compact_29,checkpoint_2,feasible4,0.75,0.25,1.0,4,4,4,4,1
compact_29,checkpoint_2,quality4,0.375,0.125,0.5625,4,4,4,4,1
compact_29,checkpoint_2,regret4,0.0,0.0,0.0,4,4,4,4,1
compact_29,checkpoint_2,random_hit4,0.6904761904761904,0.5,0.7857142857142857,4,4,3,3,1
compact_29,checkpoint_2,random_feasible4,0.6607142857142858,0.23214285714285715,0.9285714285714286,4,4,4,4,1
compact_29,checkpoint_2,random_quality4,0.203125,0.0625,0.296875,4,4,4,4,1
compact_29,checkpoint_2,excess_hit4,0.30952380952380953,0.2142857142857143,0.5,4,4,3,3,1
compact_29,checkpoint_2,excess_feasible4,0.08928571428571427,0.01785714285714285,0.17857142857142858,4,4,4,4,1
compact_29,checkpoint_2,excess_quality4,0.171875,0.0625,0.28125,4,4,4,4,1
compact_29,checkpoint_2,boundary_near_tie4,0.0,0.0,0.0,4,4,4,4,1
compact_29,checkpoint_2,score_spread,0.2993951307018661,0.18874908961716502,0.4496096985280665,4,4,4,4,1
compact_29,checkpoint_2,numerically_flat,0.0,0.0,0.0,4,4,4,4,1
compact_29,checkpoint_2,adjacent_near_tie_fraction,0.0,0.0,0.0,4,4,4,4,1
compact_29,checkpoint_2,intermediate_label_fraction,0.09375,0.0,0.1875,4,4,4,4,1
compact_29,checkpoint_2,empirical_pool_quality,0.203125,0.0625,0.296875,4,4,4,4,1
compact_29,checkpoint_2,brier,0.14042383443857875,0.07432084815969359,0.20652682071746392,4,4,4,4,1
compact_29,checkpoint_2,bernoulli_brier,0.16386133443857875,0.07889623036423662,0.23659047272206526,4,4,4,4,1
compact_29,checkpoint_2,log_loss,0.49336585174045167,0.2503682127775962,0.7231035238589398,4,4,4,4,1
compact_29,checkpoint_3,hit1,1.0,1.0,1.0,2,2,2,2,0
compact_29,checkpoint_3,feasible1,1.0,1.0,1.0,2,2,2,2,0
compact_29,checkpoint_3,quality1,1.0,1.0,1.0,2,2,2,2,0
compact_29,checkpoint_3,regret1,0.0,0.0,0.0,2,2,2,2,0
compact_29,checkpoint_3,random_hit1,0.5,0.5,0.5,2,2,2,2,0
compact_29,checkpoint_3,random_feasible1,0.5625,0.5,0.625,2,2,2,2,0
compact_29,checkpoint_3,random_quality1,0.53125,0.5,0.5625,2,2,2,2,0
compact_29,checkpoint_3,excess_hit1,0.5,0.5,0.5,2,2,2,2,0
compact_29,checkpoint_3,excess_feasible1,0.4375,0.375,0.5,2,2,2,2,0
compact_29,checkpoint_3,excess_quality1,0.46875,0.4375,0.5,2,2,2,2,0
compact_29,checkpoint_3,boundary_near_tie1,0.0,0.0,0.0,2,2,2,2,0
compact_29,checkpoint_3,hit2,1.0,1.0,1.0,2,2,2,2,0
compact_29,checkpoint_3,feasible2,1.0,1.0,1.0,2,2,2,2,0
compact_29,checkpoint_3,quality2,1.0,1.0,1.0,2,2,2,2,0
compact_29,checkpoint_3,regret2,0.0,0.0,0.0,2,2,2,2,0
compact_29,checkpoint_3,random_hit2,0.7857142857142857,0.7857142857142857,0.7857142857142857,2,2,2,2,0
compact_29,checkpoint_3,random_feasible2,0.8392857142857143,0.7857142857142857,0.8928571428571429,2,2,2,2,0
compact_29,checkpoint_3,random_quality2,0.53125,0.5,0.5625,2,2,2,2,0
compact_29,checkpoint_3,excess_hit2,0.2142857142857143,0.2142857142857143,0.2142857142857143,2,2,2,2,0
compact_29,checkpoint_3,excess_feasible2,0.1607142857142857,0.1071428571428571,0.2142857142857143,2,2,2,2,0
compact_29,checkpoint_3,excess_quality2,0.46875,0.4375,0.5,2,2,2,2,0
compact_29,checkpoint_3,boundary_near_tie2,0.0,0.0,0.0,2,2,2,2,0
compact_29,checkpoint_3,hit4,1.0,1.0,1.0,2,2,2,2,0
compact_29,checkpoint_3,feasible4,1.0,1.0,1.0,2,2,2,2,0
compact_29,checkpoint_3,quality4,0.9375,0.875,1.0,2,2,2,2,0
compact_29,checkpoint_3,regret4,0.0,0.0,0.0,2,2,2,2,0
compact_29,checkpoint_3,random_hit4,0.9857142857142858,0.9857142857142858,0.9857142857142858,2,2,2,2,0
compact_29,checkpoint_3,random_feasible4,0.9928571428571429,0.9857142857142858,1.0,2,2,2,2,0
compact_29,checkpoint_3,random_quality4,0.53125,0.5,0.5625,2,2,2,2,0
compact_29,checkpoint_3,excess_hit4,0.014285714285714235,0.014285714285714235,0.014285714285714235,2,2,2,2,0
compact_29,checkpoint_3,excess_feasible4,0.0071428571428571175,0.0,0.014285714285714235,2,2,2,2,0
compact_29,checkpoint_3,excess_quality4,0.40625,0.3125,0.5,2,2,2,2,0
compact_29,checkpoint_3,boundary_near_tie4,0.0,0.0,0.0,2,2,2,2,0
compact_29,checkpoint_3,score_spread,0.732199023805302,0.6913796663929844,0.7730183812176195,2,2,2,2,0
compact_29,checkpoint_3,numerically_flat,0.0,0.0,0.0,2,2,2,2,0
compact_29,checkpoint_3,adjacent_near_tie_fraction,0.0,0.0,0.0,2,2,2,2,0
compact_29,checkpoint_3,intermediate_label_fraction,0.0625,0.0,0.125,2,2,2,2,0
compact_29,checkpoint_3,empirical_pool_quality,0.53125,0.5,0.5625,2,2,2,2,0
compact_29,checkpoint_3,brier,0.08407486344055323,0.06507588948678594,0.10307383739432051,2,2,2,2,0
compact_29,checkpoint_3,bernoulli_brier,0.09969986344055323,0.09632588948678594,0.10307383739432051,2,2,2,2,0
compact_29,checkpoint_3,log_loss,0.314270263106477,0.3048703717592707,0.3236701544536833,2,2,2,2,0
compact_29_raw,overall,hit1,0.4,0.0,0.8,6,6,5,5,1
compact_29_raw,overall,feasible1,0.6666666666666666,0.3333333333333333,1.0,6,6,6,6,1
compact_29_raw,overall,quality1,0.5,0.16666666666666666,0.8333333333333334,6,6,6,6,1
compact_29_raw,overall,regret1,0.3333333333333333,0.08333333333333333,0.6666666666666666,6,6,6,6,1
compact_29_raw,overall,random_hit1,0.325,0.2,0.45,6,6,5,5,1
compact_29_raw,overall,random_feasible1,0.3541666666666667,0.1875,0.5,6,6,6,6,1
compact_29_raw,overall,random_quality1,0.3125,0.16666666666666666,0.4479166666666667,6,6,6,6,1
compact_29_raw,overall,excess_hit1,0.075,-0.225,0.375,6,6,5,5,1
compact_29_raw,overall,excess_feasible1,0.3125,0.041666666666666664,0.5625,6,6,6,6,1
compact_29_raw,overall,excess_quality1,0.1875,-0.010416666666666666,0.375,6,6,6,6,1
compact_29_raw,overall,boundary_near_tie1,0.0,0.0,0.0,6,6,6,6,1
compact_29_raw,overall,hit2,1.0,1.0,1.0,6,6,5,5,1
compact_29_raw,overall,feasible2,0.8333333333333334,0.5,1.0,6,6,6,6,1
compact_29_raw,overall,quality2,0.6666666666666666,0.375,0.9166666666666666,6,6,6,6,1
compact_29_raw,overall,regret2,0.0,0.0,0.0,6,6,6,6,1
compact_29_raw,overall,random_hit2,0.55,0.37857142857142856,0.7214285714285714,6,6,5,5,1
compact_29_raw,overall,random_feasible2,0.5714285714285714,0.31547619047619047,0.7738095238095237,6,6,6,6,1
compact_29_raw,overall,random_quality2,0.3125,0.16666666666666666,0.4479166666666667,6,6,6,6,1
compact_29_raw,overall,excess_hit2,0.45,0.2785714285714286,0.6214285714285713,6,6,5,5,1
compact_29_raw,overall,excess_feasible2,0.2619047619047619,0.1130952380952381,0.3988095238095238,6,6,6,6,1
compact_29_raw,overall,excess_quality2,0.3541666666666667,0.19791666666666666,0.4791666666666667,6,6,6,6,1
compact_29_raw,overall,boundary_near_tie2,0.0,0.0,0.0,6,6,6,6,1
compact_29_raw,overall,hit4,1.0,1.0,1.0,6,6,5,5,1
compact_29_raw,overall,feasible4,0.8333333333333334,0.5,1.0,6,6,6,6,1
compact_29_raw,overall,quality4,0.5625,0.2916666666666667,0.8125,6,6,6,6,1
compact_29_raw,overall,regret4,0.0,0.0,0.0,6,6,6,6,1
compact_29_raw,overall,random_hit4,0.8085714285714285,0.6542857142857142,0.9457142857142857,6,6,5,5,1
compact_29_raw,overall,random_feasible4,0.7714285714285715,0.45,0.9690476190476192,6,6,6,6,1
compact_29_raw,overall,random_quality4,0.3125,0.16666666666666666,0.4479166666666667,6,6,6,6,1
compact_29_raw,overall,excess_hit4,0.19142857142857142,0.05428571428571425,0.34571428571428575,6,6,5,5,1
compact_29_raw,overall,excess_feasible4,0.061904761904761886,0.011904761904761899,0.1238095238095238,6,6,6,6,1
compact_29_raw,overall,excess_quality4,0.25,0.125,0.3645833333333333,6,6,6,6,1
compact_29_raw,overall,boundary_near_tie4,0.0,0.0,0.0,6,6,6,6,1
compact_29_raw,overall,score_spread,0.6553831137853341,0.5489427878837589,0.7585347662640635,6,6,6,6,1
compact_29_raw,overall,numerically_flat,0.0,0.0,0.0,6,6,6,6,1
compact_29_raw,overall,adjacent_near_tie_fraction,0.0,0.0,0.0,6,6,6,6,1
compact_29_raw,overall,intermediate_label_fraction,0.08333333333333333,0.020833333333333332,0.16666666666666666,6,6,6,6,1
compact_29_raw,overall,empirical_pool_quality,0.3125,0.16666666666666666,0.4479166666666667,6,6,6,6,1
compact_29_raw,overall,brier,0.11023676044995064,0.07342796335306612,0.14098434558032139,6,6,6,6,1
compact_29_raw,overall,bernoulli_brier,0.13107009378328396,0.09871235890488957,0.1593605740890284,6,6,6,6,1
compact_29_raw,overall,log_loss,0.3897123645047904,0.3166844469047188,0.45555361284176715,6,6,6,6,1
compact_29_raw,checkpoint_2,hit1,0.0,0.0,0.0,4,4,3,3,1
compact_29_raw,checkpoint_2,feasible1,0.5,0.0,1.0,4,4,4,4,1
compact_29_raw,checkpoint_2,quality1,0.25,0.0,0.5,4,4,4,4,1
compact_29_raw,checkpoint_2,regret1,0.5,0.125,0.875,4,4,4,4,1
compact_29_raw,checkpoint_2,random_hit1,0.20833333333333334,0.125,0.25,4,4,3,3,1
compact_29_raw,checkpoint_2,random_feasible1,0.25,0.09375,0.375,4,4,4,4,1
compact_29_raw,checkpoint_2,random_quality1,0.203125,0.0625,0.296875,4,4,4,4,1
compact_29_raw,checkpoint_2,excess_hit1,-0.20833333333333334,-0.25,-0.125,4,4,3,3,1
compact_29_raw,checkpoint_2,excess_feasible1,0.25,-0.125,0.625,4,4,4,4,1
compact_29_raw,checkpoint_2,excess_quality1,0.046875,-0.140625,0.21875,4,4,4,4,1
compact_29_raw,checkpoint_2,boundary_near_tie1,0.0,0.0,0.0,4,4,4,4,1
compact_29_raw,checkpoint_2,hit2,1.0,1.0,1.0,4,4,3,3,1
compact_29_raw,checkpoint_2,feasible2,0.75,0.25,1.0,4,4,4,4,1
compact_29_raw,checkpoint_2,quality2,0.5,0.1875,0.75,4,4,4,4,1
compact_29_raw,checkpoint_2,regret2,0.0,0.0,0.0,4,4,4,4,1
compact_29_raw,checkpoint_2,random_hit2,0.39285714285714285,0.25,0.46428571428571425,4,4,3,3,1
compact_29_raw,checkpoint_2,random_feasible2,0.4375,0.1607142857142857,0.6428571428571428,4,4,4,4,1
compact_29_raw,checkpoint_2,random_quality2,0.203125,0.0625,0.296875,4,4,4,4,1
compact_29_raw,checkpoint_2,excess_hit2,0.6071428571428571,0.5357142857142857,0.75,4,4,3,3,1
compact_29_raw,checkpoint_2,excess_feasible2,0.3125,0.0892857142857143,0.4910714285714286,4,4,4,4,1
compact_29_raw,checkpoint_2,excess_quality2,0.296875,0.109375,0.46875,4,4,4,4,1
compact_29_raw,checkpoint_2,boundary_near_tie2,0.0,0.0,0.0,4,4,4,4,1
compact_29_raw,checkpoint_2,hit4,1.0,1.0,1.0,4,4,3,3,1
compact_29_raw,checkpoint_2,feasible4,0.75,0.25,1.0,4,4,4,4,1
compact_29_raw,checkpoint_2,quality4,0.375,0.125,0.5625,4,4,4,4,1
compact_29_raw,checkpoint_2,regret4,0.0,0.0,0.0,4,4,4,4,1
compact_29_raw,checkpoint_2,random_hit4,0.6904761904761904,0.5,0.7857142857142857,4,4,3,3,1
compact_29_raw,checkpoint_2,random_feasible4,0.6607142857142858,0.23214285714285715,0.9285714285714286,4,4,4,4,1
compact_29_raw,checkpoint_2,random_quality4,0.203125,0.0625,0.296875,4,4,4,4,1
compact_29_raw,checkpoint_2,excess_hit4,0.30952380952380953,0.2142857142857143,0.5,4,4,3,3,1
compact_29_raw,checkpoint_2,excess_feasible4,0.08928571428571427,0.01785714285714285,0.17857142857142858,4,4,4,4,1
compact_29_raw,checkpoint_2,excess_quality4,0.171875,0.0625,0.28125,4,4,4,4,1
compact_29_raw,checkpoint_2,boundary_near_tie4,0.0,0.0,0.0,4,4,4,4,1
compact_29_raw,checkpoint_2,score_spread,0.5790109040792687,0.4897879673781745,0.6851741559680352,4,4,4,4,1
compact_29_raw,checkpoint_2,numerically_flat,0.0,0.0,0.0,4,4,4,4,1
compact_29_raw,checkpoint_2,adjacent_near_tie_fraction,0.0,0.0,0.0,4,4,4,4,1
compact_29_raw,checkpoint_2,intermediate_label_fraction,0.09375,0.0,0.1875,4,4,4,4,1
compact_29_raw,checkpoint_2,empirical_pool_quality,0.203125,0.0625,0.296875,4,4,4,4,1
compact_29_raw,checkpoint_2,brier,0.13393095650828063,0.10932897255116145,0.15139210376603732,4,4,4,4,1
compact_29_raw,checkpoint_2,bernoulli_brier,0.15736845650828063,0.15052731506628791,0.16450929320764318,4,4,4,4,1
compact_29_raw,checkpoint_2,log_loss,0.4484501028565741,0.42703238578764563,0.4702045378386013,4,4,4,4,1
compact_29_raw,checkpoint_3,hit1,1.0,1.0,1.0,2,2,2,2,0
compact_29_raw,checkpoint_3,feasible1,1.0,1.0,1.0,2,2,2,2,0
compact_29_raw,checkpoint_3,quality1,1.0,1.0,1.0,2,2,2,2,0
compact_29_raw,checkpoint_3,regret1,0.0,0.0,0.0,2,2,2,2,0
compact_29_raw,checkpoint_3,random_hit1,0.5,0.5,0.5,2,2,2,2,0
compact_29_raw,checkpoint_3,random_feasible1,0.5625,0.5,0.625,2,2,2,2,0
compact_29_raw,checkpoint_3,random_quality1,0.53125,0.5,0.5625,2,2,2,2,0
compact_29_raw,checkpoint_3,excess_hit1,0.5,0.5,0.5,2,2,2,2,0
compact_29_raw,checkpoint_3,excess_feasible1,0.4375,0.375,0.5,2,2,2,2,0
compact_29_raw,checkpoint_3,excess_quality1,0.46875,0.4375,0.5,2,2,2,2,0
compact_29_raw,checkpoint_3,boundary_near_tie1,0.0,0.0,0.0,2,2,2,2,0
compact_29_raw,checkpoint_3,hit2,1.0,1.0,1.0,2,2,2,2,0
compact_29_raw,checkpoint_3,feasible2,1.0,1.0,1.0,2,2,2,2,0
compact_29_raw,checkpoint_3,quality2,1.0,1.0,1.0,2,2,2,2,0
compact_29_raw,checkpoint_3,regret2,0.0,0.0,0.0,2,2,2,2,0
compact_29_raw,checkpoint_3,random_hit2,0.7857142857142857,0.7857142857142857,0.7857142857142857,2,2,2,2,0
compact_29_raw,checkpoint_3,random_feasible2,0.8392857142857143,0.7857142857142857,0.8928571428571429,2,2,2,2,0
compact_29_raw,checkpoint_3,random_quality2,0.53125,0.5,0.5625,2,2,2,2,0
compact_29_raw,checkpoint_3,excess_hit2,0.2142857142857143,0.2142857142857143,0.2142857142857143,2,2,2,2,0
compact_29_raw,checkpoint_3,excess_feasible2,0.1607142857142857,0.1071428571428571,0.2142857142857143,2,2,2,2,0
compact_29_raw,checkpoint_3,excess_quality2,0.46875,0.4375,0.5,2,2,2,2,0
compact_29_raw,checkpoint_3,boundary_near_tie2,0.0,0.0,0.0,2,2,2,2,0
compact_29_raw,checkpoint_3,hit4,1.0,1.0,1.0,2,2,2,2,0
compact_29_raw,checkpoint_3,feasible4,1.0,1.0,1.0,2,2,2,2,0
compact_29_raw,checkpoint_3,quality4,0.9375,0.875,1.0,2,2,2,2,0
compact_29_raw,checkpoint_3,regret4,0.0,0.0,0.0,2,2,2,2,0
compact_29_raw,checkpoint_3,random_hit4,0.9857142857142858,0.9857142857142858,0.9857142857142858,2,2,2,2,0
compact_29_raw,checkpoint_3,random_feasible4,0.9928571428571429,0.9857142857142858,1.0,2,2,2,2,0
compact_29_raw,checkpoint_3,random_quality4,0.53125,0.5,0.5625,2,2,2,2,0
compact_29_raw,checkpoint_3,excess_hit4,0.014285714285714235,0.014285714285714235,0.014285714285714235,2,2,2,2,0
compact_29_raw,checkpoint_3,excess_feasible4,0.0071428571428571175,0.0,0.014285714285714235,2,2,2,2,0
compact_29_raw,checkpoint_3,excess_quality4,0.40625,0.3125,0.5,2,2,2,2,0
compact_29_raw,checkpoint_3,boundary_near_tie4,0.0,0.0,0.0,2,2,2,2,0
compact_29_raw,checkpoint_3,score_spread,0.8081275331974649,0.7878557266409381,0.8283993397539917,2,2,2,2,0
compact_29_raw,checkpoint_3,numerically_flat,0.0,0.0,0.0,2,2,2,2,0
compact_29_raw,checkpoint_3,adjacent_near_tie_fraction,0.0,0.0,0.0,2,2,2,2,0
compact_29_raw,checkpoint_3,intermediate_label_fraction,0.0625,0.0,0.125,2,2,2,2,0
compact_29_raw,checkpoint_3,empirical_pool_quality,0.53125,0.5,0.5625,2,2,2,2,0
compact_29_raw,checkpoint_3,brier,0.06284836833329065,0.03304806457265339,0.09264867209392791,2,2,2,2,0
compact_29_raw,checkpoint_3,bernoulli_brier,0.07847336833329066,0.0642980645726534,0.09264867209392791,2,2,2,2,0
compact_29_raw,checkpoint_3,log_loss,0.27223688780122307,0.2402971611040476,0.3041766144983985,2,2,2,2,0
compact_43,overall,hit1,0.4,0.0,0.8,6,6,5,5,1
compact_43,overall,feasible1,0.6666666666666666,0.3333333333333333,1.0,6,6,6,6,1
compact_43,overall,quality1,0.5,0.16666666666666666,0.8333333333333334,6,6,6,6,1
compact_43,overall,regret1,0.3333333333333333,0.08333333333333333,0.6666666666666666,6,6,6,6,1
compact_43,overall,random_hit1,0.325,0.2,0.45,6,6,5,5,1
compact_43,overall,random_feasible1,0.3541666666666667,0.1875,0.5,6,6,6,6,1
compact_43,overall,random_quality1,0.3125,0.16666666666666666,0.4479166666666667,6,6,6,6,1
compact_43,overall,excess_hit1,0.075,-0.225,0.375,6,6,5,5,1
compact_43,overall,excess_feasible1,0.3125,0.041666666666666664,0.5625,6,6,6,6,1
compact_43,overall,excess_quality1,0.1875,-0.010416666666666666,0.375,6,6,6,6,1
compact_43,overall,boundary_near_tie1,0.0,0.0,0.0,6,6,6,6,1
compact_43,overall,hit2,0.8,0.4,1.0,6,6,5,5,1
compact_43,overall,feasible2,0.6666666666666666,0.3333333333333333,1.0,6,6,6,6,1
compact_43,overall,quality2,0.5833333333333334,0.25,0.9166666666666666,6,6,6,6,1
compact_43,overall,regret2,0.16666666666666666,0.0,0.5,6,6,6,6,1
compact_43,overall,random_hit2,0.55,0.37857142857142856,0.7214285714285714,6,6,5,5,1
compact_43,overall,random_feasible2,0.5714285714285714,0.31547619047619047,0.7738095238095237,6,6,6,6,1
compact_43,overall,random_quality2,0.3125,0.16666666666666666,0.4479166666666667,6,6,6,6,1
compact_43,overall,excess_hit2,0.25,-0.1285714285714286,0.5571428571428572,6,6,5,5,1
compact_43,overall,excess_feasible2,0.09523809523809525,-0.14285714285714288,0.2916666666666667,6,6,6,6,1
compact_43,overall,excess_quality2,0.2708333333333333,0.03125,0.4791666666666667,6,6,6,6,1
compact_43,overall,boundary_near_tie2,0.0,0.0,0.0,6,6,6,6,1
compact_43,overall,hit4,1.0,1.0,1.0,6,6,5,5,1
compact_43,overall,feasible4,0.8333333333333334,0.5,1.0,6,6,6,6,1
compact_43,overall,quality4,0.5208333333333334,0.2708333333333333,0.7291666666666666,6,6,6,6,1
compact_43,overall,regret4,0.0,0.0,0.0,6,6,6,6,1
compact_43,overall,random_hit4,0.8085714285714285,0.6542857142857142,0.9457142857142857,6,6,5,5,1
compact_43,overall,random_feasible4,0.7714285714285715,0.45,0.9690476190476192,6,6,6,6,1
compact_43,overall,random_quality4,0.3125,0.16666666666666666,0.4479166666666667,6,6,6,6,1
compact_43,overall,excess_hit4,0.19142857142857142,0.05428571428571425,0.34571428571428575,6,6,5,5,1
compact_43,overall,excess_feasible4,0.061904761904761886,0.011904761904761899,0.1238095238095238,6,6,6,6,1
compact_43,overall,excess_quality4,0.20833333333333334,0.11458333333333333,0.2916666666666667,6,6,6,6,1
compact_43,overall,boundary_near_tie4,0.0,0.0,0.0,6,6,6,6,1
compact_43,overall,score_spread,0.39822750008205415,0.2796509771547051,0.5198147829574683,6,6,6,6,1
compact_43,overall,numerically_flat,0.0,0.0,0.0,6,6,6,6,1
compact_43,overall,adjacent_near_tie_fraction,0.0,0.0,0.0,6,6,6,6,1
compact_43,overall,intermediate_label_fraction,0.08333333333333333,0.020833333333333332,0.16666666666666666,6,6,6,6,1
compact_43,overall,empirical_pool_quality,0.3125,0.16666666666666666,0.4479166666666667,6,6,6,6,1
compact_43,overall,brier,0.12901959045207534,0.08596238804263186,0.1703319527440428,6,6,6,6,1
compact_43,overall,bernoulli_brier,0.14985292378540868,0.10017134156313888,0.19083516499380174,6,6,6,6,1
compact_43,overall,log_loss,0.4409053954292812,0.313344141642705,0.5440302788656176,6,6,6,6,1
compact_43,checkpoint_2,hit1,0.0,0.0,0.0,4,4,3,3,1
compact_43,checkpoint_2,feasible1,0.5,0.0,1.0,4,4,4,4,1
compact_43,checkpoint_2,quality1,0.25,0.0,0.5,4,4,4,4,1
compact_43,checkpoint_2,regret1,0.5,0.125,0.875,4,4,4,4,1
compact_43,checkpoint_2,random_hit1,0.20833333333333334,0.125,0.25,4,4,3,3,1
compact_43,checkpoint_2,random_feasible1,0.25,0.09375,0.375,4,4,4,4,1
compact_43,checkpoint_2,random_quality1,0.203125,0.0625,0.296875,4,4,4,4,1
compact_43,checkpoint_2,excess_hit1,-0.20833333333333334,-0.25,-0.125,4,4,3,3,1
compact_43,checkpoint_2,excess_feasible1,0.25,-0.125,0.625,4,4,4,4,1
compact_43,checkpoint_2,excess_quality1,0.046875,-0.140625,0.21875,4,4,4,4,1
compact_43,checkpoint_2,boundary_near_tie1,0.0,0.0,0.0,4,4,4,4,1
compact_43,checkpoint_2,hit2,0.6666666666666666,0.0,1.0,4,4,3,3,1
compact_43,checkpoint_2,feasible2,0.5,0.0,1.0,4,4,4,4,1
compact_43,checkpoint_2,quality2,0.375,0.0,0.75,4,4,4,4,1
compact_43,checkpoint_2,regret2,0.25,0.0,0.75,4,4,4,4,1
compact_43,checkpoint_2,random_hit2,0.39285714285714285,0.25,0.46428571428571425,4,4,3,3,1
compact_43,checkpoint_2,random_feasible2,0.4375,0.1607142857142857,0.6428571428571428,4,4,4,4,1
compact_43,checkpoint_2,random_quality2,0.203125,0.0625,0.296875,4,4,4,4,1
compact_43,checkpoint_2,excess_hit2,0.2738095238095238,-0.46428571428571425,0.75,4,4,3,3,1
compact_43,checkpoint_2,excess_feasible2,0.06250000000000003,-0.2589285714285714,0.3571428571428572,4,4,4,4,1
compact_43,checkpoint_2,excess_quality2,0.171875,-0.125,0.46875,4,4,4,4,1
compact_43,checkpoint_2,boundary_near_tie2,0.0,0.0,0.0,4,4,4,4,1
compact_43,checkpoint_2,hit4,1.0,1.0,1.0,4,4,3,3,1
compact_43,checkpoint_2,feasible4,0.75,0.25,1.0,4,4,4,4,1
compact_43,checkpoint_2,quality4,0.375,0.125,0.5625,4,4,4,4,1
compact_43,checkpoint_2,regret4,0.0,0.0,0.0,4,4,4,4,1
compact_43,checkpoint_2,random_hit4,0.6904761904761904,0.5,0.7857142857142857,4,4,3,3,1
compact_43,checkpoint_2,random_feasible4,0.6607142857142858,0.23214285714285715,0.9285714285714286,4,4,4,4,1
compact_43,checkpoint_2,random_quality4,0.203125,0.0625,0.296875,4,4,4,4,1
compact_43,checkpoint_2,excess_hit4,0.30952380952380953,0.2142857142857143,0.5,4,4,3,3,1
compact_43,checkpoint_2,excess_feasible4,0.08928571428571427,0.01785714285714285,0.17857142857142858,4,4,4,4,1
compact_43,checkpoint_2,excess_quality4,0.171875,0.0625,0.28125,4,4,4,4,1
compact_43,checkpoint_2,boundary_near_tie4,0.0,0.0,0.0,4,4,4,4,1
compact_43,checkpoint_2,score_spread,0.3148116809126053,0.22233962646712038,0.43978155745198516,4,4,4,4,1
compact_43,checkpoint_2,numerically_flat,0.0,0.0,0.0,4,4,4,4,1
compact_43,checkpoint_2,adjacent_near_tie_fraction,0.0,0.0,0.0,4,4,4,4,1
compact_43,checkpoint_2,intermediate_label_fraction,0.09375,0.0,0.1875,4,4,4,4,1
compact_43,checkpoint_2,empirical_pool_quality,0.203125,0.0625,0.296875,4,4,4,4,1
compact_43,checkpoint_2,brier,0.13063966027672325,0.06959451311564566,0.1916848074378008,4,4,4,4,1
compact_43,checkpoint_2,bernoulli_brier,0.15407716027672325,0.07955478694331852,0.20913553649753916,4,4,4,4,1
compact_43,checkpoint_2,log_loss,0.4497523431863475,0.25814963324309836,0.5893211207925437,4,4,4,4,1
compact_43,checkpoint_3,hit1,1.0,1.0,1.0,2,2,2,2,0
compact_43,checkpoint_3,feasible1,1.0,1.0,1.0,2,2,2,2,0
compact_43,checkpoint_3,quality1,1.0,1.0,1.0,2,2,2,2,0
compact_43,checkpoint_3,regret1,0.0,0.0,0.0,2,2,2,2,0
compact_43,checkpoint_3,random_hit1,0.5,0.5,0.5,2,2,2,2,0
compact_43,checkpoint_3,random_feasible1,0.5625,0.5,0.625,2,2,2,2,0
compact_43,checkpoint_3,random_quality1,0.53125,0.5,0.5625,2,2,2,2,0
compact_43,checkpoint_3,excess_hit1,0.5,0.5,0.5,2,2,2,2,0
compact_43,checkpoint_3,excess_feasible1,0.4375,0.375,0.5,2,2,2,2,0
compact_43,checkpoint_3,excess_quality1,0.46875,0.4375,0.5,2,2,2,2,0
compact_43,checkpoint_3,boundary_near_tie1,0.0,0.0,0.0,2,2,2,2,0
compact_43,checkpoint_3,hit2,1.0,1.0,1.0,2,2,2,2,0
compact_43,checkpoint_3,feasible2,1.0,1.0,1.0,2,2,2,2,0
compact_43,checkpoint_3,quality2,1.0,1.0,1.0,2,2,2,2,0
compact_43,checkpoint_3,regret2,0.0,0.0,0.0,2,2,2,2,0
compact_43,checkpoint_3,random_hit2,0.7857142857142857,0.7857142857142857,0.7857142857142857,2,2,2,2,0
compact_43,checkpoint_3,random_feasible2,0.8392857142857143,0.7857142857142857,0.8928571428571429,2,2,2,2,0
compact_43,checkpoint_3,random_quality2,0.53125,0.5,0.5625,2,2,2,2,0
compact_43,checkpoint_3,excess_hit2,0.2142857142857143,0.2142857142857143,0.2142857142857143,2,2,2,2,0
compact_43,checkpoint_3,excess_feasible2,0.1607142857142857,0.1071428571428571,0.2142857142857143,2,2,2,2,0
compact_43,checkpoint_3,excess_quality2,0.46875,0.4375,0.5,2,2,2,2,0
compact_43,checkpoint_3,boundary_near_tie2,0.0,0.0,0.0,2,2,2,2,0
compact_43,checkpoint_3,hit4,1.0,1.0,1.0,2,2,2,2,0
compact_43,checkpoint_3,feasible4,1.0,1.0,1.0,2,2,2,2,0
compact_43,checkpoint_3,quality4,0.8125,0.75,0.875,2,2,2,2,0
compact_43,checkpoint_3,regret4,0.0,0.0,0.0,2,2,2,2,0
compact_43,checkpoint_3,random_hit4,0.9857142857142858,0.9857142857142858,0.9857142857142858,2,2,2,2,0
compact_43,checkpoint_3,random_feasible4,0.9928571428571429,0.9857142857142858,1.0,2,2,2,2,0
compact_43,checkpoint_3,random_quality4,0.53125,0.5,0.5625,2,2,2,2,0
compact_43,checkpoint_3,excess_hit4,0.014285714285714235,0.014285714285714235,0.014285714285714235,2,2,2,2,0
compact_43,checkpoint_3,excess_feasible4,0.0071428571428571175,0.0,0.014285714285714235,2,2,2,2,0
compact_43,checkpoint_3,excess_quality4,0.28125,0.25,0.3125,2,2,2,2,0
compact_43,checkpoint_3,boundary_near_tie4,0.0,0.0,0.0,2,2,2,2,0
compact_43,checkpoint_3,score_spread,0.5650591384209518,0.5075291942799286,0.622589082561975,2,2,2,2,0
compact_43,checkpoint_3,numerically_flat,0.0,0.0,0.0,2,2,2,2,0
compact_43,checkpoint_3,adjacent_near_tie_fraction,0.0,0.0,0.0,2,2,2,2,0
compact_43,checkpoint_3,intermediate_label_fraction,0.0625,0.0,0.125,2,2,2,2,0
compact_43,checkpoint_3,empirical_pool_quality,0.53125,0.5,0.5625,2,2,2,2,0
compact_43,checkpoint_3,brier,0.12577945080277952,0.10157261905771112,0.14998628254784796,2,2,2,2,0
compact_43,checkpoint_3,bernoulli_brier,0.14140445080277955,0.13282261905771114,0.14998628254784796,2,2,2,2,0
compact_43,checkpoint_3,log_loss,0.4232114999151485,0.4058780847187837,0.44054491511151334,2,2,2,2,0
compact_43_raw,overall,hit1,0.4,0.0,0.8,6,6,5,5,1
compact_43_raw,overall,feasible1,0.6666666666666666,0.3333333333333333,1.0,6,6,6,6,1
compact_43_raw,overall,quality1,0.5,0.16666666666666666,0.8333333333333334,6,6,6,6,1
compact_43_raw,overall,regret1,0.3333333333333333,0.08333333333333333,0.6666666666666666,6,6,6,6,1
compact_43_raw,overall,random_hit1,0.325,0.2,0.45,6,6,5,5,1
compact_43_raw,overall,random_feasible1,0.3541666666666667,0.1875,0.5,6,6,6,6,1
compact_43_raw,overall,random_quality1,0.3125,0.16666666666666666,0.4479166666666667,6,6,6,6,1
compact_43_raw,overall,excess_hit1,0.075,-0.225,0.375,6,6,5,5,1
compact_43_raw,overall,excess_feasible1,0.3125,0.041666666666666664,0.5625,6,6,6,6,1
compact_43_raw,overall,excess_quality1,0.1875,-0.010416666666666666,0.375,6,6,6,6,1
compact_43_raw,overall,boundary_near_tie1,0.0,0.0,0.0,6,6,6,6,1
compact_43_raw,overall,hit2,0.8,0.4,1.0,6,6,5,5,1
compact_43_raw,overall,feasible2,0.6666666666666666,0.3333333333333333,1.0,6,6,6,6,1
compact_43_raw,overall,quality2,0.5833333333333334,0.25,0.9166666666666666,6,6,6,6,1
compact_43_raw,overall,regret2,0.16666666666666666,0.0,0.5,6,6,6,6,1
compact_43_raw,overall,random_hit2,0.55,0.37857142857142856,0.7214285714285714,6,6,5,5,1
compact_43_raw,overall,random_feasible2,0.5714285714285714,0.31547619047619047,0.7738095238095237,6,6,6,6,1
compact_43_raw,overall,random_quality2,0.3125,0.16666666666666666,0.4479166666666667,6,6,6,6,1
compact_43_raw,overall,excess_hit2,0.25,-0.1285714285714286,0.5571428571428572,6,6,5,5,1
compact_43_raw,overall,excess_feasible2,0.09523809523809525,-0.14285714285714288,0.2916666666666667,6,6,6,6,1
compact_43_raw,overall,excess_quality2,0.2708333333333333,0.03125,0.4791666666666667,6,6,6,6,1
compact_43_raw,overall,boundary_near_tie2,0.0,0.0,0.0,6,6,6,6,1
compact_43_raw,overall,hit4,1.0,1.0,1.0,6,6,5,5,1
compact_43_raw,overall,feasible4,0.8333333333333334,0.5,1.0,6,6,6,6,1
compact_43_raw,overall,quality4,0.5208333333333334,0.2708333333333333,0.7291666666666666,6,6,6,6,1
compact_43_raw,overall,regret4,0.0,0.0,0.0,6,6,6,6,1
compact_43_raw,overall,random_hit4,0.8085714285714285,0.6542857142857142,0.9457142857142857,6,6,5,5,1
compact_43_raw,overall,random_feasible4,0.7714285714285715,0.45,0.9690476190476192,6,6,6,6,1
compact_43_raw,overall,random_quality4,0.3125,0.16666666666666666,0.4479166666666667,6,6,6,6,1
compact_43_raw,overall,excess_hit4,0.19142857142857142,0.05428571428571425,0.34571428571428575,6,6,5,5,1
compact_43_raw,overall,excess_feasible4,0.061904761904761886,0.011904761904761899,0.1238095238095238,6,6,6,6,1
compact_43_raw,overall,excess_quality4,0.20833333333333334,0.11458333333333333,0.2916666666666667,6,6,6,6,1
compact_43_raw,overall,boundary_near_tie4,0.0,0.0,0.0,6,6,6,6,1
compact_43_raw,overall,score_spread,0.16922229340818482,0.1476790140361662,0.19369387016117093,6,6,6,6,1
compact_43_raw,overall,numerically_flat,0.0,0.0,0.0,6,6,6,6,1
compact_43_raw,overall,adjacent_near_tie_fraction,0.0,0.0,0.0,6,6,6,6,1
compact_43_raw,overall,intermediate_label_fraction,0.08333333333333333,0.020833333333333332,0.16666666666666666,6,6,6,6,1
compact_43_raw,overall,empirical_pool_quality,0.3125,0.16666666666666666,0.4479166666666667,6,6,6,6,1
compact_43_raw,overall,brier,0.1784259495997689,0.10577360434284779,0.24493282281623818,6,6,6,6,1
compact_43_raw,overall,bernoulli_brier,0.19925928293310224,0.11909603584060637,0.26258085496763917,6,6,6,6,1
compact_43_raw,overall,log_loss,0.5632422274144283,0.3760866176362511,0.7045196083481406,6,6,6,6,1
compact_43_raw,checkpoint_2,hit1,0.0,0.0,0.0,4,4,3,3,1
compact_43_raw,checkpoint_2,feasible1,0.5,0.0,1.0,4,4,4,4,1
compact_43_raw,checkpoint_2,quality1,0.25,0.0,0.5,4,4,4,4,1
compact_43_raw,checkpoint_2,regret1,0.5,0.125,0.875,4,4,4,4,1
compact_43_raw,checkpoint_2,random_hit1,0.20833333333333334,0.125,0.25,4,4,3,3,1
compact_43_raw,checkpoint_2,random_feasible1,0.25,0.09375,0.375,4,4,4,4,1
compact_43_raw,checkpoint_2,random_quality1,0.203125,0.0625,0.296875,4,4,4,4,1
compact_43_raw,checkpoint_2,excess_hit1,-0.20833333333333334,-0.25,-0.125,4,4,3,3,1
compact_43_raw,checkpoint_2,excess_feasible1,0.25,-0.125,0.625,4,4,4,4,1
compact_43_raw,checkpoint_2,excess_quality1,0.046875,-0.140625,0.21875,4,4,4,4,1
compact_43_raw,checkpoint_2,boundary_near_tie1,0.0,0.0,0.0,4,4,4,4,1
compact_43_raw,checkpoint_2,hit2,0.6666666666666666,0.0,1.0,4,4,3,3,1
compact_43_raw,checkpoint_2,feasible2,0.5,0.0,1.0,4,4,4,4,1
compact_43_raw,checkpoint_2,quality2,0.375,0.0,0.75,4,4,4,4,1
compact_43_raw,checkpoint_2,regret2,0.25,0.0,0.75,4,4,4,4,1
compact_43_raw,checkpoint_2,random_hit2,0.39285714285714285,0.25,0.46428571428571425,4,4,3,3,1
compact_43_raw,checkpoint_2,random_feasible2,0.4375,0.1607142857142857,0.6428571428571428,4,4,4,4,1
compact_43_raw,checkpoint_2,random_quality2,0.203125,0.0625,0.296875,4,4,4,4,1
compact_43_raw,checkpoint_2,excess_hit2,0.2738095238095238,-0.46428571428571425,0.75,4,4,3,3,1
compact_43_raw,checkpoint_2,excess_feasible2,0.06250000000000003,-0.2589285714285714,0.3571428571428572,4,4,4,4,1
compact_43_raw,checkpoint_2,excess_quality2,0.171875,-0.125,0.46875,4,4,4,4,1
compact_43_raw,checkpoint_2,boundary_near_tie2,0.0,0.0,0.0,4,4,4,4,1
compact_43_raw,checkpoint_2,hit4,1.0,1.0,1.0,4,4,3,3,1
compact_43_raw,checkpoint_2,feasible4,0.75,0.25,1.0,4,4,4,4,1
compact_43_raw,checkpoint_2,quality4,0.375,0.125,0.5625,4,4,4,4,1
compact_43_raw,checkpoint_2,regret4,0.0,0.0,0.0,4,4,4,4,1
compact_43_raw,checkpoint_2,random_hit4,0.6904761904761904,0.5,0.7857142857142857,4,4,3,3,1
compact_43_raw,checkpoint_2,random_feasible4,0.6607142857142858,0.23214285714285715,0.9285714285714286,4,4,4,4,1
compact_43_raw,checkpoint_2,random_quality4,0.203125,0.0625,0.296875,4,4,4,4,1
compact_43_raw,checkpoint_2,excess_hit4,0.30952380952380953,0.2142857142857143,0.5,4,4,3,3,1
compact_43_raw,checkpoint_2,excess_feasible4,0.08928571428571427,0.01785714285714285,0.17857142857142858,4,4,4,4,1
compact_43_raw,checkpoint_2,excess_quality4,0.171875,0.0625,0.28125,4,4,4,4,1
compact_43_raw,checkpoint_2,boundary_near_tie4,0.0,0.0,0.0,4,4,4,4,1
compact_43_raw,checkpoint_2,score_spread,0.16195583491191307,0.140296113178638,0.19607813642577462,4,4,4,4,1
compact_43_raw,checkpoint_2,numerically_flat,0.0,0.0,0.0,4,4,4,4,1
compact_43_raw,checkpoint_2,adjacent_near_tie_fraction,0.0,0.0,0.0,4,4,4,4,1
compact_43_raw,checkpoint_2,intermediate_label_fraction,0.09375,0.0,0.1875,4,4,4,4,1
compact_43_raw,checkpoint_2,empirical_pool_quality,0.203125,0.0625,0.296875,4,4,4,4,1
compact_43_raw,checkpoint_2,brier,0.12998905596493382,0.06352636093225203,0.1902680911640393,4,4,4,4,1
compact_43_raw,checkpoint_2,bernoulli_brier,0.15342655596493382,0.06352636093225203,0.21437677141355416,4,4,4,4,1
compact_43_raw,checkpoint_2,log_loss,0.46355607217721334,0.24609652638008955,0.6104170381077859,4,4,4,4,1
compact_43_raw,checkpoint_3,hit1,1.0,1.0,1.0,2,2,2,2,0
compact_43_raw,checkpoint_3,feasible1,1.0,1.0,1.0,2,2,2,2,0
compact_43_raw,checkpoint_3,quality1,1.0,1.0,1.0,2,2,2,2,0
compact_43_raw,checkpoint_3,regret1,0.0,0.0,0.0,2,2,2,2,0
compact_43_raw,checkpoint_3,random_hit1,0.5,0.5,0.5,2,2,2,2,0
compact_43_raw,checkpoint_3,random_feasible1,0.5625,0.5,0.625,2,2,2,2,0
compact_43_raw,checkpoint_3,random_quality1,0.53125,0.5,0.5625,2,2,2,2,0
compact_43_raw,checkpoint_3,excess_hit1,0.5,0.5,0.5,2,2,2,2,0
compact_43_raw,checkpoint_3,excess_feasible1,0.4375,0.375,0.5,2,2,2,2,0
compact_43_raw,checkpoint_3,excess_quality1,0.46875,0.4375,0.5,2,2,2,2,0
compact_43_raw,checkpoint_3,boundary_near_tie1,0.0,0.0,0.0,2,2,2,2,0
compact_43_raw,checkpoint_3,hit2,1.0,1.0,1.0,2,2,2,2,0
compact_43_raw,checkpoint_3,feasible2,1.0,1.0,1.0,2,2,2,2,0
compact_43_raw,checkpoint_3,quality2,1.0,1.0,1.0,2,2,2,2,0
compact_43_raw,checkpoint_3,regret2,0.0,0.0,0.0,2,2,2,2,0
compact_43_raw,checkpoint_3,random_hit2,0.7857142857142857,0.7857142857142857,0.7857142857142857,2,2,2,2,0
compact_43_raw,checkpoint_3,random_feasible2,0.8392857142857143,0.7857142857142857,0.8928571428571429,2,2,2,2,0
compact_43_raw,checkpoint_3,random_quality2,0.53125,0.5,0.5625,2,2,2,2,0
compact_43_raw,checkpoint_3,excess_hit2,0.2142857142857143,0.2142857142857143,0.2142857142857143,2,2,2,2,0
compact_43_raw,checkpoint_3,excess_feasible2,0.1607142857142857,0.1071428571428571,0.2142857142857143,2,2,2,2,0
compact_43_raw,checkpoint_3,excess_quality2,0.46875,0.4375,0.5,2,2,2,2,0
compact_43_raw,checkpoint_3,boundary_near_tie2,0.0,0.0,0.0,2,2,2,2,0
compact_43_raw,checkpoint_3,hit4,1.0,1.0,1.0,2,2,2,2,0
compact_43_raw,checkpoint_3,feasible4,1.0,1.0,1.0,2,2,2,2,0
compact_43_raw,checkpoint_3,quality4,0.8125,0.75,0.875,2,2,2,2,0
compact_43_raw,checkpoint_3,regret4,0.0,0.0,0.0,2,2,2,2,0
compact_43_raw,checkpoint_3,random_hit4,0.9857142857142858,0.9857142857142858,0.9857142857142858,2,2,2,2,0
compact_43_raw,checkpoint_3,random_feasible4,0.9928571428571429,0.9857142857142858,1.0,2,2,2,2,0
compact_43_raw,checkpoint_3,random_quality4,0.53125,0.5,0.5625,2,2,2,2,0
compact_43_raw,checkpoint_3,excess_hit4,0.014285714285714235,0.014285714285714235,0.014285714285714235,2,2,2,2,0
compact_43_raw,checkpoint_3,excess_feasible4,0.0071428571428571175,0.0,0.014285714285714235,2,2,2,2,0
compact_43_raw,checkpoint_3,excess_quality4,0.28125,0.25,0.3125,2,2,2,2,0
compact_43_raw,checkpoint_3,boundary_near_tie4,0.0,0.0,0.0,2,2,2,2,0
compact_43_raw,checkpoint_3,score_spread,0.18375521040072829,0.16655469410788484,0.2009557266935717,2,2,2,2,0
compact_43_raw,checkpoint_3,numerically_flat,0.0,0.0,0.0,2,2,2,2,0
compact_43_raw,checkpoint_3,adjacent_near_tie_fraction,0.0,0.0,0.0,2,2,2,2,0
compact_43_raw,checkpoint_3,intermediate_label_fraction,0.0625,0.0,0.125,2,2,2,2,0
compact_43_raw,checkpoint_3,empirical_pool_quality,0.53125,0.5,0.5625,2,2,2,2,0
compact_43_raw,checkpoint_3,brier,0.2752997368694391,0.26923064041523614,0.28136883332364204,2,2,2,2,0
compact_43_raw,checkpoint_3,bernoulli_brier,0.2909247368694391,0.28136883332364204,0.30048064041523614,2,2,2,2,0
compact_43_raw,checkpoint_3,log_loss,0.7626145378888584,0.7429792080237738,0.7822498677539429,2,2,2,2,0
graph_17,overall,hit1,0.4,0.0,0.8,6,6,5,5,1
graph_17,overall,feasible1,0.5,0.16666666666666666,0.8333333333333334,6,6,6,6,1
graph_17,overall,quality1,0.4166666666666667,0.08333333333333333,0.75,6,6,6,6,1
graph_17,overall,regret1,0.4166666666666667,0.08333333333333333,0.75,6,6,6,6,1
graph_17,overall,random_hit1,0.325,0.2,0.45,6,6,5,5,1
graph_17,overall,random_feasible1,0.3541666666666667,0.1875,0.5,6,6,6,6,1
graph_17,overall,random_quality1,0.3125,0.16666666666666666,0.4479166666666667,6,6,6,6,1
graph_17,overall,excess_hit1,0.075,-0.225,0.375,6,6,5,5,1
graph_17,overall,excess_feasible1,0.14583333333333334,-0.14583333333333334,0.4375,6,6,6,6,1
graph_17,overall,excess_quality1,0.10416666666666667,-0.14583333333333334,0.3541666666666667,6,6,6,6,1
graph_17,overall,boundary_near_tie1,0.6666666666666666,0.3333333333333333,1.0,6,6,6,6,1
graph_17,overall,hit2,0.8,0.4,1.0,6,6,5,5,1
graph_17,overall,feasible2,0.8333333333333334,0.5,1.0,6,6,6,6,1
graph_17,overall,quality2,0.5,0.25,0.75,6,6,6,6,1
graph_17,overall,regret2,0.08333333333333333,0.0,0.25,6,6,6,6,1
graph_17,overall,random_hit2,0.55,0.37857142857142856,0.7214285714285714,6,6,5,5,1
graph_17,overall,random_feasible2,0.5714285714285714,0.31547619047619047,0.7738095238095237,6,6,6,6,1
graph_17,overall,random_quality2,0.3125,0.16666666666666666,0.4479166666666667,6,6,6,6,1
graph_17,overall,excess_hit2,0.25,-0.1285714285714286,0.5785714285714285,6,6,5,5,1
graph_17,overall,excess_feasible2,0.2619047619047619,0.1130952380952381,0.3988095238095238,6,6,6,6,1
graph_17,overall,excess_quality2,0.1875,0.020833333333333332,0.3645833333333333,6,6,6,6,1
graph_17,overall,boundary_near_tie2,0.5,0.16666666666666666,0.8333333333333334,6,6,6,6,1
graph_17,overall,hit4,1.0,1.0,1.0,6,6,5,5,1
graph_17,overall,feasible4,0.8333333333333334,0.5,1.0,6,6,6,6,1
graph_17,overall,quality4,0.5,0.25,0.75,6,6,6,6,1
graph_17,overall,regret4,0.0,0.0,0.0,6,6,6,6,1
graph_17,overall,random_hit4,0.8085714285714285,0.6542857142857142,0.9457142857142857,6,6,5,5,1
graph_17,overall,random_feasible4,0.7714285714285715,0.45,0.9690476190476192,6,6,6,6,1
graph_17,overall,random_quality4,0.3125,0.16666666666666666,0.4479166666666667,6,6,6,6,1
graph_17,overall,excess_hit4,0.19142857142857142,0.05428571428571425,0.34571428571428575,6,6,5,5,1
graph_17,overall,excess_feasible4,0.061904761904761886,0.011904761904761899,0.1238095238095238,6,6,6,6,1
graph_17,overall,excess_quality4,0.1875,0.07291666666666667,0.3125,6,6,6,6,1
graph_17,overall,boundary_near_tie4,0.6666666666666666,0.3333333333333333,1.0,6,6,6,6,1
graph_17,overall,score_spread,1.7889063205531186e-05,4.325834346817954e-06,3.162872672847483e-05,6,6,6,6,1
graph_17,overall,numerically_flat,0.0,0.0,0.0,6,6,6,6,1
graph_17,overall,adjacent_near_tie_fraction,0.5714285714285714,0.28571428571428575,0.8333333333333331,6,6,6,6,1
graph_17,overall,intermediate_label_fraction,0.08333333333333333,0.020833333333333332,0.16666666666666666,6,6,6,6,1
graph_17,overall,empirical_pool_quality,0.3125,0.16666666666666666,0.4479166666666667,6,6,6,6,1
graph_17,overall,brier,0.18974536035291498,0.11034714840125392,0.250886234705916,6,6,6,6,1
graph_17,overall,bernoulli_brier,0.2105786936862483,0.12076423845766344,0.2704469662644691,6,6,6,6,1
graph_17,overall,log_loss,0.6276689320934891,0.40562475983637986,0.7685232205029623,6,6,6,6,1
graph_17,checkpoint_2,hit1,0.0,0.0,0.0,4,4,3,3,1
graph_17,checkpoint_2,feasible1,0.25,0.0,0.75,4,4,4,4,1
graph_17,checkpoint_2,quality1,0.125,0.0,0.375,4,4,4,4,1
graph_17,checkpoint_2,regret1,0.625,0.25,1.0,4,4,4,4,1
graph_17,checkpoint_2,random_hit1,0.20833333333333334,0.125,0.25,4,4,3,3,1
graph_17,checkpoint_2,random_feasible1,0.25,0.09375,0.375,4,4,4,4,1
graph_17,checkpoint_2,random_quality1,0.203125,0.0625,0.296875,4,4,4,4,1
graph_17,checkpoint_2,excess_hit1,-0.20833333333333334,-0.25,-0.125,4,4,3,3,1
graph_17,checkpoint_2,excess_feasible1,0.0,-0.3125,0.40625,4,4,4,4,1
graph_17,checkpoint_2,excess_quality1,-0.078125,-0.28125,0.125,4,4,4,4,1
graph_17,checkpoint_2,boundary_near_tie1,1.0,1.0,1.0,4,4,4,4,1
graph_17,checkpoint_2,hit2,0.6666666666666666,0.0,1.0,4,4,3,3,1
graph_17,checkpoint_2,feasible2,0.75,0.25,1.0,4,4,4,4,1
graph_17,checkpoint_2,quality2,0.375,0.125,0.625,4,4,4,4,1
graph_17,checkpoint_2,regret2,0.125,0.0,0.375,4,4,4,4,1
graph_17,checkpoint_2,random_hit2,0.39285714285714285,0.25,0.46428571428571425,4,4,3,3,1
graph_17,checkpoint_2,random_feasible2,0.4375,0.1607142857142857,0.6428571428571428,4,4,4,4,1
graph_17,checkpoint_2,random_quality2,0.203125,0.0625,0.296875,4,4,4,4,1
graph_17,checkpoint_2,excess_hit2,0.2738095238095238,-0.46428571428571425,0.75,4,4,3,3,1
graph_17,checkpoint_2,excess_feasible2,0.3125,0.0892857142857143,0.4910714285714286,4,4,4,4,1
graph_17,checkpoint_2,excess_quality2,0.171875,-0.03125,0.375,4,4,4,4,1
graph_17,checkpoint_2,boundary_near_tie2,0.5,0.0,1.0,4,4,4,4,1
graph_17,checkpoint_2,hit4,1.0,1.0,1.0,4,4,3,3,1
graph_17,checkpoint_2,feasible4,0.75,0.25,1.0,4,4,4,4,1
graph_17,checkpoint_2,quality4,0.3125,0.09375,0.46875,4,4,4,4,1
graph_17,checkpoint_2,regret4,0.0,0.0,0.0,4,4,4,4,1
graph_17,checkpoint_2,random_hit4,0.6904761904761904,0.5,0.7857142857142857,4,4,3,3,1
graph_17,checkpoint_2,random_feasible4,0.6607142857142858,0.23214285714285715,0.9285714285714286,4,4,4,4,1
graph_17,checkpoint_2,random_quality4,0.203125,0.0625,0.296875,4,4,4,4,1
graph_17,checkpoint_2,excess_hit4,0.30952380952380953,0.2142857142857143,0.5,4,4,3,3,1
graph_17,checkpoint_2,excess_feasible4,0.08928571428571427,0.01785714285714285,0.17857142857142858,4,4,4,4,1
graph_17,checkpoint_2,excess_quality4,0.109375,0.03125,0.203125,4,4,4,4,1
graph_17,checkpoint_2,boundary_near_tie4,1.0,1.0,1.0,4,4,4,4,1
graph_17,checkpoint_2,score_spread,4.416740339442671e-06,3.8763224889590275e-06,4.910594476270624e-06,4,4,4,4,1
graph_17,checkpoint_2,numerically_flat,0.0,0.0,0.0,4,4,4,4,1
graph_17,checkpoint_2,adjacent_near_tie_fraction,0.8214285714285714,0.75,0.8571428571428571,4,4,4,4,1
graph_17,checkpoint_2,intermediate_label_fraction,0.09375,0.0,0.1875,4,4,4,4,1
graph_17,checkpoint_2,empirical_pool_quality,0.203125,0.0625,0.296875,4,4,4,4,1
graph_17,checkpoint_2,brier,0.15038532137685412,0.05956571151021385,0.2216746709203097,4,4,4,4,1
graph_17,checkpoint_2,bernoulli_brier,0.17382282137685412,0.05956571151021385,0.2499937198021236,4,4,4,4,1
graph_17,checkpoint_2,log_loss,0.5592352059695599,0.2402057146811926,0.7719185426254769,4,4,4,4,1
graph_17,checkpoint_3,hit1,1.0,1.0,1.0,2,2,2,2,0
graph_17,checkpoint_3,feasible1,1.0,1.0,1.0,2,2,2,2,0
graph_17,checkpoint_3,quality1,1.0,1.0,1.0,2,2,2,2,0
graph_17,checkpoint_3,regret1,0.0,0.0,0.0,2,2,2,2,0
graph_17,checkpoint_3,random_hit1,0.5,0.5,0.5,2,2,2,2,0
graph_17,checkpoint_3,random_feasible1,0.5625,0.5,0.625,2,2,2,2,0
graph_17,checkpoint_3,random_quality1,0.53125,0.5,0.5625,2,2,2,2,0
graph_17,checkpoint_3,excess_hit1,0.5,0.5,0.5,2,2,2,2,0
graph_17,checkpoint_3,excess_feasible1,0.4375,0.375,0.5,2,2,2,2,0
graph_17,checkpoint_3,excess_quality1,0.46875,0.4375,0.5,2,2,2,2,0
graph_17,checkpoint_3,boundary_near_tie1,0.0,0.0,0.0,2,2,2,2,0
graph_17,checkpoint_3,hit2,1.0,1.0,1.0,2,2,2,2,0
graph_17,checkpoint_3,feasible2,1.0,1.0,1.0,2,2,2,2,0
graph_17,checkpoint_3,quality2,0.75,0.5,1.0,2,2,2,2,0
graph_17,checkpoint_3,regret2,0.0,0.0,0.0,2,2,2,2,0
graph_17,checkpoint_3,random_hit2,0.7857142857142857,0.7857142857142857,0.7857142857142857,2,2,2,2,0
graph_17,checkpoint_3,random_feasible2,0.8392857142857143,0.7857142857142857,0.8928571428571429,2,2,2,2,0
graph_17,checkpoint_3,random_quality2,0.53125,0.5,0.5625,2,2,2,2,0
graph_17,checkpoint_3,excess_hit2,0.2142857142857143,0.2142857142857143,0.2142857142857143,2,2,2,2,0
graph_17,checkpoint_3,excess_feasible2,0.1607142857142857,0.1071428571428571,0.2142857142857143,2,2,2,2,0
graph_17,checkpoint_3,excess_quality2,0.21875,0.0,0.4375,2,2,2,2,0
graph_17,checkpoint_3,boundary_near_tie2,0.5,0.0,1.0,2,2,2,2,0
graph_17,checkpoint_3,hit4,1.0,1.0,1.0,2,2,2,2,0
graph_17,checkpoint_3,feasible4,1.0,1.0,1.0,2,2,2,2,0
graph_17,checkpoint_3,quality4,0.875,0.75,1.0,2,2,2,2,0
graph_17,checkpoint_3,regret4,0.0,0.0,0.0,2,2,2,2,0
graph_17,checkpoint_3,random_hit4,0.9857142857142858,0.9857142857142858,0.9857142857142858,2,2,2,2,0
graph_17,checkpoint_3,random_feasible4,0.9928571428571429,0.9857142857142858,1.0,2,2,2,2,0
graph_17,checkpoint_3,random_quality4,0.53125,0.5,0.5625,2,2,2,2,0
graph_17,checkpoint_3,excess_hit4,0.014285714285714235,0.014285714285714235,0.014285714285714235,2,2,2,2,0
graph_17,checkpoint_3,excess_feasible4,0.0071428571428571175,0.0,0.014285714285714235,2,2,2,2,0
graph_17,checkpoint_3,excess_quality4,0.34375,0.25,0.4375,2,2,2,2,0
graph_17,checkpoint_3,boundary_near_tie4,0.0,0.0,0.0,2,2,2,2,0
graph_17,checkpoint_3,score_spread,4.4833708937708217e-05,4.430440494501697e-05,4.536301293039946e-05,2,2,2,2,0
graph_17,checkpoint_3,numerically_flat,0.0,0.0,0.0,2,2,2,2,0
graph_17,checkpoint_3,adjacent_near_tie_fraction,0.07142857142857142,0.0,0.14285714285714285,2,2,2,2,0
graph_17,checkpoint_3,intermediate_label_fraction,0.0625,0.0,0.125,2,2,2,2,0
graph_17,checkpoint_3,empirical_pool_quality,0.53125,0.5,0.5625,2,2,2,2,0
graph_17,checkpoint_3,brier,0.26846543830503666,0.2625185948924016,0.27441228171767174,2,2,2,2,0
graph_17,checkpoint_3,bernoulli_brier,0.28409043830503666,0.27441228171767174,0.2937685948924016,2,2,2,2,0
graph_17,checkpoint_3,log_loss,0.7645363843413475,0.7445230999282163,0.7845496687544786,2,2,2,2,0
graph_17_raw,overall,hit1,0.4,0.0,0.8,6,6,5,5,1
graph_17_raw,overall,feasible1,0.5,0.16666666666666666,0.8333333333333334,6,6,6,6,1
graph_17_raw,overall,quality1,0.4166666666666667,0.08333333333333333,0.75,6,6,6,6,1
graph_17_raw,overall,regret1,0.4166666666666667,0.08333333333333333,0.75,6,6,6,6,1
graph_17_raw,overall,random_hit1,0.325,0.2,0.45,6,6,5,5,1
graph_17_raw,overall,random_feasible1,0.3541666666666667,0.1875,0.5,6,6,6,6,1
graph_17_raw,overall,random_quality1,0.3125,0.16666666666666666,0.4479166666666667,6,6,6,6,1
graph_17_raw,overall,excess_hit1,0.075,-0.225,0.375,6,6,5,5,1
graph_17_raw,overall,excess_feasible1,0.14583333333333334,-0.14583333333333334,0.4375,6,6,6,6,1
graph_17_raw,overall,excess_quality1,0.10416666666666667,-0.14583333333333334,0.3541666666666667,6,6,6,6,1
graph_17_raw,overall,boundary_near_tie1,0.6666666666666666,0.3333333333333333,1.0,6,6,6,6,1
graph_17_raw,overall,hit2,0.8,0.4,1.0,6,6,5,5,1
graph_17_raw,overall,feasible2,0.8333333333333334,0.5,1.0,6,6,6,6,1
graph_17_raw,overall,quality2,0.5,0.25,0.75,6,6,6,6,1
graph_17_raw,overall,regret2,0.08333333333333333,0.0,0.25,6,6,6,6,1
graph_17_raw,overall,random_hit2,0.55,0.37857142857142856,0.7214285714285714,6,6,5,5,1
graph_17_raw,overall,random_feasible2,0.5714285714285714,0.31547619047619047,0.7738095238095237,6,6,6,6,1
graph_17_raw,overall,random_quality2,0.3125,0.16666666666666666,0.4479166666666667,6,6,6,6,1
graph_17_raw,overall,excess_hit2,0.25,-0.1285714285714286,0.5785714285714285,6,6,5,5,1
graph_17_raw,overall,excess_feasible2,0.2619047619047619,0.1130952380952381,0.3988095238095238,6,6,6,6,1
graph_17_raw,overall,excess_quality2,0.1875,0.020833333333333332,0.3645833333333333,6,6,6,6,1
graph_17_raw,overall,boundary_near_tie2,0.3333333333333333,0.0,0.6666666666666666,6,6,6,6,1
graph_17_raw,overall,hit4,1.0,1.0,1.0,6,6,5,5,1
graph_17_raw,overall,feasible4,0.8333333333333334,0.5,1.0,6,6,6,6,1
graph_17_raw,overall,quality4,0.5,0.25,0.75,6,6,6,6,1
graph_17_raw,overall,regret4,0.0,0.0,0.0,6,6,6,6,1
graph_17_raw,overall,random_hit4,0.8085714285714285,0.6542857142857142,0.9457142857142857,6,6,5,5,1
graph_17_raw,overall,random_feasible4,0.7714285714285715,0.45,0.9690476190476192,6,6,6,6,1
graph_17_raw,overall,random_quality4,0.3125,0.16666666666666666,0.4479166666666667,6,6,6,6,1
graph_17_raw,overall,excess_hit4,0.19142857142857142,0.05428571428571425,0.34571428571428575,6,6,5,5,1
graph_17_raw,overall,excess_feasible4,0.061904761904761886,0.011904761904761899,0.1238095238095238,6,6,6,6,1
graph_17_raw,overall,excess_quality4,0.1875,0.07291666666666667,0.3125,6,6,6,6,1
graph_17_raw,overall,boundary_near_tie4,0.6666666666666666,0.3333333333333333,1.0,6,6,6,6,1
graph_17_raw,overall,score_spread,1.88132148984758e-05,5.773431115657646e-06,3.202626006258239e-05,6,6,6,6,1
graph_17_raw,overall,numerically_flat,0.0,0.0,0.0,6,6,6,6,1
graph_17_raw,overall,adjacent_near_tie_fraction,0.5,0.26190476190476186,0.7380952380952381,6,6,6,6,1
graph_17_raw,overall,intermediate_label_fraction,0.08333333333333333,0.020833333333333332,0.16666666666666666,6,6,6,6,1
graph_17_raw,overall,empirical_pool_quality,0.3125,0.16666666666666666,0.4479166666666667,6,6,6,6,1
graph_17_raw,overall,brier,0.17592167488764057,0.10722712593694383,0.22889852712519954,6,6,6,6,1
graph_17_raw,overall,bernoulli_brier,0.19675500822097391,0.11916803256188574,0.2482076205002577,6,6,6,6,1
graph_17_raw,overall,log_loss,0.5824272820621139,0.3968574498016888,0.6968465087433678,6,6,6,6,1
graph_17_raw,checkpoint_2,hit1,0.0,0.0,0.0,4,4,3,3,1
graph_17_raw,checkpoint_2,feasible1,0.25,0.0,0.75,4,4,4,4,1
graph_17_raw,checkpoint_2,quality1,0.125,0.0,0.375,4,4,4,4,1
graph_17_raw,checkpoint_2,regret1,0.625,0.25,1.0,4,4,4,4,1
graph_17_raw,checkpoint_2,random_hit1,0.20833333333333334,0.125,0.25,4,4,3,3,1
graph_17_raw,checkpoint_2,random_feasible1,0.25,0.09375,0.375,4,4,4,4,1
graph_17_raw,checkpoint_2,random_quality1,0.203125,0.0625,0.296875,4,4,4,4,1
graph_17_raw,checkpoint_2,excess_hit1,-0.20833333333333334,-0.25,-0.125,4,4,3,3,1
graph_17_raw,checkpoint_2,excess_feasible1,0.0,-0.3125,0.40625,4,4,4,4,1
graph_17_raw,checkpoint_2,excess_quality1,-0.078125,-0.28125,0.125,4,4,4,4,1
graph_17_raw,checkpoint_2,boundary_near_tie1,1.0,1.0,1.0,4,4,4,4,1
graph_17_raw,checkpoint_2,hit2,0.6666666666666666,0.0,1.0,4,4,3,3,1
graph_17_raw,checkpoint_2,feasible2,0.75,0.25,1.0,4,4,4,4,1
graph_17_raw,checkpoint_2,quality2,0.375,0.125,0.625,4,4,4,4,1
graph_17_raw,checkpoint_2,regret2,0.125,0.0,0.375,4,4,4,4,1
graph_17_raw,checkpoint_2,random_hit2,0.39285714285714285,0.25,0.46428571428571425,4,4,3,3,1
graph_17_raw,checkpoint_2,random_feasible2,0.4375,0.1607142857142857,0.6428571428571428,4,4,4,4,1
graph_17_raw,checkpoint_2,random_quality2,0.203125,0.0625,0.296875,4,4,4,4,1
graph_17_raw,checkpoint_2,excess_hit2,0.2738095238095238,-0.46428571428571425,0.75,4,4,3,3,1
graph_17_raw,checkpoint_2,excess_feasible2,0.3125,0.0892857142857143,0.4910714285714286,4,4,4,4,1
graph_17_raw,checkpoint_2,excess_quality2,0.171875,-0.03125,0.375,4,4,4,4,1
graph_17_raw,checkpoint_2,boundary_near_tie2,0.25,0.0,0.75,4,4,4,4,1
graph_17_raw,checkpoint_2,hit4,1.0,1.0,1.0,4,4,3,3,1
graph_17_raw,checkpoint_2,feasible4,0.75,0.25,1.0,4,4,4,4,1
graph_17_raw,checkpoint_2,quality4,0.3125,0.09375,0.46875,4,4,4,4,1
graph_17_raw,checkpoint_2,regret4,0.0,0.0,0.0,4,4,4,4,1
graph_17_raw,checkpoint_2,random_hit4,0.6904761904761904,0.5,0.7857142857142857,4,4,3,3,1
graph_17_raw,checkpoint_2,random_feasible4,0.6607142857142858,0.23214285714285715,0.9285714285714286,4,4,4,4,1
graph_17_raw,checkpoint_2,random_quality4,0.203125,0.0625,0.296875,4,4,4,4,1
graph_17_raw,checkpoint_2,excess_hit4,0.30952380952380953,0.2142857142857143,0.5,4,4,3,3,1
graph_17_raw,checkpoint_2,excess_feasible4,0.08928571428571427,0.01785714285714285,0.17857142857142858,4,4,4,4,1
graph_17_raw,checkpoint_2,excess_quality4,0.109375,0.03125,0.203125,4,4,4,4,1
graph_17_raw,checkpoint_2,boundary_near_tie4,1.0,1.0,1.0,4,4,4,4,1
graph_17_raw,checkpoint_2,score_spread,5.8947933318093115e-06,5.17344842505818e-06,6.553904254844034e-06,4,4,4,4,1
graph_17_raw,checkpoint_2,numerically_flat,0.0,0.0,0.0,4,4,4,4,1
graph_17_raw,checkpoint_2,adjacent_near_tie_fraction,0.7142857142857143,0.6071428571428571,0.8214285714285714,4,4,4,4,1
graph_17_raw,checkpoint_2,intermediate_label_fraction,0.09375,0.0,0.1875,4,4,4,4,1
graph_17_raw,checkpoint_2,empirical_pool_quality,0.203125,0.0625,0.296875,4,4,4,4,1
graph_17_raw,checkpoint_2,brier,0.14187112929674633,0.06529114017374414,0.205249327557818,4,4,4,4,1
graph_17_raw,checkpoint_2,bernoulli_brier,0.16530862929674636,0.06529114017374414,0.23198587730548934,4,4,4,4,1
graph_17_raw,checkpoint_2,log_loss,0.517334331057429,0.2671119214164615,0.6841449072306424,4,4,4,4,1
graph_17_raw,checkpoint_3,hit1,1.0,1.0,1.0,2,2,2,2,0
graph_17_raw,checkpoint_3,feasible1,1.0,1.0,1.0,2,2,2,2,0
graph_17_raw,checkpoint_3,quality1,1.0,1.0,1.0,2,2,2,2,0
graph_17_raw,checkpoint_3,regret1,0.0,0.0,0.0,2,2,2,2,0
graph_17_raw,checkpoint_3,random_hit1,0.5,0.5,0.5,2,2,2,2,0
graph_17_raw,checkpoint_3,random_feasible1,0.5625,0.5,0.625,2,2,2,2,0
graph_17_raw,checkpoint_3,random_quality1,0.53125,0.5,0.5625,2,2,2,2,0
graph_17_raw,checkpoint_3,excess_hit1,0.5,0.5,0.5,2,2,2,2,0
graph_17_raw,checkpoint_3,excess_feasible1,0.4375,0.375,0.5,2,2,2,2,0
graph_17_raw,checkpoint_3,excess_quality1,0.46875,0.4375,0.5,2,2,2,2,0
graph_17_raw,checkpoint_3,boundary_near_tie1,0.0,0.0,0.0,2,2,2,2,0
graph_17_raw,checkpoint_3,hit2,1.0,1.0,1.0,2,2,2,2,0
graph_17_raw,checkpoint_3,feasible2,1.0,1.0,1.0,2,2,2,2,0
graph_17_raw,checkpoint_3,quality2,0.75,0.5,1.0,2,2,2,2,0
graph_17_raw,checkpoint_3,regret2,0.0,0.0,0.0,2,2,2,2,0
graph_17_raw,checkpoint_3,random_hit2,0.7857142857142857,0.7857142857142857,0.7857142857142857,2,2,2,2,0
graph_17_raw,checkpoint_3,random_feasible2,0.8392857142857143,0.7857142857142857,0.8928571428571429,2,2,2,2,0
graph_17_raw,checkpoint_3,random_quality2,0.53125,0.5,0.5625,2,2,2,2,0
graph_17_raw,checkpoint_3,excess_hit2,0.2142857142857143,0.2142857142857143,0.2142857142857143,2,2,2,2,0
graph_17_raw,checkpoint_3,excess_feasible2,0.1607142857142857,0.1071428571428571,0.2142857142857143,2,2,2,2,0
graph_17_raw,checkpoint_3,excess_quality2,0.21875,0.0,0.4375,2,2,2,2,0
graph_17_raw,checkpoint_3,boundary_near_tie2,0.5,0.0,1.0,2,2,2,2,0
graph_17_raw,checkpoint_3,hit4,1.0,1.0,1.0,2,2,2,2,0
graph_17_raw,checkpoint_3,feasible4,1.0,1.0,1.0,2,2,2,2,0
graph_17_raw,checkpoint_3,quality4,0.875,0.75,1.0,2,2,2,2,0
graph_17_raw,checkpoint_3,regret4,0.0,0.0,0.0,2,2,2,2,0
graph_17_raw,checkpoint_3,random_hit4,0.9857142857142858,0.9857142857142858,0.9857142857142858,2,2,2,2,0
graph_17_raw,checkpoint_3,random_feasible4,0.9928571428571429,0.9857142857142858,1.0,2,2,2,2,0
graph_17_raw,checkpoint_3,random_quality4,0.53125,0.5,0.5625,2,2,2,2,0
graph_17_raw,checkpoint_3,excess_hit4,0.014285714285714235,0.014285714285714235,0.014285714285714235,2,2,2,2,0
graph_17_raw,checkpoint_3,excess_feasible4,0.0071428571428571175,0.0,0.014285714285714235,2,2,2,2,0
graph_17_raw,checkpoint_3,excess_quality4,0.34375,0.25,0.4375,2,2,2,2,0
graph_17_raw,checkpoint_3,boundary_near_tie4,0.0,0.0,0.0,2,2,2,2,0
graph_17_raw,checkpoint_3,score_spread,4.465005803180877e-05,4.413027388794344e-05,4.51698421756741e-05,2,2,2,2,0
graph_17_raw,checkpoint_3,numerically_flat,0.0,0.0,0.0,2,2,2,2,0
graph_17_raw,checkpoint_3,adjacent_near_tie_fraction,0.07142857142857142,0.0,0.14285714285714285,2,2,2,2,0
graph_17_raw,checkpoint_3,intermediate_label_fraction,0.0625,0.0,0.125,2,2,2,2,0
graph_17_raw,checkpoint_3,empirical_pool_quality,0.53125,0.5,0.5625,2,2,2,2,0
graph_17_raw,checkpoint_3,brier,0.24402276606942908,0.2328519466992608,0.25519358543959736,2,2,2,2,0
graph_17_raw,checkpoint_3,bernoulli_brier,0.2596477660694291,0.25519358543959736,0.2641019466992608,2,2,2,2,0
graph_17_raw,checkpoint_3,log_loss,0.7126131840714838,0.7036437621915099,0.7215826059514576,2,2,2,2,0
graph_29,overall,hit1,0.4,0.0,0.8,6,6,5,5,1
graph_29,overall,feasible1,0.5,0.16666666666666666,0.8333333333333334,6,6,6,6,1
graph_29,overall,quality1,0.4166666666666667,0.08333333333333333,0.75,6,6,6,6,1
graph_29,overall,regret1,0.4166666666666667,0.08333333333333333,0.75,6,6,6,6,1
graph_29,overall,random_hit1,0.325,0.2,0.45,6,6,5,5,1
graph_29,overall,random_feasible1,0.3541666666666667,0.1875,0.5,6,6,6,6,1
graph_29,overall,random_quality1,0.3125,0.16666666666666666,0.4479166666666667,6,6,6,6,1
graph_29,overall,excess_hit1,0.075,-0.225,0.375,6,6,5,5,1
graph_29,overall,excess_feasible1,0.14583333333333334,-0.14583333333333334,0.4375,6,6,6,6,1
graph_29,overall,excess_quality1,0.10416666666666667,-0.14583333333333334,0.3541666666666667,6,6,6,6,1
graph_29,overall,boundary_near_tie1,0.8333333333333334,0.5,1.0,6,6,6,6,1
graph_29,overall,hit2,0.6,0.2,1.0,6,6,5,5,1
graph_29,overall,feasible2,0.6666666666666666,0.3333333333333333,1.0,6,6,6,6,1
graph_29,overall,quality2,0.375,0.125,0.625,6,6,6,6,1
graph_29,overall,regret2,0.25,0.0,0.5833333333333334,6,6,6,6,1
graph_29,overall,random_hit2,0.55,0.37857142857142856,0.7214285714285714,6,6,5,5,1
graph_29,overall,random_feasible2,0.5714285714285714,0.31547619047619047,0.7738095238095237,6,6,6,6,1
graph_29,overall,random_quality2,0.3125,0.16666666666666666,0.4479166666666667,6,6,6,6,1
graph_29,overall,excess_hit2,0.05,-0.32857142857142857,0.42857142857142866,6,6,5,5,1
graph_29,overall,excess_feasible2,0.09523809523809525,-0.14285714285714288,0.2916666666666667,6,6,6,6,1
graph_29,overall,excess_quality2,0.0625,-0.10416666666666667,0.2604166666666667,6,6,6,6,1
graph_29,overall,boundary_near_tie2,0.6666666666666666,0.3333333333333333,1.0,6,6,6,6,1
graph_29,overall,hit4,1.0,1.0,1.0,6,6,5,5,1
graph_29,overall,feasible4,0.8333333333333334,0.5,1.0,6,6,6,6,1
graph_29,overall,quality4,0.4375,0.20833333333333334,0.6666666666666666,6,6,6,6,1
graph_29,overall,regret4,0.0,0.0,0.0,6,6,6,6,1
graph_29,overall,random_hit4,0.8085714285714285,0.6542857142857142,0.9457142857142857,6,6,5,5,1
graph_29,overall,random_feasible4,0.7714285714285715,0.45,0.9690476190476192,6,6,6,6,1
graph_29,overall,random_quality4,0.3125,0.16666666666666666,0.4479166666666667,6,6,6,6,1
graph_29,overall,excess_hit4,0.19142857142857142,0.05428571428571425,0.34571428571428575,6,6,5,5,1
graph_29,overall,excess_feasible4,0.061904761904761886,0.011904761904761899,0.1238095238095238,6,6,6,6,1
graph_29,overall,excess_quality4,0.125,0.03125,0.21875,6,6,6,6,1
graph_29,overall,boundary_near_tie4,0.6666666666666666,0.3333333333333333,1.0,6,6,6,6,1
graph_29,overall,score_spread,9.902724966812567e-06,1.4290286651415702e-06,1.9449737793687343e-05,6,6,6,6,1
graph_29,overall,numerically_flat,0.0,0.0,0.0,6,6,6,6,1
graph_29,overall,adjacent_near_tie_fraction,0.7142857142857143,0.42857142857142855,0.9761904761904763,6,6,6,6,1
graph_29,overall,intermediate_label_fraction,0.08333333333333333,0.020833333333333332,0.16666666666666666,6,6,6,6,1
graph_29,overall,empirical_pool_quality,0.3125,0.16666666666666666,0.4479166666666667,6,6,6,6,1
graph_29,overall,brier,0.18976478393198745,0.11035012037098131,0.2509438199080259,6,6,6,6,1
graph_29,overall,bernoulli_brier,0.21059811726532077,0.1207669537482356,0.270484221093942,6,6,6,6,1
graph_29,overall,log_loss,0.627713609699574,0.40564394844209484,0.7686944765486281,6,6,6,6,1
graph_29,checkpoint_2,hit1,0.0,0.0,0.0,4,4,3,3,1
graph_29,checkpoint_2,feasible1,0.25,0.0,0.75,4,4,4,4,1
graph_29,checkpoint_2,quality1,0.125,0.0,0.375,4,4,4,4,1
graph_29,checkpoint_2,regret1,0.625,0.25,1.0,4,4,4,4,1
graph_29,checkpoint_2,random_hit1,0.20833333333333334,0.125,0.25,4,4,3,3,1
graph_29,checkpoint_2,random_feasible1,0.25,0.09375,0.375,4,4,4,4,1
graph_29,checkpoint_2,random_quality1,0.203125,0.0625,0.296875,4,4,4,4,1
graph_29,checkpoint_2,excess_hit1,-0.20833333333333334,-0.25,-0.125,4,4,3,3,1
graph_29,checkpoint_2,excess_feasible1,0.0,-0.3125,0.40625,4,4,4,4,1
graph_29,checkpoint_2,excess_quality1,-0.078125,-0.28125,0.125,4,4,4,4,1
graph_29,checkpoint_2,boundary_near_tie1,1.0,1.0,1.0,4,4,4,4,1
graph_29,checkpoint_2,hit2,0.3333333333333333,0.0,1.0,4,4,3,3,1
graph_29,checkpoint_2,feasible2,0.5,0.0,1.0,4,4,4,4,1
graph_29,checkpoint_2,quality2,0.25,0.0,0.5625,4,4,4,4,1
graph_29,checkpoint_2,regret2,0.375,0.0,0.75,4,4,4,4,1
graph_29,checkpoint_2,random_hit2,0.39285714285714285,0.25,0.46428571428571425,4,4,3,3,1
graph_29,checkpoint_2,random_feasible2,0.4375,0.1607142857142857,0.6428571428571428,4,4,4,4,1
graph_29,checkpoint_2,random_quality2,0.203125,0.0625,0.296875,4,4,4,4,1
graph_29,checkpoint_2,excess_hit2,-0.059523809523809534,-0.46428571428571425,0.75,4,4,3,3,1
graph_29,checkpoint_2,excess_feasible2,0.06250000000000003,-0.2589285714285714,0.3571428571428572,4,4,4,4,1
graph_29,checkpoint_2,excess_quality2,0.046875,-0.1875,0.359375,4,4,4,4,1
graph_29,checkpoint_2,boundary_near_tie2,1.0,1.0,1.0,4,4,4,4,1
graph_29,checkpoint_2,hit4,1.0,1.0,1.0,4,4,3,3,1
graph_29,checkpoint_2,feasible4,0.75,0.25,1.0,4,4,4,4,1
graph_29,checkpoint_2,quality4,0.25,0.09375,0.375,4,4,4,4,1
graph_29,checkpoint_2,regret4,0.0,0.0,0.0,4,4,4,4,1
graph_29,checkpoint_2,random_hit4,0.6904761904761904,0.5,0.7857142857142857,4,4,3,3,1
graph_29,checkpoint_2,random_feasible4,0.6607142857142858,0.23214285714285715,0.9285714285714286,4,4,4,4,1
graph_29,checkpoint_2,random_quality4,0.203125,0.0625,0.296875,4,4,4,4,1
graph_29,checkpoint_2,excess_hit4,0.30952380952380953,0.2142857142857143,0.5,4,4,3,3,1
graph_29,checkpoint_2,excess_feasible4,0.08928571428571427,0.01785714285714285,0.17857142857142858,4,4,4,4,1
graph_29,checkpoint_2,excess_quality4,0.046875,0.0,0.09375,4,4,4,4,1
graph_29,checkpoint_2,boundary_near_tie4,1.0,1.0,1.0,4,4,4,4,1
graph_29,checkpoint_2,score_spread,1.5004851323767443e-06,1.186479818639924e-06,1.8718081199395331e-06,4,4,4,4,1
graph_29,checkpoint_2,numerically_flat,0.0,0.0,0.0,4,4,4,4,1
graph_29,checkpoint_2,adjacent_near_tie_fraction,0.9642857142857143,0.8928571428571429,1.0,4,4,4,4,1
graph_29,checkpoint_2,intermediate_label_fraction,0.09375,0.0,0.1875,4,4,4,4,1
graph_29,checkpoint_2,empirical_pool_quality,0.203125,0.0625,0.296875,4,4,4,4,1
graph_29,checkpoint_2,brier,0.15038599238295924,0.059571215945602815,0.22167190273044496,4,4,4,4,1
graph_29,checkpoint_2,bernoulli_brier,0.17382349238295924,0.059571215945602815,0.24999044672453438,4,4,4,4,1
graph_29,checkpoint_2,log_loss,0.5592391567688193,0.24023811060686318,0.7718992839601837,4,4,4,4,1
graph_29,checkpoint_3,hit1,1.0,1.0,1.0,2,2,2,2,0
graph_29,checkpoint_3,feasible1,1.0,1.0,1.0,2,2,2,2,0
graph_29,checkpoint_3,quality1,1.0,1.0,1.0,2,2,2,2,0
graph_29,checkpoint_3,regret1,0.0,0.0,0.0,2,2,2,2,0
graph_29,checkpoint_3,random_hit1,0.5,0.5,0.5,2,2,2,2,0
graph_29,checkpoint_3,random_feasible1,0.5625,0.5,0.625,2,2,2,2,0
graph_29,checkpoint_3,random_quality1,0.53125,0.5,0.5625,2,2,2,2,0
graph_29,checkpoint_3,excess_hit1,0.5,0.5,0.5,2,2,2,2,0
graph_29,checkpoint_3,excess_feasible1,0.4375,0.375,0.5,2,2,2,2,0
graph_29,checkpoint_3,excess_quality1,0.46875,0.4375,0.5,2,2,2,2,0
graph_29,checkpoint_3,boundary_near_tie1,0.5,0.0,1.0,2,2,2,2,0
graph_29,checkpoint_3,hit2,1.0,1.0,1.0,2,2,2,2,0
graph_29,checkpoint_3,feasible2,1.0,1.0,1.0,2,2,2,2,0
graph_29,checkpoint_3,quality2,0.625,0.5,0.75,2,2,2,2,0
graph_29,checkpoint_3,regret2,0.0,0.0,0.0,2,2,2,2,0
graph_29,checkpoint_3,random_hit2,0.7857142857142857,0.7857142857142857,0.7857142857142857,2,2,2,2,0
graph_29,checkpoint_3,random_feasible2,0.8392857142857143,0.7857142857142857,0.8928571428571429,2,2,2,2,0
graph_29,checkpoint_3,random_quality2,0.53125,0.5,0.5625,2,2,2,2,0
graph_29,checkpoint_3,excess_hit2,0.2142857142857143,0.2142857142857143,0.2142857142857143,2,2,2,2,0
graph_29,checkpoint_3,excess_feasible2,0.1607142857142857,0.1071428571428571,0.2142857142857143,2,2,2,2,0
graph_29,checkpoint_3,excess_quality2,0.09375,0.0,0.1875,2,2,2,2,0
graph_29,checkpoint_3,boundary_near_tie2,0.0,0.0,0.0,2,2,2,2,0
graph_29,checkpoint_3,hit4,1.0,1.0,1.0,2,2,2,2,0
graph_29,checkpoint_3,feasible4,1.0,1.0,1.0,2,2,2,2,0
graph_29,checkpoint_3,quality4,0.8125,0.75,0.875,2,2,2,2,0
graph_29,checkpoint_3,regret4,0.0,0.0,0.0,2,2,2,2,0
graph_29,checkpoint_3,random_hit4,0.9857142857142858,0.9857142857142858,0.9857142857142858,2,2,2,2,0
graph_29,checkpoint_3,random_feasible4,0.9928571428571429,0.9857142857142858,1.0,2,2,2,2,0
graph_29,checkpoint_3,random_quality4,0.53125,0.5,0.5625,2,2,2,2,0
graph_29,checkpoint_3,excess_hit4,0.014285714285714235,0.014285714285714235,0.014285714285714235,2,2,2,2,0
graph_29,checkpoint_3,excess_feasible4,0.0071428571428571175,0.0,0.014285714285714235,2,2,2,2,0
graph_29,checkpoint_3,excess_quality4,0.28125,0.25,0.3125,2,2,2,2,0
graph_29,checkpoint_3,boundary_near_tie4,0.0,0.0,0.0,2,2,2,2,0
graph_29,checkpoint_3,score_spread,2.6707204635684212e-05,2.3487255060072876e-05,2.9927154211295548e-05,2,2,2,2,0
graph_29,checkpoint_3,numerically_flat,0.0,0.0,0.0,2,2,2,2,0
graph_29,checkpoint_3,adjacent_near_tie_fraction,0.21428571428571427,0.14285714285714285,0.2857142857142857,2,2,2,2,0
graph_29,checkpoint_3,intermediate_label_fraction,0.0625,0.0,0.125,2,2,2,2,0
graph_29,checkpoint_3,empirical_pool_quality,0.53125,0.5,0.5625,2,2,2,2,0
graph_29,checkpoint_3,brier,0.26852236703004384,0.2626371899635888,0.2744075440964989,2,2,2,2,0
graph_29,checkpoint_3,bernoulli_brier,0.28414736703004384,0.2744075440964989,0.2938871899635888,2,2,2,2,0
graph_29,checkpoint_3,log_loss,0.7646625155610836,0.744512599770767,0.7848124313514,2,2,2,2,0
graph_29_raw,overall,hit1,0.4,0.0,0.8,6,6,5,5,1
graph_29_raw,overall,feasible1,0.5,0.16666666666666666,0.8333333333333334,6,6,6,6,1
graph_29_raw,overall,quality1,0.4166666666666667,0.08333333333333333,0.75,6,6,6,6,1
graph_29_raw,overall,regret1,0.4166666666666667,0.08333333333333333,0.75,6,6,6,6,1
graph_29_raw,overall,random_hit1,0.325,0.2,0.45,6,6,5,5,1
graph_29_raw,overall,random_feasible1,0.3541666666666667,0.1875,0.5,6,6,6,6,1
graph_29_raw,overall,random_quality1,0.3125,0.16666666666666666,0.4479166666666667,6,6,6,6,1
graph_29_raw,overall,excess_hit1,0.075,-0.225,0.375,6,6,5,5,1
graph_29_raw,overall,excess_feasible1,0.14583333333333334,-0.14583333333333334,0.4375,6,6,6,6,1
graph_29_raw,overall,excess_quality1,0.10416666666666667,-0.14583333333333334,0.3541666666666667,6,6,6,6,1
graph_29_raw,overall,boundary_near_tie1,0.8333333333333334,0.5,1.0,6,6,6,6,1
graph_29_raw,overall,hit2,0.6,0.2,1.0,6,6,5,5,1
graph_29_raw,overall,feasible2,0.6666666666666666,0.3333333333333333,1.0,6,6,6,6,1
graph_29_raw,overall,quality2,0.375,0.125,0.625,6,6,6,6,1
graph_29_raw,overall,regret2,0.25,0.0,0.5833333333333334,6,6,6,6,1
graph_29_raw,overall,random_hit2,0.55,0.37857142857142856,0.7214285714285714,6,6,5,5,1
graph_29_raw,overall,random_feasible2,0.5714285714285714,0.31547619047619047,0.7738095238095237,6,6,6,6,1
graph_29_raw,overall,random_quality2,0.3125,0.16666666666666666,0.4479166666666667,6,6,6,6,1
graph_29_raw,overall,excess_hit2,0.05,-0.32857142857142857,0.42857142857142866,6,6,5,5,1
graph_29_raw,overall,excess_feasible2,0.09523809523809525,-0.14285714285714288,0.2916666666666667,6,6,6,6,1
graph_29_raw,overall,excess_quality2,0.0625,-0.10416666666666667,0.2604166666666667,6,6,6,6,1
graph_29_raw,overall,boundary_near_tie2,0.6666666666666666,0.3333333333333333,1.0,6,6,6,6,1
graph_29_raw,overall,hit4,1.0,1.0,1.0,6,6,5,5,1
graph_29_raw,overall,feasible4,0.8333333333333334,0.5,1.0,6,6,6,6,1
graph_29_raw,overall,quality4,0.4375,0.20833333333333334,0.6666666666666666,6,6,6,6,1
graph_29_raw,overall,regret4,0.0,0.0,0.0,6,6,6,6,1
graph_29_raw,overall,random_hit4,0.8085714285714285,0.6542857142857142,0.9457142857142857,6,6,5,5,1
graph_29_raw,overall,random_feasible4,0.7714285714285715,0.45,0.9690476190476192,6,6,6,6,1
graph_29_raw,overall,random_quality4,0.3125,0.16666666666666666,0.4479166666666667,6,6,6,6,1
graph_29_raw,overall,excess_hit4,0.19142857142857142,0.05428571428571425,0.34571428571428575,6,6,5,5,1
graph_29_raw,overall,excess_feasible4,0.061904761904761886,0.011904761904761899,0.1238095238095238,6,6,6,6,1
graph_29_raw,overall,excess_quality4,0.125,0.03125,0.21875,6,6,6,6,1
graph_29_raw,overall,boundary_near_tie4,0.6666666666666666,0.3333333333333333,1.0,6,6,6,6,1
graph_29_raw,overall,score_spread,8.726479321263803e-06,1.559163628271169e-06,1.6814476275633927e-05,6,6,6,6,1
graph_29_raw,overall,numerically_flat,0.0,0.0,0.0,6,6,6,6,1
graph_29_raw,overall,adjacent_near_tie_fraction,0.7142857142857143,0.42857142857142855,0.9761904761904763,6,6,6,6,1
graph_29_raw,overall,intermediate_label_fraction,0.08333333333333333,0.020833333333333332,0.16666666666666666,6,6,6,6,1
graph_29_raw,overall,empirical_pool_quality,0.3125,0.16666666666666666,0.4479166666666667,6,6,6,6,1
graph_29_raw,overall,brier,0.18365834040977988,0.10924865949903394,0.2427624962783419,6,6,6,6,1
graph_29_raw,overall,bernoulli_brier,0.2044916737431132,0.12047733510133925,0.2618548376702807,6,6,6,6,1
graph_29_raw,overall,log_loss,0.6022125649687075,0.39690191327623614,0.7329652543482404,6,6,6,6,1
graph_29_raw,checkpoint_2,hit1,0.0,0.0,0.0,4,4,3,3,1
graph_29_raw,checkpoint_2,feasible1,0.25,0.0,0.75,4,4,4,4,1
graph_29_raw,checkpoint_2,quality1,0.125,0.0,0.375,4,4,4,4,1
graph_29_raw,checkpoint_2,regret1,0.625,0.25,1.0,4,4,4,4,1
graph_29_raw,checkpoint_2,random_hit1,0.20833333333333334,0.125,0.25,4,4,3,3,1
graph_29_raw,checkpoint_2,random_feasible1,0.25,0.09375,0.375,4,4,4,4,1
graph_29_raw,checkpoint_2,random_quality1,0.203125,0.0625,0.296875,4,4,4,4,1
graph_29_raw,checkpoint_2,excess_hit1,-0.20833333333333334,-0.25,-0.125,4,4,3,3,1
graph_29_raw,checkpoint_2,excess_feasible1,0.0,-0.3125,0.40625,4,4,4,4,1
graph_29_raw,checkpoint_2,excess_quality1,-0.078125,-0.28125,0.125,4,4,4,4,1
graph_29_raw,checkpoint_2,boundary_near_tie1,1.0,1.0,1.0,4,4,4,4,1
graph_29_raw,checkpoint_2,hit2,0.3333333333333333,0.0,1.0,4,4,3,3,1
graph_29_raw,checkpoint_2,feasible2,0.5,0.0,1.0,4,4,4,4,1
graph_29_raw,checkpoint_2,quality2,0.25,0.0,0.5625,4,4,4,4,1
graph_29_raw,checkpoint_2,regret2,0.375,0.0,0.75,4,4,4,4,1
graph_29_raw,checkpoint_2,random_hit2,0.39285714285714285,0.25,0.46428571428571425,4,4,3,3,1
graph_29_raw,checkpoint_2,random_feasible2,0.4375,0.1607142857142857,0.6428571428571428,4,4,4,4,1
graph_29_raw,checkpoint_2,random_quality2,0.203125,0.0625,0.296875,4,4,4,4,1
graph_29_raw,checkpoint_2,excess_hit2,-0.059523809523809534,-0.46428571428571425,0.75,4,4,3,3,1
graph_29_raw,checkpoint_2,excess_feasible2,0.06250000000000003,-0.2589285714285714,0.3571428571428572,4,4,4,4,1
graph_29_raw,checkpoint_2,excess_quality2,0.046875,-0.1875,0.359375,4,4,4,4,1
graph_29_raw,checkpoint_2,boundary_near_tie2,1.0,1.0,1.0,4,4,4,4,1
graph_29_raw,checkpoint_2,hit4,1.0,1.0,1.0,4,4,3,3,1
graph_29_raw,checkpoint_2,feasible4,0.75,0.25,1.0,4,4,4,4,1
graph_29_raw,checkpoint_2,quality4,0.25,0.09375,0.375,4,4,4,4,1
graph_29_raw,checkpoint_2,regret4,0.0,0.0,0.0,4,4,4,4,1
graph_29_raw,checkpoint_2,random_hit4,0.6904761904761904,0.5,0.7857142857142857,4,4,3,3,1
graph_29_raw,checkpoint_2,random_feasible4,0.6607142857142858,0.23214285714285715,0.9285714285714286,4,4,4,4,1
graph_29_raw,checkpoint_2,random_quality4,0.203125,0.0625,0.296875,4,4,4,4,1
graph_29_raw,checkpoint_2,excess_hit4,0.30952380952380953,0.2142857142857143,0.5,4,4,3,3,1
graph_29_raw,checkpoint_2,excess_feasible4,0.08928571428571427,0.01785714285714285,0.17857142857142858,4,4,4,4,1
graph_29_raw,checkpoint_2,excess_quality4,0.046875,0.0,0.09375,4,4,4,4,1
graph_29_raw,checkpoint_2,boundary_near_tie4,1.0,1.0,1.0,4,4,4,4,1
graph_29_raw,checkpoint_2,score_spread,1.637126045062054e-06,1.2945311159279216e-06,2.0422694733540636e-06,4,4,4,4,1
graph_29_raw,checkpoint_2,numerically_flat,0.0,0.0,0.0,4,4,4,4,1
graph_29_raw,checkpoint_2,adjacent_near_tie_fraction,0.9642857142857143,0.8928571428571429,1.0,4,4,4,4,1
graph_29_raw,checkpoint_2,intermediate_label_fraction,0.09375,0.0,0.1875,4,4,4,4,1
graph_29_raw,checkpoint_2,empirical_pool_quality,0.203125,0.0625,0.296875,4,4,4,4,1
graph_29_raw,checkpoint_2,brier,0.1442919836336845,0.06269463254788558,0.21045710177731436,4,4,4,4,1
graph_29_raw,checkpoint_2,bernoulli_brier,0.1677294836336845,0.06269463254788558,0.23775157083617546,4,4,4,4,1
graph_29_raw,checkpoint_2,log_loss,0.5277063349565903,0.25603585382425187,0.7088148011039248,4,4,4,4,1
graph_29_raw,checkpoint_3,hit1,1.0,1.0,1.0,2,2,2,2,0
graph_29_raw,checkpoint_3,feasible1,1.0,1.0,1.0,2,2,2,2,0
graph_29_raw,checkpoint_3,quality1,1.0,1.0,1.0,2,2,2,2,0
graph_29_raw,checkpoint_3,regret1,0.0,0.0,0.0,2,2,2,2,0
graph_29_raw,checkpoint_3,random_hit1,0.5,0.5,0.5,2,2,2,2,0
graph_29_raw,checkpoint_3,random_feasible1,0.5625,0.5,0.625,2,2,2,2,0
graph_29_raw,checkpoint_3,random_quality1,0.53125,0.5,0.5625,2,2,2,2,0
graph_29_raw,checkpoint_3,excess_hit1,0.5,0.5,0.5,2,2,2,2,0
graph_29_raw,checkpoint_3,excess_feasible1,0.4375,0.375,0.5,2,2,2,2,0
graph_29_raw,checkpoint_3,excess_quality1,0.46875,0.4375,0.5,2,2,2,2,0
graph_29_raw,checkpoint_3,boundary_near_tie1,0.5,0.0,1.0,2,2,2,2,0
graph_29_raw,checkpoint_3,hit2,1.0,1.0,1.0,2,2,2,2,0
graph_29_raw,checkpoint_3,feasible2,1.0,1.0,1.0,2,2,2,2,0
graph_29_raw,checkpoint_3,quality2,0.625,0.5,0.75,2,2,2,2,0
graph_29_raw,checkpoint_3,regret2,0.0,0.0,0.0,2,2,2,2,0
graph_29_raw,checkpoint_3,random_hit2,0.7857142857142857,0.7857142857142857,0.7857142857142857,2,2,2,2,0
graph_29_raw,checkpoint_3,random_feasible2,0.8392857142857143,0.7857142857142857,0.8928571428571429,2,2,2,2,0
graph_29_raw,checkpoint_3,random_quality2,0.53125,0.5,0.5625,2,2,2,2,0
graph_29_raw,checkpoint_3,excess_hit2,0.2142857142857143,0.2142857142857143,0.2142857142857143,2,2,2,2,0
graph_29_raw,checkpoint_3,excess_feasible2,0.1607142857142857,0.1071428571428571,0.2142857142857143,2,2,2,2,0
graph_29_raw,checkpoint_3,excess_quality2,0.09375,0.0,0.1875,2,2,2,2,0
graph_29_raw,checkpoint_3,boundary_near_tie2,0.0,0.0,0.0,2,2,2,2,0
graph_29_raw,checkpoint_3,hit4,1.0,1.0,1.0,2,2,2,2,0
graph_29_raw,checkpoint_3,feasible4,1.0,1.0,1.0,2,2,2,2,0
graph_29_raw,checkpoint_3,quality4,0.8125,0.75,0.875,2,2,2,2,0
graph_29_raw,checkpoint_3,regret4,0.0,0.0,0.0,2,2,2,2,0
graph_29_raw,checkpoint_3,random_hit4,0.9857142857142858,0.9857142857142858,0.9857142857142858,2,2,2,2,0
graph_29_raw,checkpoint_3,random_feasible4,0.9928571428571429,0.9857142857142858,1.0,2,2,2,2,0
graph_29_raw,checkpoint_3,random_quality4,0.53125,0.5,0.5625,2,2,2,2,0
graph_29_raw,checkpoint_3,excess_hit4,0.014285714285714235,0.014285714285714235,0.014285714285714235,2,2,2,2,0
graph_29_raw,checkpoint_3,excess_feasible4,0.0071428571428571175,0.0,0.014285714285714235,2,2,2,2,0
graph_29_raw,checkpoint_3,excess_quality4,0.28125,0.25,0.3125,2,2,2,2,0
graph_29_raw,checkpoint_3,boundary_near_tie4,0.0,0.0,0.0,2,2,2,2,0
graph_29_raw,checkpoint_3,score_spread,2.29051858736673e-05,2.0143142089534827e-05,2.5667229657799773e-05,2,2,2,2,0
graph_29_raw,checkpoint_3,numerically_flat,0.0,0.0,0.0,2,2,2,2,0
graph_29_raw,checkpoint_3,adjacent_near_tie_fraction,0.21428571428571427,0.14285714285714285,0.2857142857142857,2,2,2,2,0
graph_29_raw,checkpoint_3,intermediate_label_fraction,0.0625,0.0,0.125,2,2,2,2,0
graph_29_raw,checkpoint_3,empirical_pool_quality,0.53125,0.5,0.5625,2,2,2,2,0
graph_29_raw,checkpoint_3,brier,0.2623910539619707,0.25543933309574063,0.26934277482820074,2,2,2,2,0
graph_29_raw,checkpoint_3,bernoulli_brier,0.2780160539619707,0.26934277482820074,0.28668933309574063,2,2,2,2,0
graph_29_raw,checkpoint_3,log_loss,0.7512250249929417,0.733411271918723,0.7690387780671604,2,2,2,2,0
graph_43,overall,hit1,0.4,0.0,0.8,6,6,5,5,1
graph_43,overall,feasible1,0.6666666666666666,0.3333333333333333,1.0,6,6,6,6,1
graph_43,overall,quality1,0.5,0.16666666666666666,0.8333333333333334,6,6,6,6,1
graph_43,overall,regret1,0.3333333333333333,0.08333333333333333,0.6666666666666666,6,6,6,6,1
graph_43,overall,random_hit1,0.325,0.2,0.45,6,6,5,5,1
graph_43,overall,random_feasible1,0.3541666666666667,0.1875,0.5,6,6,6,6,1
graph_43,overall,random_quality1,0.3125,0.16666666666666666,0.4479166666666667,6,6,6,6,1
graph_43,overall,excess_hit1,0.075,-0.225,0.375,6,6,5,5,1
graph_43,overall,excess_feasible1,0.3125,0.041666666666666664,0.5625,6,6,6,6,1
graph_43,overall,excess_quality1,0.1875,-0.010416666666666666,0.375,6,6,6,6,1
graph_43,overall,boundary_near_tie1,0.8333333333333334,0.5,1.0,6,6,6,6,1
graph_43,overall,hit2,0.6,0.2,1.0,6,6,5,5,1
graph_43,overall,feasible2,0.6666666666666666,0.3333333333333333,1.0,6,6,6,6,1
graph_43,overall,quality2,0.5,0.16666666666666666,0.8333333333333334,6,6,6,6,1
graph_43,overall,regret2,0.25,0.0,0.5833333333333334,6,6,6,6,1
graph_43,overall,random_hit2,0.55,0.37857142857142856,0.7214285714285714,6,6,5,5,1
graph_43,overall,random_feasible2,0.5714285714285714,0.31547619047619047,0.7738095238095237,6,6,6,6,1
graph_43,overall,random_quality2,0.3125,0.16666666666666666,0.4479166666666667,6,6,6,6,1
graph_43,overall,excess_hit2,0.05,-0.32857142857142857,0.42857142857142866,6,6,5,5,1
graph_43,overall,excess_feasible2,0.09523809523809525,-0.14285714285714288,0.2916666666666667,6,6,6,6,1
graph_43,overall,excess_quality2,0.1875,-0.052083333333333336,0.40625,6,6,6,6,1
graph_43,overall,boundary_near_tie2,0.5,0.16666666666666666,0.8333333333333334,6,6,6,6,1
graph_43,overall,hit4,1.0,1.0,1.0,6,6,5,5,1
graph_43,overall,feasible4,0.8333333333333334,0.5,1.0,6,6,6,6,1
graph_43,overall,quality4,0.4375,0.20833333333333334,0.6666666666666666,6,6,6,6,1
graph_43,overall,regret4,0.0,0.0,0.0,6,6,6,6,1
graph_43,overall,random_hit4,0.8085714285714285,0.6542857142857142,0.9457142857142857,6,6,5,5,1
graph_43,overall,random_feasible4,0.7714285714285715,0.45,0.9690476190476192,6,6,6,6,1
graph_43,overall,random_quality4,0.3125,0.16666666666666666,0.4479166666666667,6,6,6,6,1
graph_43,overall,excess_hit4,0.19142857142857142,0.05428571428571425,0.34571428571428575,6,6,5,5,1
graph_43,overall,excess_feasible4,0.061904761904761886,0.011904761904761899,0.1238095238095238,6,6,6,6,1
graph_43,overall,excess_quality4,0.125,0.03125,0.21875,6,6,6,6,1
graph_43,overall,boundary_near_tie4,0.5,0.16666666666666666,0.8333333333333334,6,6,6,6,1
graph_43,overall,score_spread,2.186847541961236e-05,7.2678206249742035e-06,3.738122071385198e-05,6,6,6,6,1
graph_43,overall,numerically_flat,0.0,0.0,0.0,6,6,6,6,1
graph_43,overall,adjacent_near_tie_fraction,0.5476190476190476,0.33333333333333326,0.7857142857142856,6,6,6,6,1
graph_43,overall,intermediate_label_fraction,0.08333333333333333,0.020833333333333332,0.16666666666666666,6,6,6,6,1
graph_43,overall,empirical_pool_quality,0.3125,0.16666666666666666,0.4479166666666667,6,6,6,6,1
graph_43,overall,brier,0.18976631736652938,0.11033605140949287,0.25093321458019235,6,6,6,6,1
graph_43,overall,bernoulli_brier,0.21059965069986272,0.12075520909560988,0.2704615924980334,6,6,6,6,1
graph_43,overall,log_loss,0.6277640772288016,0.405627067146328,0.768706866016377,6,6,6,6,1
graph_43,checkpoint_2,hit1,0.0,0.0,0.0,4,4,3,3,1
graph_43,checkpoint_2,feasible1,0.5,0.0,1.0,4,4,4,4,1
graph_43,checkpoint_2,quality1,0.25,0.0,0.5,4,4,4,4,1
graph_43,checkpoint_2,regret1,0.5,0.125,0.875,4,4,4,4,1
graph_43,checkpoint_2,random_hit1,0.20833333333333334,0.125,0.25,4,4,3,3,1
graph_43,checkpoint_2,random_feasible1,0.25,0.09375,0.375,4,4,4,4,1
graph_43,checkpoint_2,random_quality1,0.203125,0.0625,0.296875,4,4,4,4,1
graph_43,checkpoint_2,excess_hit1,-0.20833333333333334,-0.25,-0.125,4,4,3,3,1
graph_43,checkpoint_2,excess_feasible1,0.25,-0.125,0.625,4,4,4,4,1
graph_43,checkpoint_2,excess_quality1,0.046875,-0.140625,0.21875,4,4,4,4,1
graph_43,checkpoint_2,boundary_near_tie1,0.75,0.25,1.0,4,4,4,4,1
graph_43,checkpoint_2,hit2,0.3333333333333333,0.0,1.0,4,4,3,3,1
graph_43,checkpoint_2,feasible2,0.5,0.0,1.0,4,4,4,4,1
graph_43,checkpoint_2,quality2,0.25,0.0,0.5625,4,4,4,4,1
graph_43,checkpoint_2,regret2,0.375,0.0,0.75,4,4,4,4,1
graph_43,checkpoint_2,random_hit2,0.39285714285714285,0.25,0.46428571428571425,4,4,3,3,1
graph_43,checkpoint_2,random_feasible2,0.4375,0.1607142857142857,0.6428571428571428,4,4,4,4,1
graph_43,checkpoint_2,random_quality2,0.203125,0.0625,0.296875,4,4,4,4,1
graph_43,checkpoint_2,excess_hit2,-0.059523809523809534,-0.46428571428571425,0.75,4,4,3,3,1
graph_43,checkpoint_2,excess_feasible2,0.06250000000000003,-0.2589285714285714,0.3571428571428572,4,4,4,4,1
graph_43,checkpoint_2,excess_quality2,0.046875,-0.1875,0.359375,4,4,4,4,1
graph_43,checkpoint_2,boundary_near_tie2,0.5,0.0,1.0,4,4,4,4,1
graph_43,checkpoint_2,hit4,1.0,1.0,1.0,4,4,3,3,1
graph_43,checkpoint_2,feasible4,0.75,0.25,1.0,4,4,4,4,1
graph_43,checkpoint_2,quality4,0.25,0.09375,0.375,4,4,4,4,1
graph_43,checkpoint_2,regret4,0.0,0.0,0.0,4,4,4,4,1
graph_43,checkpoint_2,random_hit4,0.6904761904761904,0.5,0.7857142857142857,4,4,3,3,1
graph_43,checkpoint_2,random_feasible4,0.6607142857142858,0.23214285714285715,0.9285714285714286,4,4,4,4,1
graph_43,checkpoint_2,random_quality4,0.203125,0.0625,0.296875,4,4,4,4,1
graph_43,checkpoint_2,excess_hit4,0.30952380952380953,0.2142857142857143,0.5,4,4,3,3,1
graph_43,checkpoint_2,excess_feasible4,0.08928571428571427,0.01785714285714285,0.17857142857142858,4,4,4,4,1
graph_43,checkpoint_2,excess_quality4,0.046875,0.0,0.09375,4,4,4,4,1
graph_43,checkpoint_2,boundary_near_tie4,0.75,0.25,1.0,4,4,4,4,1
graph_43,checkpoint_2,score_spread,8.058424572261053e-06,4.8466066470687075e-06,1.0555071384567294e-05,4,4,4,4,1
graph_43,checkpoint_2,numerically_flat,0.0,0.0,0.0,4,4,4,4,1
graph_43,checkpoint_2,adjacent_near_tie_fraction,0.7142857142857143,0.5714285714285714,0.8928571428571428,4,4,4,4,1
graph_43,checkpoint_2,intermediate_label_fraction,0.09375,0.0,0.1875,4,4,4,4,1
graph_43,checkpoint_2,empirical_pool_quality,0.203125,0.0625,0.296875,4,4,4,4,1
graph_43,checkpoint_2,brier,0.15040523293152314,0.059550174603731035,0.2217193631835215,4,4,4,4,1
graph_43,checkpoint_2,bernoulli_brier,0.17384273293152314,0.059550174603731035,0.25004011924302416,4,4,4,4,1
graph_43,checkpoint_2,log_loss,0.5593523986386534,0.24011414668308642,0.7721917207105191,4,4,4,4,1
graph_43,checkpoint_3,hit1,1.0,1.0,1.0,2,2,2,2,0
graph_43,checkpoint_3,feasible1,1.0,1.0,1.0,2,2,2,2,0
graph_43,checkpoint_3,quality1,1.0,1.0,1.0,2,2,2,2,0
graph_43,checkpoint_3,regret1,0.0,0.0,0.0,2,2,2,2,0
graph_43,checkpoint_3,random_hit1,0.5,0.5,0.5,2,2,2,2,0
graph_43,checkpoint_3,random_feasible1,0.5625,0.5,0.625,2,2,2,2,0
graph_43,checkpoint_3,random_quality1,0.53125,0.5,0.5625,2,2,2,2,0
graph_43,checkpoint_3,excess_hit1,0.5,0.5,0.5,2,2,2,2,0
graph_43,checkpoint_3,excess_feasible1,0.4375,0.375,0.5,2,2,2,2,0
graph_43,checkpoint_3,excess_quality1,0.46875,0.4375,0.5,2,2,2,2,0
graph_43,checkpoint_3,boundary_near_tie1,1.0,1.0,1.0,2,2,2,2,0
graph_43,checkpoint_3,hit2,1.0,1.0,1.0,2,2,2,2,0
graph_43,checkpoint_3,feasible2,1.0,1.0,1.0,2,2,2,2,0
graph_43,checkpoint_3,quality2,1.0,1.0,1.0,2,2,2,2,0
graph_43,checkpoint_3,regret2,0.0,0.0,0.0,2,2,2,2,0
graph_43,checkpoint_3,random_hit2,0.7857142857142857,0.7857142857142857,0.7857142857142857,2,2,2,2,0
graph_43,checkpoint_3,random_feasible2,0.8392857142857143,0.7857142857142857,0.8928571428571429,2,2,2,2,0
graph_43,checkpoint_3,random_quality2,0.53125,0.5,0.5625,2,2,2,2,0
graph_43,checkpoint_3,excess_hit2,0.2142857142857143,0.2142857142857143,0.2142857142857143,2,2,2,2,0
graph_43,checkpoint_3,excess_feasible2,0.1607142857142857,0.1071428571428571,0.2142857142857143,2,2,2,2,0
graph_43,checkpoint_3,excess_quality2,0.46875,0.4375,0.5,2,2,2,2,0
graph_43,checkpoint_3,boundary_near_tie2,0.5,0.0,1.0,2,2,2,2,0
graph_43,checkpoint_3,hit4,1.0,1.0,1.0,2,2,2,2,0
graph_43,checkpoint_3,feasible4,1.0,1.0,1.0,2,2,2,2,0
graph_43,checkpoint_3,quality4,0.8125,0.75,0.875,2,2,2,2,0
graph_43,checkpoint_3,regret4,0.0,0.0,0.0,2,2,2,2,0
graph_43,checkpoint_3,random_hit4,0.9857142857142858,0.9857142857142858,0.9857142857142858,2,2,2,2,0
graph_43,checkpoint_3,random_feasible4,0.9928571428571429,0.9857142857142858,1.0,2,2,2,2,0
graph_43,checkpoint_3,random_quality4,0.53125,0.5,0.5625,2,2,2,2,0
graph_43,checkpoint_3,excess_hit4,0.014285714285714235,0.014285714285714235,0.014285714285714235,2,2,2,2,0
graph_43,checkpoint_3,excess_feasible4,0.0071428571428571175,0.0,0.014285714285714235,2,2,2,2,0
graph_43,checkpoint_3,excess_quality4,0.28125,0.25,0.3125,2,2,2,2,0
graph_43,checkpoint_3,boundary_near_tie4,0.0,0.0,0.0,2,2,2,2,0
graph_43,checkpoint_3,score_spread,4.948857711431498e-05,4.568679376826257e-05,5.329036046036739e-05,2,2,2,2,0
graph_43,checkpoint_3,numerically_flat,0.0,0.0,0.0,2,2,2,2,0
graph_43,checkpoint_3,adjacent_near_tie_fraction,0.21428571428571427,0.14285714285714285,0.2857142857142857,2,2,2,2,0
graph_43,checkpoint_3,intermediate_label_fraction,0.0625,0.0,0.125,2,2,2,2,0
graph_43,checkpoint_3,empirical_pool_quality,0.53125,0.5,0.5625,2,2,2,2,0
graph_43,checkpoint_3,brier,0.26848848623654187,0.26259179432051377,0.2743851781525699,2,2,2,2,0
graph_43,checkpoint_3,bernoulli_brier,0.28411348623654187,0.2743851781525699,0.29384179432051377,2,2,2,2,0
graph_43,checkpoint_3,log_loss,0.764587434409098,0.744463029545656,0.7847118392725401,2,2,2,2,0
graph_43_raw,overall,hit1,0.4,0.0,0.8,6,6,5,5,1
graph_43_raw,overall,feasible1,0.6666666666666666,0.3333333333333333,1.0,6,6,6,6,1
graph_43_raw,overall,quality1,0.5,0.16666666666666666,0.8333333333333334,6,6,6,6,1
graph_43_raw,overall,regret1,0.3333333333333333,0.08333333333333333,0.6666666666666666,6,6,6,6,1
graph_43_raw,overall,random_hit1,0.325,0.2,0.45,6,6,5,5,1
graph_43_raw,overall,random_feasible1,0.3541666666666667,0.1875,0.5,6,6,6,6,1
graph_43_raw,overall,random_quality1,0.3125,0.16666666666666666,0.4479166666666667,6,6,6,6,1
graph_43_raw,overall,excess_hit1,0.075,-0.225,0.375,6,6,5,5,1
graph_43_raw,overall,excess_feasible1,0.3125,0.041666666666666664,0.5625,6,6,6,6,1
graph_43_raw,overall,excess_quality1,0.1875,-0.010416666666666666,0.375,6,6,6,6,1
graph_43_raw,overall,boundary_near_tie1,0.6666666666666666,0.3333333333333333,1.0,6,6,6,6,1
graph_43_raw,overall,hit2,0.6,0.2,1.0,6,6,5,5,1
graph_43_raw,overall,feasible2,0.6666666666666666,0.3333333333333333,1.0,6,6,6,6,1
graph_43_raw,overall,quality2,0.5,0.16666666666666666,0.8333333333333334,6,6,6,6,1
graph_43_raw,overall,regret2,0.25,0.0,0.5833333333333334,6,6,6,6,1
graph_43_raw,overall,random_hit2,0.55,0.37857142857142856,0.7214285714285714,6,6,5,5,1
graph_43_raw,overall,random_feasible2,0.5714285714285714,0.31547619047619047,0.7738095238095237,6,6,6,6,1
graph_43_raw,overall,random_quality2,0.3125,0.16666666666666666,0.4479166666666667,6,6,6,6,1
graph_43_raw,overall,excess_hit2,0.05,-0.32857142857142857,0.42857142857142866,6,6,5,5,1
graph_43_raw,overall,excess_feasible2,0.09523809523809525,-0.14285714285714288,0.2916666666666667,6,6,6,6,1
graph_43_raw,overall,excess_quality2,0.1875,-0.052083333333333336,0.40625,6,6,6,6,1
graph_43_raw,overall,boundary_near_tie2,0.5,0.16666666666666666,0.8333333333333334,6,6,6,6,1
graph_43_raw,overall,hit4,1.0,1.0,1.0,6,6,5,5,1
graph_43_raw,overall,feasible4,0.8333333333333334,0.5,1.0,6,6,6,6,1
graph_43_raw,overall,quality4,0.4375,0.20833333333333334,0.6666666666666666,6,6,6,6,1
graph_43_raw,overall,regret4,0.0,0.0,0.0,6,6,6,6,1
graph_43_raw,overall,random_hit4,0.8085714285714285,0.6542857142857142,0.9457142857142857,6,6,5,5,1
graph_43_raw,overall,random_feasible4,0.7714285714285715,0.45,0.9690476190476192,6,6,6,6,1
graph_43_raw,overall,random_quality4,0.3125,0.16666666666666666,0.4479166666666667,6,6,6,6,1
graph_43_raw,overall,excess_hit4,0.19142857142857142,0.05428571428571425,0.34571428571428575,6,6,5,5,1
graph_43_raw,overall,excess_feasible4,0.061904761904761886,0.011904761904761899,0.1238095238095238,6,6,6,6,1
graph_43_raw,overall,excess_quality4,0.125,0.03125,0.21875,6,6,6,6,1
graph_43_raw,overall,boundary_near_tie4,0.5,0.16666666666666666,0.8333333333333334,6,6,6,6,1
graph_43_raw,overall,score_spread,2.1955770300915074e-05,8.96293943548135e-06,3.565620727186435e-05,6,6,6,6,1
graph_43_raw,overall,numerically_flat,0.0,0.0,0.0,6,6,6,6,1
graph_43_raw,overall,adjacent_near_tie_fraction,0.5,0.30952380952380953,0.6666666666666666,6,6,6,6,1
graph_43_raw,overall,intermediate_label_fraction,0.08333333333333333,0.020833333333333332,0.16666666666666666,6,6,6,6,1
graph_43_raw,overall,empirical_pool_quality,0.3125,0.16666666666666666,0.4479166666666667,6,6,6,6,1
graph_43_raw,overall,brier,0.17849013812418604,0.10833177575577137,0.23317753139714748,6,6,6,6,1
graph_43_raw,overall,bernoulli_brier,0.19932347145751939,0.11958444611424786,0.25357079950825934,6,6,6,6,1
graph_43_raw,overall,log_loss,0.5885755728336338,0.3965498888494743,0.7088812004301982,6,6,6,6,1
graph_43_raw,checkpoint_2,hit1,0.0,0.0,0.0,4,4,3,3,1
graph_43_raw,checkpoint_2,feasible1,0.5,0.0,1.0,4,4,4,4,1
graph_43_raw,checkpoint_2,quality1,0.25,0.0,0.5,4,4,4,4,1
graph_43_raw,checkpoint_2,regret1,0.5,0.125,0.875,4,4,4,4,1
graph_43_raw,checkpoint_2,random_hit1,0.20833333333333334,0.125,0.25,4,4,3,3,1
graph_43_raw,checkpoint_2,random_feasible1,0.25,0.09375,0.375,4,4,4,4,1
graph_43_raw,checkpoint_2,random_quality1,0.203125,0.0625,0.296875,4,4,4,4,1
graph_43_raw,checkpoint_2,excess_hit1,-0.20833333333333334,-0.25,-0.125,4,4,3,3,1
graph_43_raw,checkpoint_2,excess_feasible1,0.25,-0.125,0.625,4,4,4,4,1
graph_43_raw,checkpoint_2,excess_quality1,0.046875,-0.140625,0.21875,4,4,4,4,1
graph_43_raw,checkpoint_2,boundary_near_tie1,0.5,0.0,1.0,4,4,4,4,1
graph_43_raw,checkpoint_2,hit2,0.3333333333333333,0.0,1.0,4,4,3,3,1
graph_43_raw,checkpoint_2,feasible2,0.5,0.0,1.0,4,4,4,4,1
graph_43_raw,checkpoint_2,quality2,0.25,0.0,0.5625,4,4,4,4,1
graph_43_raw,checkpoint_2,regret2,0.375,0.0,0.75,4,4,4,4,1
graph_43_raw,checkpoint_2,random_hit2,0.39285714285714285,0.25,0.46428571428571425,4,4,3,3,1
graph_43_raw,checkpoint_2,random_feasible2,0.4375,0.1607142857142857,0.6428571428571428,4,4,4,4,1
graph_43_raw,checkpoint_2,random_quality2,0.203125,0.0625,0.296875,4,4,4,4,1
graph_43_raw,checkpoint_2,excess_hit2,-0.059523809523809534,-0.46428571428571425,0.75,4,4,3,3,1
graph_43_raw,checkpoint_2,excess_feasible2,0.06250000000000003,-0.2589285714285714,0.3571428571428572,4,4,4,4,1
graph_43_raw,checkpoint_2,excess_quality2,0.046875,-0.1875,0.359375,4,4,4,4,1
graph_43_raw,checkpoint_2,boundary_near_tie2,0.5,0.0,1.0,4,4,4,4,1
graph_43_raw,checkpoint_2,hit4,1.0,1.0,1.0,4,4,3,3,1
graph_43_raw,checkpoint_2,feasible4,0.75,0.25,1.0,4,4,4,4,1
graph_43_raw,checkpoint_2,quality4,0.25,0.09375,0.375,4,4,4,4,1
graph_43_raw,checkpoint_2,regret4,0.0,0.0,0.0,4,4,4,4,1
graph_43_raw,checkpoint_2,random_hit4,0.6904761904761904,0.5,0.7857142857142857,4,4,3,3,1
graph_43_raw,checkpoint_2,random_feasible4,0.6607142857142858,0.23214285714285715,0.9285714285714286,4,4,4,4,1
graph_43_raw,checkpoint_2,random_quality4,0.203125,0.0625,0.296875,4,4,4,4,1
graph_43_raw,checkpoint_2,excess_hit4,0.30952380952380953,0.2142857142857143,0.5,4,4,3,3,1
graph_43_raw,checkpoint_2,excess_feasible4,0.08928571428571427,0.01785714285714285,0.17857142857142858,4,4,4,4,1
graph_43_raw,checkpoint_2,excess_quality4,0.046875,0.0,0.09375,4,4,4,4,1
graph_43_raw,checkpoint_2,boundary_near_tie4,0.75,0.25,1.0,4,4,4,4,1
graph_43_raw,checkpoint_2,score_spread,9.938024670377854e-06,5.977712705829141e-06,1.3017074847909704e-05,4,4,4,4,1
graph_43_raw,checkpoint_2,numerically_flat,0.0,0.0,0.0,4,4,4,4,1
graph_43_raw,checkpoint_2,adjacent_near_tie_fraction,0.6428571428571429,0.5714285714285714,0.7142857142857143,4,4,4,4,1
graph_43_raw,checkpoint_2,intermediate_label_fraction,0.09375,0.0,0.1875,4,4,4,4,1
graph_43_raw,checkpoint_2,empirical_pool_quality,0.203125,0.0625,0.296875,4,4,4,4,1
graph_43_raw,checkpoint_2,brier,0.14249621414435468,0.06445991911450089,0.20668788115820239,4,4,4,4,1
graph_43_raw,checkpoint_2,bernoulli_brier,0.1659337141443547,0.06445991911450089,0.23358366397605007,4,4,4,4,1
graph_43_raw,checkpoint_2,log_loss,0.5199019818448204,0.2636952099368969,0.6907096323387387,4,4,4,4,1
graph_43_raw,checkpoint_3,hit1,1.0,1.0,1.0,2,2,2,2,0
graph_43_raw,checkpoint_3,feasible1,1.0,1.0,1.0,2,2,2,2,0
graph_43_raw,checkpoint_3,quality1,1.0,1.0,1.0,2,2,2,2,0
graph_43_raw,checkpoint_3,regret1,0.0,0.0,0.0,2,2,2,2,0
graph_43_raw,checkpoint_3,random_hit1,0.5,0.5,0.5,2,2,2,2,0
graph_43_raw,checkpoint_3,random_feasible1,0.5625,0.5,0.625,2,2,2,2,0
graph_43_raw,checkpoint_3,random_quality1,0.53125,0.5,0.5625,2,2,2,2,0
graph_43_raw,checkpoint_3,excess_hit1,0.5,0.5,0.5,2,2,2,2,0
graph_43_raw,checkpoint_3,excess_feasible1,0.4375,0.375,0.5,2,2,2,2,0
graph_43_raw,checkpoint_3,excess_quality1,0.46875,0.4375,0.5,2,2,2,2,0
graph_43_raw,checkpoint_3,boundary_near_tie1,1.0,1.0,1.0,2,2,2,2,0
graph_43_raw,checkpoint_3,hit2,1.0,1.0,1.0,2,2,2,2,0
graph_43_raw,checkpoint_3,feasible2,1.0,1.0,1.0,2,2,2,2,0
graph_43_raw,checkpoint_3,quality2,1.0,1.0,1.0,2,2,2,2,0
graph_43_raw,checkpoint_3,regret2,0.0,0.0,0.0,2,2,2,2,0
graph_43_raw,checkpoint_3,random_hit2,0.7857142857142857,0.7857142857142857,0.7857142857142857,2,2,2,2,0
graph_43_raw,checkpoint_3,random_feasible2,0.8392857142857143,0.7857142857142857,0.8928571428571429,2,2,2,2,0
graph_43_raw,checkpoint_3,random_quality2,0.53125,0.5,0.5625,2,2,2,2,0
graph_43_raw,checkpoint_3,excess_hit2,0.2142857142857143,0.2142857142857143,0.2142857142857143,2,2,2,2,0
graph_43_raw,checkpoint_3,excess_feasible2,0.1607142857142857,0.1071428571428571,0.2142857142857143,2,2,2,2,0
graph_43_raw,checkpoint_3,excess_quality2,0.46875,0.4375,0.5,2,2,2,2,0
graph_43_raw,checkpoint_3,boundary_near_tie2,0.5,0.0,1.0,2,2,2,2,0
graph_43_raw,checkpoint_3,hit4,1.0,1.0,1.0,2,2,2,2,0
graph_43_raw,checkpoint_3,feasible4,1.0,1.0,1.0,2,2,2,2,0
graph_43_raw,checkpoint_3,quality4,0.8125,0.75,0.875,2,2,2,2,0
graph_43_raw,checkpoint_3,regret4,0.0,0.0,0.0,2,2,2,2,0
graph_43_raw,checkpoint_3,random_hit4,0.9857142857142858,0.9857142857142858,0.9857142857142858,2,2,2,2,0
graph_43_raw,checkpoint_3,random_feasible4,0.9928571428571429,0.9857142857142858,1.0,2,2,2,2,0
graph_43_raw,checkpoint_3,random_quality4,0.53125,0.5,0.5625,2,2,2,2,0
graph_43_raw,checkpoint_3,excess_hit4,0.014285714285714235,0.014285714285714235,0.014285714285714235,2,2,2,2,0
graph_43_raw,checkpoint_3,excess_feasible4,0.0071428571428571175,0.0,0.014285714285714235,2,2,2,2,0
graph_43_raw,checkpoint_3,excess_quality4,0.28125,0.25,0.3125,2,2,2,2,0
graph_43_raw,checkpoint_3,boundary_near_tie4,0.0,0.0,0.0,2,2,2,2,0
graph_43_raw,checkpoint_3,score_spread,4.5991261561989516e-05,4.245583029205413e-05,4.95266928319249e-05,2,2,2,2,0
graph_43_raw,checkpoint_3,numerically_flat,0.0,0.0,0.0,2,2,2,2,0
graph_43_raw,checkpoint_3,adjacent_near_tie_fraction,0.21428571428571427,0.14285714285714285,0.2857142857142857,2,2,2,2,0
graph_43_raw,checkpoint_3,intermediate_label_fraction,0.0625,0.0,0.125,2,2,2,2,0
graph_43_raw,checkpoint_3,empirical_pool_quality,0.53125,0.5,0.5625,2,2,2,2,0
graph_43_raw,checkpoint_3,brier,0.25047798608384875,0.24105340937272396,0.2599025627949736,2,2,2,2,0
graph_43_raw,checkpoint_3,bernoulli_brier,0.26610298608384875,0.2599025627949736,0.27230340937272396,2,2,2,2,0
graph_43_raw,checkpoint_3,log_loss,0.7259227548112606,0.7133552237740242,0.7384902858484971,2,2,2,2,0
port_mlp_17,overall,hit1,0.6,0.2,1.0,6,6,5,5,1
port_mlp_17,overall,feasible1,0.8333333333333334,0.5,1.0,6,6,6,6,1
port_mlp_17,overall,quality1,0.6666666666666666,0.3333333333333333,0.9166666666666666,6,6,6,6,1
port_mlp_17,overall,regret1,0.16666666666666666,0.0,0.3333333333333333,6,6,6,6,1
port_mlp_17,overall,random_hit1,0.325,0.2,0.45,6,6,5,5,1
port_mlp_17,overall,random_feasible1,0.3541666666666667,0.1875,0.5,6,6,6,6,1
port_mlp_17,overall,random_quality1,0.3125,0.16666666666666666,0.4479166666666667,6,6,6,6,1
port_mlp_17,overall,excess_hit1,0.275,-0.075,0.6,6,6,5,5,1
port_mlp_17,overall,excess_feasible1,0.4791666666666667,0.2708333333333333,0.6458333333333334,6,6,6,6,1
port_mlp_17,overall,excess_quality1,0.3541666666666667,0.16666666666666666,0.5520833333333334,6,6,6,6,1
port_mlp_17,overall,boundary_near_tie1,0.0,0.0,0.0,6,6,6,6,1
port_mlp_17,overall,hit2,1.0,1.0,1.0,6,6,5,5,1
port_mlp_17,overall,feasible2,0.8333333333333334,0.5,1.0,6,6,6,6,1
port_mlp_17,overall,quality2,0.75,0.4166666666666667,0.9583333333333334,6,6,6,6,1
port_mlp_17,overall,regret2,0.0,0.0,0.0,6,6,6,6,1
port_mlp_17,overall,random_hit2,0.55,0.37857142857142856,0.7214285714285714,6,6,5,5,1
port_mlp_17,overall,random_feasible2,0.5714285714285714,0.31547619047619047,0.7738095238095237,6,6,6,6,1
port_mlp_17,overall,random_quality2,0.3125,0.16666666666666666,0.4479166666666667,6,6,6,6,1
port_mlp_17,overall,excess_hit2,0.45,0.2785714285714286,0.6214285714285713,6,6,5,5,1
port_mlp_17,overall,excess_feasible2,0.2619047619047619,0.1130952380952381,0.3988095238095238,6,6,6,6,1
port_mlp_17,overall,excess_quality2,0.4375,0.23958333333333334,0.6041666666666666,6,6,6,6,1
port_mlp_17,overall,boundary_near_tie2,0.0,0.0,0.0,6,6,6,6,1
port_mlp_17,overall,hit4,1.0,1.0,1.0,6,6,5,5,1
port_mlp_17,overall,feasible4,0.8333333333333334,0.5,1.0,6,6,6,6,1
port_mlp_17,overall,quality4,0.5625,0.2916666666666667,0.8125,6,6,6,6,1
port_mlp_17,overall,regret4,0.0,0.0,0.0,6,6,6,6,1
port_mlp_17,overall,random_hit4,0.8085714285714285,0.6542857142857142,0.9457142857142857,6,6,5,5,1
port_mlp_17,overall,random_feasible4,0.7714285714285715,0.45,0.9690476190476192,6,6,6,6,1
port_mlp_17,overall,random_quality4,0.3125,0.16666666666666666,0.4479166666666667,6,6,6,6,1
port_mlp_17,overall,excess_hit4,0.19142857142857142,0.05428571428571425,0.34571428571428575,6,6,5,5,1
port_mlp_17,overall,excess_feasible4,0.061904761904761886,0.011904761904761899,0.1238095238095238,6,6,6,6,1
port_mlp_17,overall,excess_quality4,0.25,0.125,0.3645833333333333,6,6,6,6,1
port_mlp_17,overall,boundary_near_tie4,0.0,0.0,0.0,6,6,6,6,1
port_mlp_17,overall,score_spread,0.32658376892987073,0.10214303656706554,0.5564410917546193,6,6,6,6,1
port_mlp_17,overall,numerically_flat,0.0,0.0,0.0,6,6,6,6,1
port_mlp_17,overall,adjacent_near_tie_fraction,0.023809523809523808,0.0,0.07142857142857142,6,6,6,6,1
port_mlp_17,overall,intermediate_label_fraction,0.08333333333333333,0.020833333333333332,0.16666666666666666,6,6,6,6,1
port_mlp_17,overall,empirical_pool_quality,0.3125,0.16666666666666666,0.4479166666666667,6,6,6,6,1
port_mlp_17,overall,brier,0.1212284931421841,0.05645639264048863,0.18600059364387958,6,6,6,6,1
port_mlp_17,overall,bernoulli_brier,0.14206182647551743,0.06880894868790331,0.21287582678540587,6,6,6,6,1
port_mlp_17,overall,log_loss,0.4509076593575317,0.24467127963918656,0.6543594003453391,6,6,6,6,1
port_mlp_17,checkpoint_2,hit1,0.3333333333333333,0.0,1.0,4,4,3,3,1
port_mlp_17,checkpoint_2,feasible1,0.75,0.25,1.0,4,4,4,4,1
port_mlp_17,checkpoint_2,quality1,0.5,0.125,0.875,4,4,4,4,1
port_mlp_17,checkpoint_2,regret1,0.25,0.0,0.5,4,4,4,4,1
port_mlp_17,checkpoint_2,random_hit1,0.20833333333333334,0.125,0.25,4,4,3,3,1
port_mlp_17,checkpoint_2,random_feasible1,0.25,0.09375,0.375,4,4,4,4,1
port_mlp_17,checkpoint_2,random_quality1,0.203125,0.0625,0.296875,4,4,4,4,1
port_mlp_17,checkpoint_2,excess_hit1,0.125,-0.25,0.75,4,4,3,3,1
port_mlp_17,checkpoint_2,excess_feasible1,0.5,0.15625,0.71875,4,4,4,4,1
port_mlp_17,checkpoint_2,excess_quality1,0.296875,0.0625,0.609375,4,4,4,4,1
port_mlp_17,checkpoint_2,boundary_near_tie1,0.0,0.0,0.0,4,4,4,4,1
port_mlp_17,checkpoint_2,hit2,1.0,1.0,1.0,4,4,3,3,1
port_mlp_17,checkpoint_2,feasible2,0.75,0.25,1.0,4,4,4,4,1
port_mlp_17,checkpoint_2,quality2,0.625,0.1875,0.9375,4,4,4,4,1
port_mlp_17,checkpoint_2,regret2,0.0,0.0,0.0,4,4,4,4,1
port_mlp_17,checkpoint_2,random_hit2,0.39285714285714285,0.25,0.46428571428571425,4,4,3,3,1
port_mlp_17,checkpoint_2,random_feasible2,0.4375,0.1607142857142857,0.6428571428571428,4,4,4,4,1
port_mlp_17,checkpoint_2,random_quality2,0.203125,0.0625,0.296875,4,4,4,4,1
port_mlp_17,checkpoint_2,excess_hit2,0.6071428571428571,0.5357142857142857,0.75,4,4,3,3,1
port_mlp_17,checkpoint_2,excess_feasible2,0.3125,0.0892857142857143,0.4910714285714286,4,4,4,4,1
port_mlp_17,checkpoint_2,excess_quality2,0.421875,0.125,0.671875,4,4,4,4,1
port_mlp_17,checkpoint_2,boundary_near_tie2,0.0,0.0,0.0,4,4,4,4,1
port_mlp_17,checkpoint_2,hit4,1.0,1.0,1.0,4,4,3,3,1
port_mlp_17,checkpoint_2,feasible4,0.75,0.25,1.0,4,4,4,4,1
port_mlp_17,checkpoint_2,quality4,0.375,0.125,0.5625,4,4,4,4,1
port_mlp_17,checkpoint_2,regret4,0.0,0.0,0.0,4,4,4,4,1
port_mlp_17,checkpoint_2,random_hit4,0.6904761904761904,0.5,0.7857142857142857,4,4,3,3,1
port_mlp_17,checkpoint_2,random_feasible4,0.6607142857142858,0.23214285714285715,0.9285714285714286,4,4,4,4,1
port_mlp_17,checkpoint_2,random_quality4,0.203125,0.0625,0.296875,4,4,4,4,1
port_mlp_17,checkpoint_2,excess_hit4,0.30952380952380953,0.2142857142857143,0.5,4,4,3,3,1
port_mlp_17,checkpoint_2,excess_feasible4,0.08928571428571427,0.01785714285714285,0.17857142857142858,4,4,4,4,1
port_mlp_17,checkpoint_2,excess_quality4,0.171875,0.0625,0.28125,4,4,4,4,1
port_mlp_17,checkpoint_2,boundary_near_tie4,0.0,0.0,0.0,4,4,4,4,1
port_mlp_17,checkpoint_2,score_spread,0.1103287723016386,0.08577156509791943,0.13607330950121607,4,4,4,4,1
port_mlp_17,checkpoint_2,numerically_flat,0.0,0.0,0.0,4,4,4,4,1
port_mlp_17,checkpoint_2,adjacent_near_tie_fraction,0.03571428571428571,0.0,0.10714285714285714,4,4,4,4,1
port_mlp_17,checkpoint_2,intermediate_label_fraction,0.09375,0.0,0.1875,4,4,4,4,1
port_mlp_17,checkpoint_2,empirical_pool_quality,0.203125,0.0625,0.296875,4,4,4,4,1
port_mlp_17,checkpoint_2,brier,0.1479932588098466,0.05550468178835941,0.2184702239550781,4,4,4,4,1
port_mlp_17,checkpoint_2,bernoulli_brier,0.1714307588098466,0.05816927164116288,0.2514918467824642,4,4,4,4,1
port_mlp_17,checkpoint_2,log_loss,0.5343115230208444,0.21718693526144456,0.7709544480636642,4,4,4,4,1
port_mlp_17,checkpoint_3,hit1,1.0,1.0,1.0,2,2,2,2,0
port_mlp_17,checkpoint_3,feasible1,1.0,1.0,1.0,2,2,2,2,0
port_mlp_17,checkpoint_3,quality1,1.0,1.0,1.0,2,2,2,2,0
port_mlp_17,checkpoint_3,regret1,0.0,0.0,0.0,2,2,2,2,0
port_mlp_17,checkpoint_3,random_hit1,0.5,0.5,0.5,2,2,2,2,0
port_mlp_17,checkpoint_3,random_feasible1,0.5625,0.5,0.625,2,2,2,2,0
port_mlp_17,checkpoint_3,random_quality1,0.53125,0.5,0.5625,2,2,2,2,0
port_mlp_17,checkpoint_3,excess_hit1,0.5,0.5,0.5,2,2,2,2,0
port_mlp_17,checkpoint_3,excess_feasible1,0.4375,0.375,0.5,2,2,2,2,0
port_mlp_17,checkpoint_3,excess_quality1,0.46875,0.4375,0.5,2,2,2,2,0
port_mlp_17,checkpoint_3,boundary_near_tie1,0.0,0.0,0.0,2,2,2,2,0
port_mlp_17,checkpoint_3,hit2,1.0,1.0,1.0,2,2,2,2,0
port_mlp_17,checkpoint_3,feasible2,1.0,1.0,1.0,2,2,2,2,0
port_mlp_17,checkpoint_3,quality2,1.0,1.0,1.0,2,2,2,2,0
port_mlp_17,checkpoint_3,regret2,0.0,0.0,0.0,2,2,2,2,0
port_mlp_17,checkpoint_3,random_hit2,0.7857142857142857,0.7857142857142857,0.7857142857142857,2,2,2,2,0
port_mlp_17,checkpoint_3,random_feasible2,0.8392857142857143,0.7857142857142857,0.8928571428571429,2,2,2,2,0
port_mlp_17,checkpoint_3,random_quality2,0.53125,0.5,0.5625,2,2,2,2,0
port_mlp_17,checkpoint_3,excess_hit2,0.2142857142857143,0.2142857142857143,0.2142857142857143,2,2,2,2,0
port_mlp_17,checkpoint_3,excess_feasible2,0.1607142857142857,0.1071428571428571,0.2142857142857143,2,2,2,2,0
port_mlp_17,checkpoint_3,excess_quality2,0.46875,0.4375,0.5,2,2,2,2,0
port_mlp_17,checkpoint_3,boundary_near_tie2,0.0,0.0,0.0,2,2,2,2,0
port_mlp_17,checkpoint_3,hit4,1.0,1.0,1.0,2,2,2,2,0
port_mlp_17,checkpoint_3,feasible4,1.0,1.0,1.0,2,2,2,2,0
port_mlp_17,checkpoint_3,quality4,0.9375,0.875,1.0,2,2,2,2,0
port_mlp_17,checkpoint_3,regret4,0.0,0.0,0.0,2,2,2,2,0
port_mlp_17,checkpoint_3,random_hit4,0.9857142857142858,0.9857142857142858,0.9857142857142858,2,2,2,2,0
port_mlp_17,checkpoint_3,random_feasible4,0.9928571428571429,0.9857142857142858,1.0,2,2,2,2,0
port_mlp_17,checkpoint_3,random_quality4,0.53125,0.5,0.5625,2,2,2,2,0
port_mlp_17,checkpoint_3,excess_hit4,0.014285714285714235,0.014285714285714235,0.014285714285714235,2,2,2,2,0
port_mlp_17,checkpoint_3,excess_feasible4,0.0071428571428571175,0.0,0.014285714285714235,2,2,2,2,0
port_mlp_17,checkpoint_3,excess_quality4,0.40625,0.3125,0.5,2,2,2,2,0
port_mlp_17,checkpoint_3,boundary_near_tie4,0.0,0.0,0.0,2,2,2,2,0
port_mlp_17,checkpoint_3,score_spread,0.759093762186335,0.7282850639738214,0.7899024603988484,2,2,2,2,0
port_mlp_17,checkpoint_3,numerically_flat,0.0,0.0,0.0,2,2,2,2,0
port_mlp_17,checkpoint_3,adjacent_near_tie_fraction,0.0,0.0,0.0,2,2,2,2,0
port_mlp_17,checkpoint_3,intermediate_label_fraction,0.0625,0.0,0.125,2,2,2,2,0
port_mlp_17,checkpoint_3,empirical_pool_quality,0.53125,0.5,0.5625,2,2,2,2,0
port_mlp_17,checkpoint_3,brier,0.06769896180685916,0.04073559528227255,0.09466232833144576,2,2,2,2,0
port_mlp_17,checkpoint_3,bernoulli_brier,0.08332396180685916,0.07198559528227255,0.09466232833144576,2,2,2,2,0
port_mlp_17,checkpoint_3,log_loss,0.28409993203090633,0.2584301320482264,0.30976973201358626,2,2,2,2,0
port_mlp_17_raw,overall,hit1,0.6,0.2,1.0,6,6,5,5,1
port_mlp_17_raw,overall,feasible1,0.8333333333333334,0.5,1.0,6,6,6,6,1
port_mlp_17_raw,overall,quality1,0.6666666666666666,0.3333333333333333,0.9166666666666666,6,6,6,6,1
port_mlp_17_raw,overall,regret1,0.16666666666666666,0.0,0.3333333333333333,6,6,6,6,1
port_mlp_17_raw,overall,random_hit1,0.325,0.2,0.45,6,6,5,5,1
port_mlp_17_raw,overall,random_feasible1,0.3541666666666667,0.1875,0.5,6,6,6,6,1
port_mlp_17_raw,overall,random_quality1,0.3125,0.16666666666666666,0.4479166666666667,6,6,6,6,1
port_mlp_17_raw,overall,excess_hit1,0.275,-0.075,0.6,6,6,5,5,1
port_mlp_17_raw,overall,excess_feasible1,0.4791666666666667,0.2708333333333333,0.6458333333333334,6,6,6,6,1
port_mlp_17_raw,overall,excess_quality1,0.3541666666666667,0.16666666666666666,0.5520833333333334,6,6,6,6,1
port_mlp_17_raw,overall,boundary_near_tie1,0.0,0.0,0.0,6,6,6,6,1
port_mlp_17_raw,overall,hit2,1.0,1.0,1.0,6,6,5,5,1
port_mlp_17_raw,overall,feasible2,0.8333333333333334,0.5,1.0,6,6,6,6,1
port_mlp_17_raw,overall,quality2,0.75,0.4166666666666667,0.9583333333333334,6,6,6,6,1
port_mlp_17_raw,overall,regret2,0.0,0.0,0.0,6,6,6,6,1
port_mlp_17_raw,overall,random_hit2,0.55,0.37857142857142856,0.7214285714285714,6,6,5,5,1
port_mlp_17_raw,overall,random_feasible2,0.5714285714285714,0.31547619047619047,0.7738095238095237,6,6,6,6,1
port_mlp_17_raw,overall,random_quality2,0.3125,0.16666666666666666,0.4479166666666667,6,6,6,6,1
port_mlp_17_raw,overall,excess_hit2,0.45,0.2785714285714286,0.6214285714285713,6,6,5,5,1
port_mlp_17_raw,overall,excess_feasible2,0.2619047619047619,0.1130952380952381,0.3988095238095238,6,6,6,6,1
port_mlp_17_raw,overall,excess_quality2,0.4375,0.23958333333333334,0.6041666666666666,6,6,6,6,1
port_mlp_17_raw,overall,boundary_near_tie2,0.0,0.0,0.0,6,6,6,6,1
port_mlp_17_raw,overall,hit4,1.0,1.0,1.0,6,6,5,5,1
port_mlp_17_raw,overall,feasible4,0.8333333333333334,0.5,1.0,6,6,6,6,1
port_mlp_17_raw,overall,quality4,0.5625,0.2916666666666667,0.8125,6,6,6,6,1
port_mlp_17_raw,overall,regret4,0.0,0.0,0.0,6,6,6,6,1
port_mlp_17_raw,overall,random_hit4,0.8085714285714285,0.6542857142857142,0.9457142857142857,6,6,5,5,1
port_mlp_17_raw,overall,random_feasible4,0.7714285714285715,0.45,0.9690476190476192,6,6,6,6,1
port_mlp_17_raw,overall,random_quality4,0.3125,0.16666666666666666,0.4479166666666667,6,6,6,6,1
port_mlp_17_raw,overall,excess_hit4,0.19142857142857142,0.05428571428571425,0.34571428571428575,6,6,5,5,1
port_mlp_17_raw,overall,excess_feasible4,0.061904761904761886,0.011904761904761899,0.1238095238095238,6,6,6,6,1
port_mlp_17_raw,overall,excess_quality4,0.25,0.125,0.3645833333333333,6,6,6,6,1
port_mlp_17_raw,overall,boundary_near_tie4,0.0,0.0,0.0,6,6,6,6,1
port_mlp_17_raw,overall,score_spread,0.4328071760210089,0.18415240415850634,0.6814619478835114,6,6,6,6,1
port_mlp_17_raw,overall,numerically_flat,0.0,0.0,0.0,6,6,6,6,1
port_mlp_17_raw,overall,adjacent_near_tie_fraction,0.023809523809523808,0.0,0.07142857142857142,6,6,6,6,1
port_mlp_17_raw,overall,intermediate_label_fraction,0.08333333333333333,0.020833333333333332,0.16666666666666666,6,6,6,6,1
port_mlp_17_raw,overall,empirical_pool_quality,0.3125,0.16666666666666666,0.4479166666666667,6,6,6,6,1
port_mlp_17_raw,overall,brier,0.10864389899163436,0.054213501436472744,0.1629021489385757,6,6,6,6,1
port_mlp_17_raw,overall,bernoulli_brier,0.1294772323249677,0.06937986733516134,0.1893051422812245,6,6,6,6,1
port_mlp_17_raw,overall,log_loss,0.3943015813212712,0.24840849991488023,0.5416481106675323,6,6,6,6,1
port_mlp_17_raw,checkpoint_2,hit1,0.3333333333333333,0.0,1.0,4,4,3,3,1
port_mlp_17_raw,checkpoint_2,feasible1,0.75,0.25,1.0,4,4,4,4,1
port_mlp_17_raw,checkpoint_2,quality1,0.5,0.125,0.875,4,4,4,4,1
port_mlp_17_raw,checkpoint_2,regret1,0.25,0.0,0.5,4,4,4,4,1
port_mlp_17_raw,checkpoint_2,random_hit1,0.20833333333333334,0.125,0.25,4,4,3,3,1
port_mlp_17_raw,checkpoint_2,random_feasible1,0.25,0.09375,0.375,4,4,4,4,1
port_mlp_17_raw,checkpoint_2,random_quality1,0.203125,0.0625,0.296875,4,4,4,4,1
port_mlp_17_raw,checkpoint_2,excess_hit1,0.125,-0.25,0.75,4,4,3,3,1
port_mlp_17_raw,checkpoint_2,excess_feasible1,0.5,0.15625,0.71875,4,4,4,4,1
port_mlp_17_raw,checkpoint_2,excess_quality1,0.296875,0.0625,0.609375,4,4,4,4,1
port_mlp_17_raw,checkpoint_2,boundary_near_tie1,0.0,0.0,0.0,4,4,4,4,1
port_mlp_17_raw,checkpoint_2,hit2,1.0,1.0,1.0,4,4,3,3,1
port_mlp_17_raw,checkpoint_2,feasible2,0.75,0.25,1.0,4,4,4,4,1
port_mlp_17_raw,checkpoint_2,quality2,0.625,0.1875,0.9375,4,4,4,4,1
port_mlp_17_raw,checkpoint_2,regret2,0.0,0.0,0.0,4,4,4,4,1
port_mlp_17_raw,checkpoint_2,random_hit2,0.39285714285714285,0.25,0.46428571428571425,4,4,3,3,1
port_mlp_17_raw,checkpoint_2,random_feasible2,0.4375,0.1607142857142857,0.6428571428571428,4,4,4,4,1
port_mlp_17_raw,checkpoint_2,random_quality2,0.203125,0.0625,0.296875,4,4,4,4,1
port_mlp_17_raw,checkpoint_2,excess_hit2,0.6071428571428571,0.5357142857142857,0.75,4,4,3,3,1
port_mlp_17_raw,checkpoint_2,excess_feasible2,0.3125,0.0892857142857143,0.4910714285714286,4,4,4,4,1
port_mlp_17_raw,checkpoint_2,excess_quality2,0.421875,0.125,0.671875,4,4,4,4,1
port_mlp_17_raw,checkpoint_2,boundary_near_tie2,0.0,0.0,0.0,4,4,4,4,1
port_mlp_17_raw,checkpoint_2,hit4,1.0,1.0,1.0,4,4,3,3,1
port_mlp_17_raw,checkpoint_2,feasible4,0.75,0.25,1.0,4,4,4,4,1
port_mlp_17_raw,checkpoint_2,quality4,0.375,0.125,0.5625,4,4,4,4,1
port_mlp_17_raw,checkpoint_2,regret4,0.0,0.0,0.0,4,4,4,4,1
port_mlp_17_raw,checkpoint_2,random_hit4,0.6904761904761904,0.5,0.7857142857142857,4,4,3,3,1
port_mlp_17_raw,checkpoint_2,random_feasible4,0.6607142857142858,0.23214285714285715,0.9285714285714286,4,4,4,4,1
port_mlp_17_raw,checkpoint_2,random_quality4,0.203125,0.0625,0.296875,4,4,4,4,1
port_mlp_17_raw,checkpoint_2,excess_hit4,0.30952380952380953,0.2142857142857143,0.5,4,4,3,3,1
port_mlp_17_raw,checkpoint_2,excess_feasible4,0.08928571428571427,0.01785714285714285,0.17857142857142858,4,4,4,4,1
port_mlp_17_raw,checkpoint_2,excess_quality4,0.171875,0.0625,0.28125,4,4,4,4,1
port_mlp_17_raw,checkpoint_2,boundary_near_tie4,0.0,0.0,0.0,4,4,4,4,1
port_mlp_17_raw,checkpoint_2,score_spread,0.19928973821194484,0.15387773605162933,0.24683536265963424,4,4,4,4,1
port_mlp_17_raw,checkpoint_2,numerically_flat,0.0,0.0,0.0,4,4,4,4,1
port_mlp_17_raw,checkpoint_2,adjacent_near_tie_fraction,0.03571428571428571,0.0,0.10714285714285714,4,4,4,4,1
port_mlp_17_raw,checkpoint_2,intermediate_label_fraction,0.09375,0.0,0.1875,4,4,4,4,1
port_mlp_17_raw,checkpoint_2,empirical_pool_quality,0.203125,0.0625,0.296875,4,4,4,4,1
port_mlp_17_raw,checkpoint_2,brier,0.131424977318506,0.05957779135123663,0.1887086254555166,4,4,4,4,1
port_mlp_17_raw,checkpoint_2,bernoulli_brier,0.154862477318506,0.06471642983379648,0.22263248697295673,4,4,4,4,1
port_mlp_17_raw,checkpoint_2,log_loss,0.4563810801235904,0.23837000120181726,0.6258678190511964,4,4,4,4,1
port_mlp_17_raw,checkpoint_3,hit1,1.0,1.0,1.0,2,2,2,2,0
port_mlp_17_raw,checkpoint_3,feasible1,1.0,1.0,1.0,2,2,2,2,0
port_mlp_17_raw,checkpoint_3,quality1,1.0,1.0,1.0,2,2,2,2,0
port_mlp_17_raw,checkpoint_3,regret1,0.0,0.0,0.0,2,2,2,2,0
port_mlp_17_raw,checkpoint_3,random_hit1,0.5,0.5,0.5,2,2,2,2,0
port_mlp_17_raw,checkpoint_3,random_feasible1,0.5625,0.5,0.625,2,2,2,2,0
port_mlp_17_raw,checkpoint_3,random_quality1,0.53125,0.5,0.5625,2,2,2,2,0
port_mlp_17_raw,checkpoint_3,excess_hit1,0.5,0.5,0.5,2,2,2,2,0
port_mlp_17_raw,checkpoint_3,excess_feasible1,0.4375,0.375,0.5,2,2,2,2,0
port_mlp_17_raw,checkpoint_3,excess_quality1,0.46875,0.4375,0.5,2,2,2,2,0
port_mlp_17_raw,checkpoint_3,boundary_near_tie1,0.0,0.0,0.0,2,2,2,2,0
port_mlp_17_raw,checkpoint_3,hit2,1.0,1.0,1.0,2,2,2,2,0
port_mlp_17_raw,checkpoint_3,feasible2,1.0,1.0,1.0,2,2,2,2,0
port_mlp_17_raw,checkpoint_3,quality2,1.0,1.0,1.0,2,2,2,2,0
port_mlp_17_raw,checkpoint_3,regret2,0.0,0.0,0.0,2,2,2,2,0
port_mlp_17_raw,checkpoint_3,random_hit2,0.7857142857142857,0.7857142857142857,0.7857142857142857,2,2,2,2,0
port_mlp_17_raw,checkpoint_3,random_feasible2,0.8392857142857143,0.7857142857142857,0.8928571428571429,2,2,2,2,0
port_mlp_17_raw,checkpoint_3,random_quality2,0.53125,0.5,0.5625,2,2,2,2,0
port_mlp_17_raw,checkpoint_3,excess_hit2,0.2142857142857143,0.2142857142857143,0.2142857142857143,2,2,2,2,0
port_mlp_17_raw,checkpoint_3,excess_feasible2,0.1607142857142857,0.1071428571428571,0.2142857142857143,2,2,2,2,0
port_mlp_17_raw,checkpoint_3,excess_quality2,0.46875,0.4375,0.5,2,2,2,2,0
port_mlp_17_raw,checkpoint_3,boundary_near_tie2,0.0,0.0,0.0,2,2,2,2,0
port_mlp_17_raw,checkpoint_3,hit4,1.0,1.0,1.0,2,2,2,2,0
port_mlp_17_raw,checkpoint_3,feasible4,1.0,1.0,1.0,2,2,2,2,0
port_mlp_17_raw,checkpoint_3,quality4,0.9375,0.875,1.0,2,2,2,2,0
port_mlp_17_raw,checkpoint_3,regret4,0.0,0.0,0.0,2,2,2,2,0
port_mlp_17_raw,checkpoint_3,random_hit4,0.9857142857142858,0.9857142857142858,0.9857142857142858,2,2,2,2,0
port_mlp_17_raw,checkpoint_3,random_feasible4,0.9928571428571429,0.9857142857142858,1.0,2,2,2,2,0
port_mlp_17_raw,checkpoint_3,random_quality4,0.53125,0.5,0.5625,2,2,2,2,0
port_mlp_17_raw,checkpoint_3,excess_hit4,0.014285714285714235,0.014285714285714235,0.014285714285714235,2,2,2,2,0
port_mlp_17_raw,checkpoint_3,excess_feasible4,0.0071428571428571175,0.0,0.014285714285714235,2,2,2,2,0
port_mlp_17_raw,checkpoint_3,excess_quality4,0.40625,0.3125,0.5,2,2,2,2,0
port_mlp_17_raw,checkpoint_3,boundary_near_tie4,0.0,0.0,0.0,2,2,2,2,0
port_mlp_17_raw,checkpoint_3,score_spread,0.899842051639137,0.8829329959077479,0.9167511073705262,2,2,2,2,0
port_mlp_17_raw,checkpoint_3,numerically_flat,0.0,0.0,0.0,2,2,2,2,0
port_mlp_17_raw,checkpoint_3,adjacent_near_tie_fraction,0.0,0.0,0.0,2,2,2,2,0
port_mlp_17_raw,checkpoint_3,intermediate_label_fraction,0.0625,0.0,0.125,2,2,2,2,0
port_mlp_17_raw,checkpoint_3,empirical_pool_quality,0.53125,0.5,0.5625,2,2,2,2,0
port_mlp_17_raw,checkpoint_3,brier,0.06308174233789107,0.026535113681635508,0.09962837099414663,2,2,2,2,0
port_mlp_17_raw,checkpoint_3,bernoulli_brier,0.07870674233789107,0.05778511368163551,0.09962837099414663,2,2,2,2,0
port_mlp_17_raw,checkpoint_3,log_loss,0.27014258371663286,0.22017686971282907,0.32010829772043664,2,2,2,2,0
port_mlp_29,overall,hit1,0.6,0.2,1.0,6,6,5,5,1
port_mlp_29,overall,feasible1,0.8333333333333334,0.5,1.0,6,6,6,6,1
port_mlp_29,overall,quality1,0.6666666666666666,0.3333333333333333,0.9166666666666666,6,6,6,6,1
port_mlp_29,overall,regret1,0.16666666666666666,0.0,0.3333333333333333,6,6,6,6,1
port_mlp_29,overall,random_hit1,0.325,0.2,0.45,6,6,5,5,1
port_mlp_29,overall,random_feasible1,0.3541666666666667,0.1875,0.5,6,6,6,6,1
port_mlp_29,overall,random_quality1,0.3125,0.16666666666666666,0.4479166666666667,6,6,6,6,1
port_mlp_29,overall,excess_hit1,0.275,-0.075,0.6,6,6,5,5,1
port_mlp_29,overall,excess_feasible1,0.4791666666666667,0.2708333333333333,0.6458333333333334,6,6,6,6,1
port_mlp_29,overall,excess_quality1,0.3541666666666667,0.16666666666666666,0.5520833333333334,6,6,6,6,1
port_mlp_29,overall,boundary_near_tie1,0.0,0.0,0.0,6,6,6,6,1
port_mlp_29,overall,hit2,1.0,1.0,1.0,6,6,5,5,1
port_mlp_29,overall,feasible2,0.8333333333333334,0.5,1.0,6,6,6,6,1
port_mlp_29,overall,quality2,0.75,0.4166666666666667,0.9583333333333334,6,6,6,6,1
port_mlp_29,overall,regret2,0.0,0.0,0.0,6,6,6,6,1
port_mlp_29,overall,random_hit2,0.55,0.37857142857142856,0.7214285714285714,6,6,5,5,1
port_mlp_29,overall,random_feasible2,0.5714285714285714,0.31547619047619047,0.7738095238095237,6,6,6,6,1
port_mlp_29,overall,random_quality2,0.3125,0.16666666666666666,0.4479166666666667,6,6,6,6,1
port_mlp_29,overall,excess_hit2,0.45,0.2785714285714286,0.6214285714285713,6,6,5,5,1
port_mlp_29,overall,excess_feasible2,0.2619047619047619,0.1130952380952381,0.3988095238095238,6,6,6,6,1
port_mlp_29,overall,excess_quality2,0.4375,0.23958333333333334,0.6041666666666666,6,6,6,6,1
port_mlp_29,overall,boundary_near_tie2,0.0,0.0,0.0,6,6,6,6,1
port_mlp_29,overall,hit4,1.0,1.0,1.0,6,6,5,5,1
port_mlp_29,overall,feasible4,0.8333333333333334,0.5,1.0,6,6,6,6,1
port_mlp_29,overall,quality4,0.5625,0.2916666666666667,0.8125,6,6,6,6,1
port_mlp_29,overall,regret4,0.0,0.0,0.0,6,6,6,6,1
port_mlp_29,overall,random_hit4,0.8085714285714285,0.6542857142857142,0.9457142857142857,6,6,5,5,1
port_mlp_29,overall,random_feasible4,0.7714285714285715,0.45,0.9690476190476192,6,6,6,6,1
port_mlp_29,overall,random_quality4,0.3125,0.16666666666666666,0.4479166666666667,6,6,6,6,1
port_mlp_29,overall,excess_hit4,0.19142857142857142,0.05428571428571425,0.34571428571428575,6,6,5,5,1
port_mlp_29,overall,excess_feasible4,0.061904761904761886,0.011904761904761899,0.1238095238095238,6,6,6,6,1
port_mlp_29,overall,excess_quality4,0.25,0.125,0.3645833333333333,6,6,6,6,1
port_mlp_29,overall,boundary_near_tie4,0.0,0.0,0.0,6,6,6,6,1
port_mlp_29,overall,score_spread,0.29810617331713196,0.09736579643152858,0.4993181212043858,6,6,6,6,1
port_mlp_29,overall,numerically_flat,0.0,0.0,0.0,6,6,6,6,1
port_mlp_29,overall,adjacent_near_tie_fraction,0.0,0.0,0.0,6,6,6,6,1
port_mlp_29,overall,intermediate_label_fraction,0.08333333333333333,0.020833333333333332,0.16666666666666666,6,6,6,6,1
port_mlp_29,overall,empirical_pool_quality,0.3125,0.16666666666666666,0.4479166666666667,6,6,6,6,1
port_mlp_29,overall,brier,0.13665259573660715,0.07262452026511614,0.1965416205004851,6,6,6,6,1
port_mlp_29,overall,bernoulli_brier,0.1574859290699405,0.08214719550750502,0.22221648641649538,6,6,6,6,1
port_mlp_29,overall,log_loss,0.5090488011991113,0.28806988750546825,0.738073116922097,6,6,6,6,1
port_mlp_29,checkpoint_2,hit1,0.3333333333333333,0.0,1.0,4,4,3,3,1
port_mlp_29,checkpoint_2,feasible1,0.75,0.25,1.0,4,4,4,4,1
port_mlp_29,checkpoint_2,quality1,0.5,0.125,0.875,4,4,4,4,1
port_mlp_29,checkpoint_2,regret1,0.25,0.0,0.5,4,4,4,4,1
port_mlp_29,checkpoint_2,random_hit1,0.20833333333333334,0.125,0.25,4,4,3,3,1
port_mlp_29,checkpoint_2,random_feasible1,0.25,0.09375,0.375,4,4,4,4,1
port_mlp_29,checkpoint_2,random_quality1,0.203125,0.0625,0.296875,4,4,4,4,1
port_mlp_29,checkpoint_2,excess_hit1,0.125,-0.25,0.75,4,4,3,3,1
port_mlp_29,checkpoint_2,excess_feasible1,0.5,0.15625,0.71875,4,4,4,4,1
port_mlp_29,checkpoint_2,excess_quality1,0.296875,0.0625,0.609375,4,4,4,4,1
port_mlp_29,checkpoint_2,boundary_near_tie1,0.0,0.0,0.0,4,4,4,4,1
port_mlp_29,checkpoint_2,hit2,1.0,1.0,1.0,4,4,3,3,1
port_mlp_29,checkpoint_2,feasible2,0.75,0.25,1.0,4,4,4,4,1
port_mlp_29,checkpoint_2,quality2,0.625,0.1875,0.9375,4,4,4,4,1
port_mlp_29,checkpoint_2,regret2,0.0,0.0,0.0,4,4,4,4,1
port_mlp_29,checkpoint_2,random_hit2,0.39285714285714285,0.25,0.46428571428571425,4,4,3,3,1
port_mlp_29,checkpoint_2,random_feasible2,0.4375,0.1607142857142857,0.6428571428571428,4,4,4,4,1
port_mlp_29,checkpoint_2,random_quality2,0.203125,0.0625,0.296875,4,4,4,4,1
port_mlp_29,checkpoint_2,excess_hit2,0.6071428571428571,0.5357142857142857,0.75,4,4,3,3,1
port_mlp_29,checkpoint_2,excess_feasible2,0.3125,0.0892857142857143,0.4910714285714286,4,4,4,4,1
port_mlp_29,checkpoint_2,excess_quality2,0.421875,0.125,0.671875,4,4,4,4,1
port_mlp_29,checkpoint_2,boundary_near_tie2,0.0,0.0,0.0,4,4,4,4,1
port_mlp_29,checkpoint_2,hit4,1.0,1.0,1.0,4,4,3,3,1
port_mlp_29,checkpoint_2,feasible4,0.75,0.25,1.0,4,4,4,4,1
port_mlp_29,checkpoint_2,quality4,0.375,0.125,0.5625,4,4,4,4,1
port_mlp_29,checkpoint_2,regret4,0.0,0.0,0.0,4,4,4,4,1
port_mlp_29,checkpoint_2,random_hit4,0.6904761904761904,0.5,0.7857142857142857,4,4,3,3,1
port_mlp_29,checkpoint_2,random_feasible4,0.6607142857142858,0.23214285714285715,0.9285714285714286,4,4,4,4,1
port_mlp_29,checkpoint_2,random_quality4,0.203125,0.0625,0.296875,4,4,4,4,1
port_mlp_29,checkpoint_2,excess_hit4,0.30952380952380953,0.2142857142857143,0.5,4,4,3,3,1
port_mlp_29,checkpoint_2,excess_feasible4,0.08928571428571427,0.01785714285714285,0.17857142857142858,4,4,4,4,1
port_mlp_29,checkpoint_2,excess_quality4,0.171875,0.0625,0.28125,4,4,4,4,1
port_mlp_29,checkpoint_2,boundary_near_tie4,0.0,0.0,0.0,4,4,4,4,1
port_mlp_29,checkpoint_2,score_spread,0.11270783037202828,0.06668172855052915,0.16271739769739257,4,4,4,4,1
port_mlp_29,checkpoint_2,numerically_flat,0.0,0.0,0.0,4,4,4,4,1
port_mlp_29,checkpoint_2,adjacent_near_tie_fraction,0.0,0.0,0.0,4,4,4,4,1
port_mlp_29,checkpoint_2,intermediate_label_fraction,0.09375,0.0,0.1875,4,4,4,4,1
port_mlp_29,checkpoint_2,empirical_pool_quality,0.203125,0.0625,0.296875,4,4,4,4,1
port_mlp_29,checkpoint_2,brier,0.15441262424596247,0.058370511038725974,0.23015749902060095,4,4,4,4,1
port_mlp_29,checkpoint_2,bernoulli_brier,0.17785012424596247,0.061935672835632526,0.26565483722369443,4,4,4,4,1
port_mlp_29,checkpoint_2,log_loss,0.5874251731068116,0.23497989790483706,0.9049268075660664,4,4,4,4,1
port_mlp_29,checkpoint_3,hit1,1.0,1.0,1.0,2,2,2,2,0
port_mlp_29,checkpoint_3,feasible1,1.0,1.0,1.0,2,2,2,2,0
port_mlp_29,checkpoint_3,quality1,1.0,1.0,1.0,2,2,2,2,0
port_mlp_29,checkpoint_3,regret1,0.0,0.0,0.0,2,2,2,2,0
port_mlp_29,checkpoint_3,random_hit1,0.5,0.5,0.5,2,2,2,2,0
port_mlp_29,checkpoint_3,random_feasible1,0.5625,0.5,0.625,2,2,2,2,0
port_mlp_29,checkpoint_3,random_quality1,0.53125,0.5,0.5625,2,2,2,2,0
port_mlp_29,checkpoint_3,excess_hit1,0.5,0.5,0.5,2,2,2,2,0
port_mlp_29,checkpoint_3,excess_feasible1,0.4375,0.375,0.5,2,2,2,2,0
port_mlp_29,checkpoint_3,excess_quality1,0.46875,0.4375,0.5,2,2,2,2,0
port_mlp_29,checkpoint_3,boundary_near_tie1,0.0,0.0,0.0,2,2,2,2,0
port_mlp_29,checkpoint_3,hit2,1.0,1.0,1.0,2,2,2,2,0
port_mlp_29,checkpoint_3,feasible2,1.0,1.0,1.0,2,2,2,2,0
port_mlp_29,checkpoint_3,quality2,1.0,1.0,1.0,2,2,2,2,0
port_mlp_29,checkpoint_3,regret2,0.0,0.0,0.0,2,2,2,2,0
port_mlp_29,checkpoint_3,random_hit2,0.7857142857142857,0.7857142857142857,0.7857142857142857,2,2,2,2,0
port_mlp_29,checkpoint_3,random_feasible2,0.8392857142857143,0.7857142857142857,0.8928571428571429,2,2,2,2,0
port_mlp_29,checkpoint_3,random_quality2,0.53125,0.5,0.5625,2,2,2,2,0
port_mlp_29,checkpoint_3,excess_hit2,0.2142857142857143,0.2142857142857143,0.2142857142857143,2,2,2,2,0
port_mlp_29,checkpoint_3,excess_feasible2,0.1607142857142857,0.1071428571428571,0.2142857142857143,2,2,2,2,0
port_mlp_29,checkpoint_3,excess_quality2,0.46875,0.4375,0.5,2,2,2,2,0
port_mlp_29,checkpoint_3,boundary_near_tie2,0.0,0.0,0.0,2,2,2,2,0
port_mlp_29,checkpoint_3,hit4,1.0,1.0,1.0,2,2,2,2,0
port_mlp_29,checkpoint_3,feasible4,1.0,1.0,1.0,2,2,2,2,0
port_mlp_29,checkpoint_3,quality4,0.9375,0.875,1.0,2,2,2,2,0
port_mlp_29,checkpoint_3,regret4,0.0,0.0,0.0,2,2,2,2,0
port_mlp_29,checkpoint_3,random_hit4,0.9857142857142858,0.9857142857142858,0.9857142857142858,2,2,2,2,0
port_mlp_29,checkpoint_3,random_feasible4,0.9928571428571429,0.9857142857142858,1.0,2,2,2,2,0
port_mlp_29,checkpoint_3,random_quality4,0.53125,0.5,0.5625,2,2,2,2,0
port_mlp_29,checkpoint_3,excess_hit4,0.014285714285714235,0.014285714285714235,0.014285714285714235,2,2,2,2,0
port_mlp_29,checkpoint_3,excess_feasible4,0.0071428571428571175,0.0,0.014285714285714235,2,2,2,2,0
port_mlp_29,checkpoint_3,excess_quality4,0.40625,0.3125,0.5,2,2,2,2,0
port_mlp_29,checkpoint_3,boundary_near_tie4,0.0,0.0,0.0,2,2,2,2,0
port_mlp_29,checkpoint_3,score_spread,0.6689028592073394,0.6369472040366391,0.7008585143780396,2,2,2,2,0
port_mlp_29,checkpoint_3,numerically_flat,0.0,0.0,0.0,2,2,2,2,0
port_mlp_29,checkpoint_3,adjacent_near_tie_fraction,0.0,0.0,0.0,2,2,2,2,0
port_mlp_29,checkpoint_3,intermediate_label_fraction,0.0625,0.0,0.125,2,2,2,2,0
port_mlp_29,checkpoint_3,empirical_pool_quality,0.53125,0.5,0.5625,2,2,2,2,0
port_mlp_29,checkpoint_3,brier,0.1011325387178965,0.08691848647516476,0.11534659096062824,2,2,2,2,0
port_mlp_29,checkpoint_3,bernoulli_brier,0.1167575387178965,0.11534659096062824,0.11816848647516476,2,2,2,2,0
port_mlp_29,checkpoint_3,log_loss,0.35229605738371067,0.35035210614133505,0.3542400086260863,2,2,2,2,0
port_mlp_29_raw,overall,hit1,0.6,0.2,1.0,6,6,5,5,1
port_mlp_29_raw,overall,feasible1,0.8333333333333334,0.5,1.0,6,6,6,6,1
port_mlp_29_raw,overall,quality1,0.6666666666666666,0.3333333333333333,0.9166666666666666,6,6,6,6,1
port_mlp_29_raw,overall,regret1,0.16666666666666666,0.0,0.3333333333333333,6,6,6,6,1
port_mlp_29_raw,overall,random_hit1,0.325,0.2,0.45,6,6,5,5,1
port_mlp_29_raw,overall,random_feasible1,0.3541666666666667,0.1875,0.5,6,6,6,6,1
port_mlp_29_raw,overall,random_quality1,0.3125,0.16666666666666666,0.4479166666666667,6,6,6,6,1
port_mlp_29_raw,overall,excess_hit1,0.275,-0.075,0.6,6,6,5,5,1
port_mlp_29_raw,overall,excess_feasible1,0.4791666666666667,0.2708333333333333,0.6458333333333334,6,6,6,6,1
port_mlp_29_raw,overall,excess_quality1,0.3541666666666667,0.16666666666666666,0.5520833333333334,6,6,6,6,1
port_mlp_29_raw,overall,boundary_near_tie1,0.0,0.0,0.0,6,6,6,6,1
port_mlp_29_raw,overall,hit2,1.0,1.0,1.0,6,6,5,5,1
port_mlp_29_raw,overall,feasible2,0.8333333333333334,0.5,1.0,6,6,6,6,1
port_mlp_29_raw,overall,quality2,0.75,0.4166666666666667,0.9583333333333334,6,6,6,6,1
port_mlp_29_raw,overall,regret2,0.0,0.0,0.0,6,6,6,6,1
port_mlp_29_raw,overall,random_hit2,0.55,0.37857142857142856,0.7214285714285714,6,6,5,5,1
port_mlp_29_raw,overall,random_feasible2,0.5714285714285714,0.31547619047619047,0.7738095238095237,6,6,6,6,1
port_mlp_29_raw,overall,random_quality2,0.3125,0.16666666666666666,0.4479166666666667,6,6,6,6,1
port_mlp_29_raw,overall,excess_hit2,0.45,0.2785714285714286,0.6214285714285713,6,6,5,5,1
port_mlp_29_raw,overall,excess_feasible2,0.2619047619047619,0.1130952380952381,0.3988095238095238,6,6,6,6,1
port_mlp_29_raw,overall,excess_quality2,0.4375,0.23958333333333334,0.6041666666666666,6,6,6,6,1
port_mlp_29_raw,overall,boundary_near_tie2,0.0,0.0,0.0,6,6,6,6,1
port_mlp_29_raw,overall,hit4,1.0,1.0,1.0,6,6,5,5,1
port_mlp_29_raw,overall,feasible4,0.8333333333333334,0.5,1.0,6,6,6,6,1
port_mlp_29_raw,overall,quality4,0.5625,0.2916666666666667,0.8125,6,6,6,6,1
port_mlp_29_raw,overall,regret4,0.0,0.0,0.0,6,6,6,6,1
port_mlp_29_raw,overall,random_hit4,0.8085714285714285,0.6542857142857142,0.9457142857142857,6,6,5,5,1
port_mlp_29_raw,overall,random_feasible4,0.7714285714285715,0.45,0.9690476190476192,6,6,6,6,1
port_mlp_29_raw,overall,random_quality4,0.3125,0.16666666666666666,0.4479166666666667,6,6,6,6,1
port_mlp_29_raw,overall,excess_hit4,0.19142857142857142,0.05428571428571425,0.34571428571428575,6,6,5,5,1
port_mlp_29_raw,overall,excess_feasible4,0.061904761904761886,0.011904761904761899,0.1238095238095238,6,6,6,6,1
port_mlp_29_raw,overall,excess_quality4,0.25,0.125,0.3645833333333333,6,6,6,6,1
port_mlp_29_raw,overall,boundary_near_tie4,0.0,0.0,0.0,6,6,6,6,1
port_mlp_29_raw,overall,score_spread,0.37080645491720876,0.12080996072338457,0.620802949111033,6,6,6,6,1
port_mlp_29_raw,overall,numerically_flat,0.0,0.0,0.0,6,6,6,6,1
port_mlp_29_raw,overall,adjacent_near_tie_fraction,0.0,0.0,0.0,6,6,6,6,1
port_mlp_29_raw,overall,intermediate_label_fraction,0.08333333333333333,0.020833333333333332,0.16666666666666666,6,6,6,6,1
port_mlp_29_raw,overall,empirical_pool_quality,0.3125,0.16666666666666666,0.4479166666666667,6,6,6,6,1
port_mlp_29_raw,overall,brier,0.12349755223500052,0.0591087303680388,0.1897862682409738,6,6,6,6,1
port_mlp_29_raw,overall,bernoulli_brier,0.14433088556833384,0.07211750786298521,0.2165925632438405,6,6,6,6,1
port_mlp_29_raw,overall,log_loss,0.47292188755886283,0.25369060051949355,0.7229485937831952,6,6,6,6,1
port_mlp_29_raw,checkpoint_2,hit1,0.3333333333333333,0.0,1.0,4,4,3,3,1
port_mlp_29_raw,checkpoint_2,feasible1,0.75,0.25,1.0,4,4,4,4,1
port_mlp_29_raw,checkpoint_2,quality1,0.5,0.125,0.875,4,4,4,4,1
port_mlp_29_raw,checkpoint_2,regret1,0.25,0.0,0.5,4,4,4,4,1
port_mlp_29_raw,checkpoint_2,random_hit1,0.20833333333333334,0.125,0.25,4,4,3,3,1
port_mlp_29_raw,checkpoint_2,random_feasible1,0.25,0.09375,0.375,4,4,4,4,1
port_mlp_29_raw,checkpoint_2,random_quality1,0.203125,0.0625,0.296875,4,4,4,4,1
port_mlp_29_raw,checkpoint_2,excess_hit1,0.125,-0.25,0.75,4,4,3,3,1
port_mlp_29_raw,checkpoint_2,excess_feasible1,0.5,0.15625,0.71875,4,4,4,4,1
port_mlp_29_raw,checkpoint_2,excess_quality1,0.296875,0.0625,0.609375,4,4,4,4,1
port_mlp_29_raw,checkpoint_2,boundary_near_tie1,0.0,0.0,0.0,4,4,4,4,1
port_mlp_29_raw,checkpoint_2,hit2,1.0,1.0,1.0,4,4,3,3,1
port_mlp_29_raw,checkpoint_2,feasible2,0.75,0.25,1.0,4,4,4,4,1
port_mlp_29_raw,checkpoint_2,quality2,0.625,0.1875,0.9375,4,4,4,4,1
port_mlp_29_raw,checkpoint_2,regret2,0.0,0.0,0.0,4,4,4,4,1
port_mlp_29_raw,checkpoint_2,random_hit2,0.39285714285714285,0.25,0.46428571428571425,4,4,3,3,1
port_mlp_29_raw,checkpoint_2,random_feasible2,0.4375,0.1607142857142857,0.6428571428571428,4,4,4,4,1
port_mlp_29_raw,checkpoint_2,random_quality2,0.203125,0.0625,0.296875,4,4,4,4,1
port_mlp_29_raw,checkpoint_2,excess_hit2,0.6071428571428571,0.5357142857142857,0.75,4,4,3,3,1
port_mlp_29_raw,checkpoint_2,excess_feasible2,0.3125,0.0892857142857143,0.4910714285714286,4,4,4,4,1
port_mlp_29_raw,checkpoint_2,excess_quality2,0.421875,0.125,0.671875,4,4,4,4,1
port_mlp_29_raw,checkpoint_2,boundary_near_tie2,0.0,0.0,0.0,4,4,4,4,1
port_mlp_29_raw,checkpoint_2,hit4,1.0,1.0,1.0,4,4,3,3,1
port_mlp_29_raw,checkpoint_2,feasible4,0.75,0.25,1.0,4,4,4,4,1
port_mlp_29_raw,checkpoint_2,quality4,0.375,0.125,0.5625,4,4,4,4,1
port_mlp_29_raw,checkpoint_2,regret4,0.0,0.0,0.0,4,4,4,4,1
port_mlp_29_raw,checkpoint_2,random_hit4,0.6904761904761904,0.5,0.7857142857142857,4,4,3,3,1
port_mlp_29_raw,checkpoint_2,random_feasible4,0.6607142857142858,0.23214285714285715,0.9285714285714286,4,4,4,4,1
port_mlp_29_raw,checkpoint_2,random_quality4,0.203125,0.0625,0.296875,4,4,4,4,1
port_mlp_29_raw,checkpoint_2,excess_hit4,0.30952380952380953,0.2142857142857143,0.5,4,4,3,3,1
port_mlp_29_raw,checkpoint_2,excess_feasible4,0.08928571428571427,0.01785714285714285,0.17857142857142858,4,4,4,4,1
port_mlp_29_raw,checkpoint_2,excess_quality4,0.171875,0.0625,0.28125,4,4,4,4,1
port_mlp_29_raw,checkpoint_2,boundary_near_tie4,0.0,0.0,0.0,4,4,4,4,1
port_mlp_29_raw,checkpoint_2,score_spread,0.1431449578794426,0.07613996641126847,0.21751652246718306,4,4,4,4,1
port_mlp_29_raw,checkpoint_2,numerically_flat,0.0,0.0,0.0,4,4,4,4,1
port_mlp_29_raw,checkpoint_2,adjacent_near_tie_fraction,0.0,0.0,0.0,4,4,4,4,1
port_mlp_29_raw,checkpoint_2,intermediate_label_fraction,0.09375,0.0,0.1875,4,4,4,4,1
port_mlp_29_raw,checkpoint_2,empirical_pool_quality,0.203125,0.0625,0.296875,4,4,4,4,1
port_mlp_29_raw,checkpoint_2,brier,0.1524024595349487,0.061252474594701706,0.2290743869794958,4,4,4,4,1
port_mlp_29_raw,checkpoint_2,bernoulli_brier,0.1758399595349487,0.06622154486908624,0.2631678167051112,4,4,4,4,1
port_mlp_29_raw,checkpoint_2,log_loss,0.5755235449381657,0.2466766143791117,0.896091204958815,4,4,4,4,1
port_mlp_29_raw,checkpoint_3,hit1,1.0,1.0,1.0,2,2,2,2,0
port_mlp_29_raw,checkpoint_3,feasible1,1.0,1.0,1.0,2,2,2,2,0
port_mlp_29_raw,checkpoint_3,quality1,1.0,1.0,1.0,2,2,2,2,0
port_mlp_29_raw,checkpoint_3,regret1,0.0,0.0,0.0,2,2,2,2,0
port_mlp_29_raw,checkpoint_3,random_hit1,0.5,0.5,0.5,2,2,2,2,0
port_mlp_29_raw,checkpoint_3,random_feasible1,0.5625,0.5,0.625,2,2,2,2,0
port_mlp_29_raw,checkpoint_3,random_quality1,0.53125,0.5,0.5625,2,2,2,2,0
port_mlp_29_raw,checkpoint_3,excess_hit1,0.5,0.5,0.5,2,2,2,2,0
port_mlp_29_raw,checkpoint_3,excess_feasible1,0.4375,0.375,0.5,2,2,2,2,0
port_mlp_29_raw,checkpoint_3,excess_quality1,0.46875,0.4375,0.5,2,2,2,2,0
port_mlp_29_raw,checkpoint_3,boundary_near_tie1,0.0,0.0,0.0,2,2,2,2,0
port_mlp_29_raw,checkpoint_3,hit2,1.0,1.0,1.0,2,2,2,2,0
port_mlp_29_raw,checkpoint_3,feasible2,1.0,1.0,1.0,2,2,2,2,0
port_mlp_29_raw,checkpoint_3,quality2,1.0,1.0,1.0,2,2,2,2,0
port_mlp_29_raw,checkpoint_3,regret2,0.0,0.0,0.0,2,2,2,2,0
port_mlp_29_raw,checkpoint_3,random_hit2,0.7857142857142857,0.7857142857142857,0.7857142857142857,2,2,2,2,0
port_mlp_29_raw,checkpoint_3,random_feasible2,0.8392857142857143,0.7857142857142857,0.8928571428571429,2,2,2,2,0
port_mlp_29_raw,checkpoint_3,random_quality2,0.53125,0.5,0.5625,2,2,2,2,0
port_mlp_29_raw,checkpoint_3,excess_hit2,0.2142857142857143,0.2142857142857143,0.2142857142857143,2,2,2,2,0
port_mlp_29_raw,checkpoint_3,excess_feasible2,0.1607142857142857,0.1071428571428571,0.2142857142857143,2,2,2,2,0
port_mlp_29_raw,checkpoint_3,excess_quality2,0.46875,0.4375,0.5,2,2,2,2,0
port_mlp_29_raw,checkpoint_3,boundary_near_tie2,0.0,0.0,0.0,2,2,2,2,0
port_mlp_29_raw,checkpoint_3,hit4,1.0,1.0,1.0,2,2,2,2,0
port_mlp_29_raw,checkpoint_3,feasible4,1.0,1.0,1.0,2,2,2,2,0
port_mlp_29_raw,checkpoint_3,quality4,0.9375,0.875,1.0,2,2,2,2,0
port_mlp_29_raw,checkpoint_3,regret4,0.0,0.0,0.0,2,2,2,2,0
port_mlp_29_raw,checkpoint_3,random_hit4,0.9857142857142858,0.9857142857142858,0.9857142857142858,2,2,2,2,0
port_mlp_29_raw,checkpoint_3,random_feasible4,0.9928571428571429,0.9857142857142858,1.0,2,2,2,2,0
port_mlp_29_raw,checkpoint_3,random_quality4,0.53125,0.5,0.5625,2,2,2,2,0
port_mlp_29_raw,checkpoint_3,excess_hit4,0.014285714285714235,0.014285714285714235,0.014285714285714235,2,2,2,2,0
port_mlp_29_raw,checkpoint_3,excess_feasible4,0.0071428571428571175,0.0,0.014285714285714235,2,2,2,2,0
port_mlp_29_raw,checkpoint_3,excess_quality4,0.40625,0.3125,0.5,2,2,2,2,0
port_mlp_29_raw,checkpoint_3,boundary_near_tie4,0.0,0.0,0.0,2,2,2,2,0
port_mlp_29_raw,checkpoint_3,score_spread,0.8261294489927411,0.8008634008723817,0.8513954971131006,2,2,2,2,0
port_mlp_29_raw,checkpoint_3,numerically_flat,0.0,0.0,0.0,2,2,2,2,0
port_mlp_29_raw,checkpoint_3,adjacent_near_tie_fraction,0.0,0.0,0.0,2,2,2,2,0
port_mlp_29_raw,checkpoint_3,intermediate_label_fraction,0.0625,0.0,0.125,2,2,2,2,0
port_mlp_29_raw,checkpoint_3,empirical_pool_quality,0.53125,0.5,0.5625,2,2,2,2,0
port_mlp_29_raw,checkpoint_3,brier,0.06568773763510416,0.04286055259835615,0.08851492267185217,2,2,2,2,0
port_mlp_29_raw,checkpoint_3,bernoulli_brier,0.08131273763510416,0.07411055259835615,0.08851492267185217,2,2,2,2,0
port_mlp_29_raw,checkpoint_3,log_loss,0.2677185728002572,0.25274631698427286,0.2826908286162415,2,2,2,2,0
port_mlp_43,overall,hit1,0.4,0.0,0.8,6,6,5,5,1
port_mlp_43,overall,feasible1,0.5,0.16666666666666666,0.8333333333333334,6,6,6,6,1
port_mlp_43,overall,quality1,0.4166666666666667,0.08333333333333333,0.75,6,6,6,6,1
port_mlp_43,overall,regret1,0.4166666666666667,0.08333333333333333,0.75,6,6,6,6,1
port_mlp_43,overall,random_hit1,0.325,0.2,0.45,6,6,5,5,1
port_mlp_43,overall,random_feasible1,0.3541666666666667,0.1875,0.5,6,6,6,6,1
port_mlp_43,overall,random_quality1,0.3125,0.16666666666666666,0.4479166666666667,6,6,6,6,1
port_mlp_43,overall,excess_hit1,0.075,-0.225,0.375,6,6,5,5,1
port_mlp_43,overall,excess_feasible1,0.14583333333333334,-0.14583333333333334,0.4375,6,6,6,6,1
port_mlp_43,overall,excess_quality1,0.10416666666666667,-0.125,0.3333333333333333,6,6,6,6,1
port_mlp_43,overall,boundary_near_tie1,0.0,0.0,0.0,6,6,6,6,1
port_mlp_43,overall,hit2,0.8,0.4,1.0,6,6,5,5,1
port_mlp_43,overall,feasible2,0.8333333333333334,0.5,1.0,6,6,6,6,1
port_mlp_43,overall,quality2,0.5833333333333334,0.2916666666666667,0.875,6,6,6,6,1
port_mlp_43,overall,regret2,0.08333333333333333,0.0,0.25,6,6,6,6,1
port_mlp_43,overall,random_hit2,0.55,0.37857142857142856,0.7214285714285714,6,6,5,5,1
port_mlp_43,overall,random_feasible2,0.5714285714285714,0.31547619047619047,0.7738095238095237,6,6,6,6,1
port_mlp_43,overall,random_quality2,0.3125,0.16666666666666666,0.4479166666666667,6,6,6,6,1
port_mlp_43,overall,excess_hit2,0.25,0.0,0.4714285714285714,6,6,5,5,1
port_mlp_43,overall,excess_feasible2,0.2619047619047619,0.1130952380952381,0.3988095238095238,6,6,6,6,1
port_mlp_43,overall,excess_quality2,0.2708333333333333,0.11458333333333333,0.4270833333333333,6,6,6,6,1
port_mlp_43,overall,boundary_near_tie2,0.0,0.0,0.0,6,6,6,6,1
port_mlp_43,overall,hit4,1.0,1.0,1.0,6,6,5,5,1
port_mlp_43,overall,feasible4,0.8333333333333334,0.5,1.0,6,6,6,6,1
port_mlp_43,overall,quality4,0.5416666666666666,0.2916666666666667,0.7916666666666666,6,6,6,6,1
port_mlp_43,overall,regret4,0.0,0.0,0.0,6,6,6,6,1
port_mlp_43,overall,random_hit4,0.8085714285714285,0.6542857142857142,0.9457142857142857,6,6,5,5,1
port_mlp_43,overall,random_feasible4,0.7714285714285715,0.45,0.9690476190476192,6,6,6,6,1
port_mlp_43,overall,random_quality4,0.3125,0.16666666666666666,0.4479166666666667,6,6,6,6,1
port_mlp_43,overall,excess_hit4,0.19142857142857142,0.05428571428571425,0.34571428571428575,6,6,5,5,1
port_mlp_43,overall,excess_feasible4,0.061904761904761886,0.011904761904761899,0.1238095238095238,6,6,6,6,1
port_mlp_43,overall,excess_quality4,0.22916666666666666,0.10416666666666667,0.3541666666666667,6,6,6,6,1
port_mlp_43,overall,boundary_near_tie4,0.0,0.0,0.0,6,6,6,6,1
port_mlp_43,overall,score_spread,0.2546948712763451,0.0736205494144367,0.4377996527865778,6,6,6,6,1
port_mlp_43,overall,numerically_flat,0.0,0.0,0.0,6,6,6,6,1
port_mlp_43,overall,adjacent_near_tie_fraction,0.0,0.0,0.0,6,6,6,6,1
port_mlp_43,overall,intermediate_label_fraction,0.08333333333333333,0.020833333333333332,0.16666666666666666,6,6,6,6,1
port_mlp_43,overall,empirical_pool_quality,0.3125,0.16666666666666666,0.4479166666666667,6,6,6,6,1
port_mlp_43,overall,brier,0.1408015293072524,0.07451999534656366,0.20026038985947284,6,6,6,6,1
port_mlp_43,overall,bernoulli_brier,0.1616348626405857,0.08418854301867235,0.2278856103038387,6,6,6,6,1
port_mlp_43,overall,log_loss,0.518990971312662,0.2756384561867912,0.7347569192657627,6,6,6,6,1
port_mlp_43,checkpoint_2,hit1,0.0,0.0,0.0,4,4,3,3,1
port_mlp_43,checkpoint_2,feasible1,0.25,0.0,0.75,4,4,4,4,1
port_mlp_43,checkpoint_2,quality1,0.125,0.0,0.375,4,4,4,4,1
port_mlp_43,checkpoint_2,regret1,0.625,0.25,1.0,4,4,4,4,1
port_mlp_43,checkpoint_2,random_hit1,0.20833333333333334,0.125,0.25,4,4,3,3,1
port_mlp_43,checkpoint_2,random_feasible1,0.25,0.09375,0.375,4,4,4,4,1
port_mlp_43,checkpoint_2,random_quality1,0.203125,0.0625,0.296875,4,4,4,4,1
port_mlp_43,checkpoint_2,excess_hit1,-0.20833333333333334,-0.25,-0.125,4,4,3,3,1
port_mlp_43,checkpoint_2,excess_feasible1,0.0,-0.3125,0.40625,4,4,4,4,1
port_mlp_43,checkpoint_2,excess_quality1,-0.078125,-0.25,0.09375,4,4,4,4,1
port_mlp_43,checkpoint_2,boundary_near_tie1,0.0,0.0,0.0,4,4,4,4,1
port_mlp_43,checkpoint_2,hit2,0.6666666666666666,0.0,1.0,4,4,3,3,1
port_mlp_43,checkpoint_2,feasible2,0.75,0.25,1.0,4,4,4,4,1
port_mlp_43,checkpoint_2,quality2,0.375,0.125,0.625,4,4,4,4,1
port_mlp_43,checkpoint_2,regret2,0.125,0.0,0.375,4,4,4,4,1
port_mlp_43,checkpoint_2,random_hit2,0.39285714285714285,0.25,0.46428571428571425,4,4,3,3,1
port_mlp_43,checkpoint_2,random_feasible2,0.4375,0.1607142857142857,0.6428571428571428,4,4,4,4,1
port_mlp_43,checkpoint_2,random_quality2,0.203125,0.0625,0.296875,4,4,4,4,1
port_mlp_43,checkpoint_2,excess_hit2,0.2738095238095238,-0.25,0.5357142857142857,4,4,3,3,1
port_mlp_43,checkpoint_2,excess_feasible2,0.3125,0.0892857142857143,0.4910714285714286,4,4,4,4,1
port_mlp_43,checkpoint_2,excess_quality2,0.171875,0.0,0.34375,4,4,4,4,1
port_mlp_43,checkpoint_2,boundary_near_tie2,0.0,0.0,0.0,4,4,4,4,1
port_mlp_43,checkpoint_2,hit4,1.0,1.0,1.0,4,4,3,3,1
port_mlp_43,checkpoint_2,feasible4,0.75,0.25,1.0,4,4,4,4,1
port_mlp_43,checkpoint_2,quality4,0.34375,0.125,0.5,4,4,4,4,1
port_mlp_43,checkpoint_2,regret4,0.0,0.0,0.0,4,4,4,4,1
port_mlp_43,checkpoint_2,random_hit4,0.6904761904761904,0.5,0.7857142857142857,4,4,3,3,1
port_mlp_43,checkpoint_2,random_feasible4,0.6607142857142858,0.23214285714285715,0.9285714285714286,4,4,4,4,1
port_mlp_43,checkpoint_2,random_quality4,0.203125,0.0625,0.296875,4,4,4,4,1
port_mlp_43,checkpoint_2,excess_hit4,0.30952380952380953,0.2142857142857143,0.5,4,4,3,3,1
port_mlp_43,checkpoint_2,excess_feasible4,0.08928571428571427,0.01785714285714285,0.17857142857142858,4,4,4,4,1
port_mlp_43,checkpoint_2,excess_quality4,0.140625,0.03125,0.25,4,4,4,4,1
port_mlp_43,checkpoint_2,boundary_near_tie4,0.0,0.0,0.0,4,4,4,4,1
port_mlp_43,checkpoint_2,score_spread,0.07791989091596477,0.0617298945006234,0.09143394675147937,4,4,4,4,1
port_mlp_43,checkpoint_2,numerically_flat,0.0,0.0,0.0,4,4,4,4,1
port_mlp_43,checkpoint_2,adjacent_near_tie_fraction,0.0,0.0,0.0,4,4,4,4,1
port_mlp_43,checkpoint_2,intermediate_label_fraction,0.09375,0.0,0.1875,4,4,4,4,1
port_mlp_43,checkpoint_2,empirical_pool_quality,0.203125,0.0625,0.296875,4,4,4,4,1
port_mlp_43,checkpoint_2,brier,0.15534414322317372,0.05604786158150219,0.2340140595495753,4,4,4,4,1
port_mlp_43,checkpoint_2,bernoulli_brier,0.17878164322317372,0.05604786158150219,0.26151087302249576,4,4,4,4,1
port_mlp_43,checkpoint_2,log_loss,0.5838760738191202,0.19613540907146618,0.8504788396593613,4,4,4,4,1
port_mlp_43,checkpoint_3,hit1,1.0,1.0,1.0,2,2,2,2,0
port_mlp_43,checkpoint_3,feasible1,1.0,1.0,1.0,2,2,2,2,0
port_mlp_43,checkpoint_3,quality1,1.0,1.0,1.0,2,2,2,2,0
port_mlp_43,checkpoint_3,regret1,0.0,0.0,0.0,2,2,2,2,0
port_mlp_43,checkpoint_3,random_hit1,0.5,0.5,0.5,2,2,2,2,0
port_mlp_43,checkpoint_3,random_feasible1,0.5625,0.5,0.625,2,2,2,2,0
port_mlp_43,checkpoint_3,random_quality1,0.53125,0.5,0.5625,2,2,2,2,0
port_mlp_43,checkpoint_3,excess_hit1,0.5,0.5,0.5,2,2,2,2,0
port_mlp_43,checkpoint_3,excess_feasible1,0.4375,0.375,0.5,2,2,2,2,0
port_mlp_43,checkpoint_3,excess_quality1,0.46875,0.4375,0.5,2,2,2,2,0
port_mlp_43,checkpoint_3,boundary_near_tie1,0.0,0.0,0.0,2,2,2,2,0
port_mlp_43,checkpoint_3,hit2,1.0,1.0,1.0,2,2,2,2,0
port_mlp_43,checkpoint_3,feasible2,1.0,1.0,1.0,2,2,2,2,0
port_mlp_43,checkpoint_3,quality2,1.0,1.0,1.0,2,2,2,2,0
port_mlp_43,checkpoint_3,regret2,0.0,0.0,0.0,2,2,2,2,0
port_mlp_43,checkpoint_3,random_hit2,0.7857142857142857,0.7857142857142857,0.7857142857142857,2,2,2,2,0
port_mlp_43,checkpoint_3,random_feasible2,0.8392857142857143,0.7857142857142857,0.8928571428571429,2,2,2,2,0
port_mlp_43,checkpoint_3,random_quality2,0.53125,0.5,0.5625,2,2,2,2,0
port_mlp_43,checkpoint_3,excess_hit2,0.2142857142857143,0.2142857142857143,0.2142857142857143,2,2,2,2,0
port_mlp_43,checkpoint_3,excess_feasible2,0.1607142857142857,0.1071428571428571,0.2142857142857143,2,2,2,2,0
port_mlp_43,checkpoint_3,excess_quality2,0.46875,0.4375,0.5,2,2,2,2,0
port_mlp_43,checkpoint_3,boundary_near_tie2,0.0,0.0,0.0,2,2,2,2,0
port_mlp_43,checkpoint_3,hit4,1.0,1.0,1.0,2,2,2,2,0
port_mlp_43,checkpoint_3,feasible4,1.0,1.0,1.0,2,2,2,2,0
port_mlp_43,checkpoint_3,quality4,0.9375,0.875,1.0,2,2,2,2,0
port_mlp_43,checkpoint_3,regret4,0.0,0.0,0.0,2,2,2,2,0
port_mlp_43,checkpoint_3,random_hit4,0.9857142857142858,0.9857142857142858,0.9857142857142858,2,2,2,2,0
port_mlp_43,checkpoint_3,random_feasible4,0.9928571428571429,0.9857142857142858,1.0,2,2,2,2,0
port_mlp_43,checkpoint_3,random_quality4,0.53125,0.5,0.5625,2,2,2,2,0
port_mlp_43,checkpoint_3,excess_hit4,0.014285714285714235,0.014285714285714235,0.014285714285714235,2,2,2,2,0
port_mlp_43,checkpoint_3,excess_feasible4,0.0071428571428571175,0.0,0.014285714285714235,2,2,2,2,0
port_mlp_43,checkpoint_3,excess_quality4,0.40625,0.3125,0.5,2,2,2,2,0
port_mlp_43,checkpoint_3,boundary_near_tie4,0.0,0.0,0.0,2,2,2,2,0
port_mlp_43,checkpoint_3,score_spread,0.6082448319971058,0.5951487874419243,0.6213408765522872,2,2,2,2,0
port_mlp_43,checkpoint_3,numerically_flat,0.0,0.0,0.0,2,2,2,2,0
port_mlp_43,checkpoint_3,adjacent_near_tie_fraction,0.0,0.0,0.0,2,2,2,2,0
port_mlp_43,checkpoint_3,intermediate_label_fraction,0.0625,0.0,0.125,2,2,2,2,0
port_mlp_43,checkpoint_3,empirical_pool_quality,0.53125,0.5,0.5625,2,2,2,2,0
port_mlp_43,checkpoint_3,brier,0.11171630147540974,0.11065807828870126,0.11277452466211822,2,2,2,2,0
port_mlp_43,checkpoint_3,bernoulli_brier,0.12734130147540976,0.11065807828870126,0.14402452466211824,2,2,2,2,0
port_mlp_43,checkpoint_3,log_loss,0.3892207662997454,0.35911562741263287,0.4193259051868579,2,2,2,2,0
port_mlp_43_raw,overall,hit1,0.4,0.0,0.8,6,6,5,5,1
port_mlp_43_raw,overall,feasible1,0.5,0.16666666666666666,0.8333333333333334,6,6,6,6,1
port_mlp_43_raw,overall,quality1,0.4166666666666667,0.08333333333333333,0.75,6,6,6,6,1
port_mlp_43_raw,overall,regret1,0.4166666666666667,0.08333333333333333,0.75,6,6,6,6,1
port_mlp_43_raw,overall,random_hit1,0.325,0.2,0.45,6,6,5,5,1
port_mlp_43_raw,overall,random_feasible1,0.3541666666666667,0.1875,0.5,6,6,6,6,1
port_mlp_43_raw,overall,random_quality1,0.3125,0.16666666666666666,0.4479166666666667,6,6,6,6,1
port_mlp_43_raw,overall,excess_hit1,0.075,-0.225,0.375,6,6,5,5,1
port_mlp_43_raw,overall,excess_feasible1,0.14583333333333334,-0.14583333333333334,0.4375,6,6,6,6,1
port_mlp_43_raw,overall,excess_quality1,0.10416666666666667,-0.125,0.3333333333333333,6,6,6,6,1
port_mlp_43_raw,overall,boundary_near_tie1,0.0,0.0,0.0,6,6,6,6,1
port_mlp_43_raw,overall,hit2,0.8,0.4,1.0,6,6,5,5,1
port_mlp_43_raw,overall,feasible2,0.8333333333333334,0.5,1.0,6,6,6,6,1
port_mlp_43_raw,overall,quality2,0.5833333333333334,0.2916666666666667,0.875,6,6,6,6,1
port_mlp_43_raw,overall,regret2,0.08333333333333333,0.0,0.25,6,6,6,6,1
port_mlp_43_raw,overall,random_hit2,0.55,0.37857142857142856,0.7214285714285714,6,6,5,5,1
port_mlp_43_raw,overall,random_feasible2,0.5714285714285714,0.31547619047619047,0.7738095238095237,6,6,6,6,1
port_mlp_43_raw,overall,random_quality2,0.3125,0.16666666666666666,0.4479166666666667,6,6,6,6,1
port_mlp_43_raw,overall,excess_hit2,0.25,0.0,0.4714285714285714,6,6,5,5,1
port_mlp_43_raw,overall,excess_feasible2,0.2619047619047619,0.1130952380952381,0.3988095238095238,6,6,6,6,1
port_mlp_43_raw,overall,excess_quality2,0.2708333333333333,0.11458333333333333,0.4270833333333333,6,6,6,6,1
port_mlp_43_raw,overall,boundary_near_tie2,0.0,0.0,0.0,6,6,6,6,1
port_mlp_43_raw,overall,hit4,1.0,1.0,1.0,6,6,5,5,1
port_mlp_43_raw,overall,feasible4,0.8333333333333334,0.5,1.0,6,6,6,6,1
port_mlp_43_raw,overall,quality4,0.5416666666666666,0.2916666666666667,0.7916666666666666,6,6,6,6,1
port_mlp_43_raw,overall,regret4,0.0,0.0,0.0,6,6,6,6,1
port_mlp_43_raw,overall,random_hit4,0.8085714285714285,0.6542857142857142,0.9457142857142857,6,6,5,5,1
port_mlp_43_raw,overall,random_feasible4,0.7714285714285715,0.45,0.9690476190476192,6,6,6,6,1
port_mlp_43_raw,overall,random_quality4,0.3125,0.16666666666666666,0.4479166666666667,6,6,6,6,1
port_mlp_43_raw,overall,excess_hit4,0.19142857142857142,0.05428571428571425,0.34571428571428575,6,6,5,5,1
port_mlp_43_raw,overall,excess_feasible4,0.061904761904761886,0.011904761904761899,0.1238095238095238,6,6,6,6,1
port_mlp_43_raw,overall,excess_quality4,0.22916666666666666,0.10416666666666667,0.3541666666666667,6,6,6,6,1
port_mlp_43_raw,overall,boundary_near_tie4,0.0,0.0,0.0,6,6,6,6,1
port_mlp_43_raw,overall,score_spread,0.20650532115657408,0.11018093363906543,0.30282970867408276,6,6,6,6,1
port_mlp_43_raw,overall,numerically_flat,0.0,0.0,0.0,6,6,6,6,1
port_mlp_43_raw,overall,adjacent_near_tie_fraction,0.0,0.0,0.0,6,6,6,6,1
port_mlp_43_raw,overall,intermediate_label_fraction,0.08333333333333333,0.020833333333333332,0.16666666666666666,6,6,6,6,1
port_mlp_43_raw,overall,empirical_pool_quality,0.3125,0.16666666666666666,0.4479166666666667,6,6,6,6,1
port_mlp_43_raw,overall,brier,0.15100245627357187,0.08767442728148574,0.1978255797846288,6,6,6,6,1
port_mlp_43_raw,overall,bernoulli_brier,0.17183578960690518,0.09852228054279784,0.2202456600903451,6,6,6,6,1
port_mlp_43_raw,overall,log_loss,0.5051601283780282,0.3080839194935232,0.6395101344985826,6,6,6,6,1
port_mlp_43_raw,checkpoint_2,hit1,0.0,0.0,0.0,4,4,3,3,1
port_mlp_43_raw,checkpoint_2,feasible1,0.25,0.0,0.75,4,4,4,4,1
port_mlp_43_raw,checkpoint_2,quality1,0.125,0.0,0.375,4,4,4,4,1
port_mlp_43_raw,checkpoint_2,regret1,0.625,0.25,1.0,4,4,4,4,1
port_mlp_43_raw,checkpoint_2,random_hit1,0.20833333333333334,0.125,0.25,4,4,3,3,1
port_mlp_43_raw,checkpoint_2,random_feasible1,0.25,0.09375,0.375,4,4,4,4,1
port_mlp_43_raw,checkpoint_2,random_quality1,0.203125,0.0625,0.296875,4,4,4,4,1
port_mlp_43_raw,checkpoint_2,excess_hit1,-0.20833333333333334,-0.25,-0.125,4,4,3,3,1
port_mlp_43_raw,checkpoint_2,excess_feasible1,0.0,-0.3125,0.40625,4,4,4,4,1
port_mlp_43_raw,checkpoint_2,excess_quality1,-0.078125,-0.25,0.09375,4,4,4,4,1
port_mlp_43_raw,checkpoint_2,boundary_near_tie1,0.0,0.0,0.0,4,4,4,4,1
port_mlp_43_raw,checkpoint_2,hit2,0.6666666666666666,0.0,1.0,4,4,3,3,1
port_mlp_43_raw,checkpoint_2,feasible2,0.75,0.25,1.0,4,4,4,4,1
port_mlp_43_raw,checkpoint_2,quality2,0.375,0.125,0.625,4,4,4,4,1
port_mlp_43_raw,checkpoint_2,regret2,0.125,0.0,0.375,4,4,4,4,1
port_mlp_43_raw,checkpoint_2,random_hit2,0.39285714285714285,0.25,0.46428571428571425,4,4,3,3,1
port_mlp_43_raw,checkpoint_2,random_feasible2,0.4375,0.1607142857142857,0.6428571428571428,4,4,4,4,1
port_mlp_43_raw,checkpoint_2,random_quality2,0.203125,0.0625,0.296875,4,4,4,4,1
port_mlp_43_raw,checkpoint_2,excess_hit2,0.2738095238095238,-0.25,0.5357142857142857,4,4,3,3,1
port_mlp_43_raw,checkpoint_2,excess_feasible2,0.3125,0.0892857142857143,0.4910714285714286,4,4,4,4,1
port_mlp_43_raw,checkpoint_2,excess_quality2,0.171875,0.0,0.34375,4,4,4,4,1
port_mlp_43_raw,checkpoint_2,boundary_near_tie2,0.0,0.0,0.0,4,4,4,4,1
port_mlp_43_raw,checkpoint_2,hit4,1.0,1.0,1.0,4,4,3,3,1
port_mlp_43_raw,checkpoint_2,feasible4,0.75,0.25,1.0,4,4,4,4,1
port_mlp_43_raw,checkpoint_2,quality4,0.34375,0.125,0.5,4,4,4,4,1
port_mlp_43_raw,checkpoint_2,regret4,0.0,0.0,0.0,4,4,4,4,1
port_mlp_43_raw,checkpoint_2,random_hit4,0.6904761904761904,0.5,0.7857142857142857,4,4,3,3,1
port_mlp_43_raw,checkpoint_2,random_feasible4,0.6607142857142858,0.23214285714285715,0.9285714285714286,4,4,4,4,1
port_mlp_43_raw,checkpoint_2,random_quality4,0.203125,0.0625,0.296875,4,4,4,4,1
port_mlp_43_raw,checkpoint_2,excess_hit4,0.30952380952380953,0.2142857142857143,0.5,4,4,3,3,1
port_mlp_43_raw,checkpoint_2,excess_feasible4,0.08928571428571427,0.01785714285714285,0.17857142857142858,4,4,4,4,1
port_mlp_43_raw,checkpoint_2,excess_quality4,0.140625,0.03125,0.25,4,4,4,4,1
port_mlp_43_raw,checkpoint_2,boundary_near_tie4,0.0,0.0,0.0,4,4,4,4,1
port_mlp_43_raw,checkpoint_2,score_spread,0.11348371678290509,0.09980217659329063,0.12451651838891677,4,4,4,4,1
port_mlp_43_raw,checkpoint_2,numerically_flat,0.0,0.0,0.0,4,4,4,4,1
port_mlp_43_raw,checkpoint_2,adjacent_near_tie_fraction,0.0,0.0,0.0,4,4,4,4,1
port_mlp_43_raw,checkpoint_2,intermediate_label_fraction,0.09375,0.0,0.1875,4,4,4,4,1
port_mlp_43_raw,checkpoint_2,empirical_pool_quality,0.203125,0.0625,0.296875,4,4,4,4,1
port_mlp_43_raw,checkpoint_2,brier,0.13964897233480414,0.05311620873864309,0.2098836576013896,4,4,4,4,1
port_mlp_43_raw,checkpoint_2,bernoulli_brier,0.16308647233480414,0.05311620873864309,0.23667952466096753,4,4,4,4,1
port_mlp_43_raw,checkpoint_2,log_loss,0.4922624705373224,0.18962240569292965,0.6937874797181542,4,4,4,4,1
port_mlp_43_raw,checkpoint_3,hit1,1.0,1.0,1.0,2,2,2,2,0
port_mlp_43_raw,checkpoint_3,feasible1,1.0,1.0,1.0,2,2,2,2,0
port_mlp_43_raw,checkpoint_3,quality1,1.0,1.0,1.0,2,2,2,2,0
port_mlp_43_raw,checkpoint_3,regret1,0.0,0.0,0.0,2,2,2,2,0
port_mlp_43_raw,checkpoint_3,random_hit1,0.5,0.5,0.5,2,2,2,2,0
port_mlp_43_raw,checkpoint_3,random_feasible1,0.5625,0.5,0.625,2,2,2,2,0
port_mlp_43_raw,checkpoint_3,random_quality1,0.53125,0.5,0.5625,2,2,2,2,0
port_mlp_43_raw,checkpoint_3,excess_hit1,0.5,0.5,0.5,2,2,2,2,0
port_mlp_43_raw,checkpoint_3,excess_feasible1,0.4375,0.375,0.5,2,2,2,2,0
port_mlp_43_raw,checkpoint_3,excess_quality1,0.46875,0.4375,0.5,2,2,2,2,0
port_mlp_43_raw,checkpoint_3,boundary_near_tie1,0.0,0.0,0.0,2,2,2,2,0
port_mlp_43_raw,checkpoint_3,hit2,1.0,1.0,1.0,2,2,2,2,0
port_mlp_43_raw,checkpoint_3,feasible2,1.0,1.0,1.0,2,2,2,2,0
port_mlp_43_raw,checkpoint_3,quality2,1.0,1.0,1.0,2,2,2,2,0
port_mlp_43_raw,checkpoint_3,regret2,0.0,0.0,0.0,2,2,2,2,0
port_mlp_43_raw,checkpoint_3,random_hit2,0.7857142857142857,0.7857142857142857,0.7857142857142857,2,2,2,2,0
port_mlp_43_raw,checkpoint_3,random_feasible2,0.8392857142857143,0.7857142857142857,0.8928571428571429,2,2,2,2,0
port_mlp_43_raw,checkpoint_3,random_quality2,0.53125,0.5,0.5625,2,2,2,2,0
port_mlp_43_raw,checkpoint_3,excess_hit2,0.2142857142857143,0.2142857142857143,0.2142857142857143,2,2,2,2,0
port_mlp_43_raw,checkpoint_3,excess_feasible2,0.1607142857142857,0.1071428571428571,0.2142857142857143,2,2,2,2,0
port_mlp_43_raw,checkpoint_3,excess_quality2,0.46875,0.4375,0.5,2,2,2,2,0
port_mlp_43_raw,checkpoint_3,boundary_near_tie2,0.0,0.0,0.0,2,2,2,2,0
port_mlp_43_raw,checkpoint_3,hit4,1.0,1.0,1.0,2,2,2,2,0
port_mlp_43_raw,checkpoint_3,feasible4,1.0,1.0,1.0,2,2,2,2,0
port_mlp_43_raw,checkpoint_3,quality4,0.9375,0.875,1.0,2,2,2,2,0
port_mlp_43_raw,checkpoint_3,regret4,0.0,0.0,0.0,2,2,2,2,0
port_mlp_43_raw,checkpoint_3,random_hit4,0.9857142857142858,0.9857142857142858,0.9857142857142858,2,2,2,2,0
port_mlp_43_raw,checkpoint_3,random_feasible4,0.9928571428571429,0.9857142857142858,1.0,2,2,2,2,0
port_mlp_43_raw,checkpoint_3,random_quality4,0.53125,0.5,0.5625,2,2,2,2,0
port_mlp_43_raw,checkpoint_3,excess_hit4,0.014285714285714235,0.014285714285714235,0.014285714285714235,2,2,2,2,0
port_mlp_43_raw,checkpoint_3,excess_feasible4,0.0071428571428571175,0.0,0.014285714285714235,2,2,2,2,0
port_mlp_43_raw,checkpoint_3,excess_quality4,0.40625,0.3125,0.5,2,2,2,2,0
port_mlp_43_raw,checkpoint_3,boundary_near_tie4,0.0,0.0,0.0,2,2,2,2,0
port_mlp_43_raw,checkpoint_3,score_spread,0.3925485299039121,0.3922790358064951,0.39281802400132904,2,2,2,2,0
port_mlp_43_raw,checkpoint_3,numerically_flat,0.0,0.0,0.0,2,2,2,2,0
port_mlp_43_raw,checkpoint_3,adjacent_near_tie_fraction,0.0,0.0,0.0,2,2,2,2,0
port_mlp_43_raw,checkpoint_3,intermediate_label_fraction,0.0625,0.0,0.125,2,2,2,2,0
port_mlp_43_raw,checkpoint_3,empirical_pool_quality,0.53125,0.5,0.5625,2,2,2,2,0
port_mlp_43_raw,checkpoint_3,brier,0.17370942415110735,0.16894918323395852,0.17846966506825615,2,2,2,2,0
port_mlp_43_raw,checkpoint_3,bernoulli_brier,0.18933442415110735,0.16894918323395852,0.20971966506825618,2,2,2,2,0
port_mlp_43_raw,checkpoint_3,log_loss,0.5309554440594395,0.4937223838050636,0.5681885043138155,2,2,2,2,0
sequence_17,overall,hit1,0.4,0.0,0.8,6,6,5,5,1
sequence_17,overall,feasible1,0.5,0.16666666666666666,0.8333333333333334,6,6,6,6,1
sequence_17,overall,quality1,0.4166666666666667,0.08333333333333333,0.75,6,6,6,6,1
sequence_17,overall,regret1,0.4166666666666667,0.08333333333333333,0.75,6,6,6,6,1
sequence_17,overall,random_hit1,0.325,0.2,0.45,6,6,5,5,1
sequence_17,overall,random_feasible1,0.3541666666666667,0.1875,0.5,6,6,6,6,1
sequence_17,overall,random_quality1,0.3125,0.16666666666666666,0.4479166666666667,6,6,6,6,1
sequence_17,overall,excess_hit1,0.075,-0.225,0.375,6,6,5,5,1
sequence_17,overall,excess_feasible1,0.14583333333333334,-0.14583333333333334,0.4375,6,6,6,6,1
sequence_17,overall,excess_quality1,0.10416666666666667,-0.14583333333333334,0.3541666666666667,6,6,6,6,1
sequence_17,overall,boundary_near_tie1,0.6666666666666666,0.3333333333333333,1.0,6,6,6,6,1
sequence_17,overall,hit2,0.8,0.4,1.0,6,6,5,5,1
sequence_17,overall,feasible2,0.8333333333333334,0.5,1.0,6,6,6,6,1
sequence_17,overall,quality2,0.5,0.25,0.75,6,6,6,6,1
sequence_17,overall,regret2,0.08333333333333333,0.0,0.25,6,6,6,6,1
sequence_17,overall,random_hit2,0.55,0.37857142857142856,0.7214285714285714,6,6,5,5,1
sequence_17,overall,random_feasible2,0.5714285714285714,0.31547619047619047,0.7738095238095237,6,6,6,6,1
sequence_17,overall,random_quality2,0.3125,0.16666666666666666,0.4479166666666667,6,6,6,6,1
sequence_17,overall,excess_hit2,0.25,-0.1285714285714286,0.5785714285714285,6,6,5,5,1
sequence_17,overall,excess_feasible2,0.2619047619047619,0.1130952380952381,0.3988095238095238,6,6,6,6,1
sequence_17,overall,excess_quality2,0.1875,0.020833333333333332,0.3645833333333333,6,6,6,6,1
sequence_17,overall,boundary_near_tie2,0.5,0.16666666666666666,0.8333333333333334,6,6,6,6,1
sequence_17,overall,hit4,1.0,1.0,1.0,6,6,5,5,1
sequence_17,overall,feasible4,0.8333333333333334,0.5,1.0,6,6,6,6,1
sequence_17,overall,quality4,0.5,0.25,0.75,6,6,6,6,1
sequence_17,overall,regret4,0.0,0.0,0.0,6,6,6,6,1
sequence_17,overall,random_hit4,0.8085714285714285,0.6542857142857142,0.9457142857142857,6,6,5,5,1
sequence_17,overall,random_feasible4,0.7714285714285715,0.45,0.9690476190476192,6,6,6,6,1
sequence_17,overall,random_quality4,0.3125,0.16666666666666666,0.4479166666666667,6,6,6,6,1
sequence_17,overall,excess_hit4,0.19142857142857142,0.05428571428571425,0.34571428571428575,6,6,5,5,1
sequence_17,overall,excess_feasible4,0.061904761904761886,0.011904761904761899,0.1238095238095238,6,6,6,6,1
sequence_17,overall,excess_quality4,0.1875,0.07291666666666667,0.3125,6,6,6,6,1
sequence_17,overall,boundary_near_tie4,0.6666666666666666,0.3333333333333333,1.0,6,6,6,6,1
sequence_17,overall,score_spread,1.7881064136679448e-05,4.3111152022064685e-06,3.1611574879251515e-05,6,6,6,6,1
sequence_17,overall,numerically_flat,0.0,0.0,0.0,6,6,6,6,1
sequence_17,overall,adjacent_near_tie_fraction,0.5714285714285714,0.28571428571428575,0.8333333333333331,6,6,6,6,1
sequence_17,overall,intermediate_label_fraction,0.08333333333333333,0.020833333333333332,0.16666666666666666,6,6,6,6,1
sequence_17,overall,empirical_pool_quality,0.3125,0.16666666666666666,0.4479166666666667,6,6,6,6,1
sequence_17,overall,brier,0.18974535785189398,0.11034714519838183,0.25088622666004434,6,6,6,6,1
sequence_17,overall,bernoulli_brier,0.21057869118522732,0.12076423462194767,0.2704469570367683,6,6,6,6,1
sequence_17,overall,log_loss,0.6276689334366718,0.40562476174250905,0.7685232105833933,6,6,6,6,1
sequence_17,checkpoint_2,hit1,0.0,0.0,0.0,4,4,3,3,1
sequence_17,checkpoint_2,feasible1,0.25,0.0,0.75,4,4,4,4,1
sequence_17,checkpoint_2,quality1,0.125,0.0,0.375,4,4,4,4,1
sequence_17,checkpoint_2,regret1,0.625,0.25,1.0,4,4,4,4,1
sequence_17,checkpoint_2,random_hit1,0.20833333333333334,0.125,0.25,4,4,3,3,1
sequence_17,checkpoint_2,random_feasible1,0.25,0.09375,0.375,4,4,4,4,1
sequence_17,checkpoint_2,random_quality1,0.203125,0.0625,0.296875,4,4,4,4,1
sequence_17,checkpoint_2,excess_hit1,-0.20833333333333334,-0.25,-0.125,4,4,3,3,1
sequence_17,checkpoint_2,excess_feasible1,0.0,-0.3125,0.40625,4,4,4,4,1
sequence_17,checkpoint_2,excess_quality1,-0.078125,-0.28125,0.125,4,4,4,4,1
sequence_17,checkpoint_2,boundary_near_tie1,1.0,1.0,1.0,4,4,4,4,1
sequence_17,checkpoint_2,hit2,0.6666666666666666,0.0,1.0,4,4,3,3,1
sequence_17,checkpoint_2,feasible2,0.75,0.25,1.0,4,4,4,4,1
sequence_17,checkpoint_2,quality2,0.375,0.125,0.625,4,4,4,4,1
sequence_17,checkpoint_2,regret2,0.125,0.0,0.375,4,4,4,4,1
sequence_17,checkpoint_2,random_hit2,0.39285714285714285,0.25,0.46428571428571425,4,4,3,3,1
sequence_17,checkpoint_2,random_feasible2,0.4375,0.1607142857142857,0.6428571428571428,4,4,4,4,1
sequence_17,checkpoint_2,random_quality2,0.203125,0.0625,0.296875,4,4,4,4,1
sequence_17,checkpoint_2,excess_hit2,0.2738095238095238,-0.46428571428571425,0.75,4,4,3,3,1
sequence_17,checkpoint_2,excess_feasible2,0.3125,0.0892857142857143,0.4910714285714286,4,4,4,4,1
sequence_17,checkpoint_2,excess_quality2,0.171875,-0.03125,0.375,4,4,4,4,1
sequence_17,checkpoint_2,boundary_near_tie2,0.5,0.0,1.0,4,4,4,4,1
sequence_17,checkpoint_2,hit4,1.0,1.0,1.0,4,4,3,3,1
sequence_17,checkpoint_2,feasible4,0.75,0.25,1.0,4,4,4,4,1
sequence_17,checkpoint_2,quality4,0.3125,0.09375,0.46875,4,4,4,4,1
sequence_17,checkpoint_2,regret4,0.0,0.0,0.0,4,4,4,4,1
sequence_17,checkpoint_2,random_hit4,0.6904761904761904,0.5,0.7857142857142857,4,4,3,3,1
sequence_17,checkpoint_2,random_feasible4,0.6607142857142858,0.23214285714285715,0.9285714285714286,4,4,4,4,1
sequence_17,checkpoint_2,random_quality4,0.203125,0.0625,0.296875,4,4,4,4,1
sequence_17,checkpoint_2,excess_hit4,0.30952380952380953,0.2142857142857143,0.5,4,4,3,3,1
sequence_17,checkpoint_2,excess_feasible4,0.08928571428571427,0.01785714285714285,0.17857142857142858,4,4,4,4,1
sequence_17,checkpoint_2,excess_quality4,0.109375,0.03125,0.203125,4,4,4,4,1
sequence_17,checkpoint_2,boundary_near_tie4,1.0,1.0,1.0,4,4,4,4,1
sequence_17,checkpoint_2,score_spread,4.402941133567484e-06,3.8625230271774336e-06,4.899554229942371e-06,4,4,4,4,1
sequence_17,checkpoint_2,numerically_flat,0.0,0.0,0.0,4,4,4,4,1
sequence_17,checkpoint_2,adjacent_near_tie_fraction,0.8214285714285714,0.75,0.8571428571428571,4,4,4,4,1
sequence_17,checkpoint_2,intermediate_label_fraction,0.09375,0.0,0.1875,4,4,4,4,1
sequence_17,checkpoint_2,empirical_pool_quality,0.203125,0.0625,0.296875,4,4,4,4,1
sequence_17,checkpoint_2,brier,0.15038532419304113,0.059565707412019935,0.22167467629567958,4,4,4,4,1
sequence_17,checkpoint_2,bernoulli_brier,0.17382282419304113,0.059565707412019935,0.2499937271785404,4,4,4,4,1
sequence_17,checkpoint_2,log_loss,0.5592352225365043,0.2402056905553286,0.7719185860295124,4,4,4,4,1
sequence_17,checkpoint_3,hit1,1.0,1.0,1.0,2,2,2,2,0
sequence_17,checkpoint_3,feasible1,1.0,1.0,1.0,2,2,2,2,0
sequence_17,checkpoint_3,quality1,1.0,1.0,1.0,2,2,2,2,0
sequence_17,checkpoint_3,regret1,0.0,0.0,0.0,2,2,2,2,0
sequence_17,checkpoint_3,random_hit1,0.5,0.5,0.5,2,2,2,2,0
sequence_17,checkpoint_3,random_feasible1,0.5625,0.5,0.625,2,2,2,2,0
sequence_17,checkpoint_3,random_quality1,0.53125,0.5,0.5625,2,2,2,2,0
sequence_17,checkpoint_3,excess_hit1,0.5,0.5,0.5,2,2,2,2,0
sequence_17,checkpoint_3,excess_feasible1,0.4375,0.375,0.5,2,2,2,2,0
sequence_17,checkpoint_3,excess_quality1,0.46875,0.4375,0.5,2,2,2,2,0
sequence_17,checkpoint_3,boundary_near_tie1,0.0,0.0,0.0,2,2,2,2,0
sequence_17,checkpoint_3,hit2,1.0,1.0,1.0,2,2,2,2,0
sequence_17,checkpoint_3,feasible2,1.0,1.0,1.0,2,2,2,2,0
sequence_17,checkpoint_3,quality2,0.75,0.5,1.0,2,2,2,2,0
sequence_17,checkpoint_3,regret2,0.0,0.0,0.0,2,2,2,2,0
sequence_17,checkpoint_3,random_hit2,0.7857142857142857,0.7857142857142857,0.7857142857142857,2,2,2,2,0
sequence_17,checkpoint_3,random_feasible2,0.8392857142857143,0.7857142857142857,0.8928571428571429,2,2,2,2,0
sequence_17,checkpoint_3,random_quality2,0.53125,0.5,0.5625,2,2,2,2,0
sequence_17,checkpoint_3,excess_hit2,0.2142857142857143,0.2142857142857143,0.2142857142857143,2,2,2,2,0
sequence_17,checkpoint_3,excess_feasible2,0.1607142857142857,0.1071428571428571,0.2142857142857143,2,2,2,2,0
sequence_17,checkpoint_3,excess_quality2,0.21875,0.0,0.4375,2,2,2,2,0
sequence_17,checkpoint_3,boundary_near_tie2,0.5,0.0,1.0,2,2,2,2,0
sequence_17,checkpoint_3,hit4,1.0,1.0,1.0,2,2,2,2,0
sequence_17,checkpoint_3,feasible4,1.0,1.0,1.0,2,2,2,2,0
sequence_17,checkpoint_3,quality4,0.875,0.75,1.0,2,2,2,2,0
sequence_17,checkpoint_3,regret4,0.0,0.0,0.0,2,2,2,2,0
sequence_17,checkpoint_3,random_hit4,0.9857142857142858,0.9857142857142858,0.9857142857142858,2,2,2,2,0
sequence_17,checkpoint_3,random_feasible4,0.9928571428571429,0.9857142857142858,1.0,2,2,2,2,0
sequence_17,checkpoint_3,random_quality4,0.53125,0.5,0.5625,2,2,2,2,0
sequence_17,checkpoint_3,excess_hit4,0.014285714285714235,0.014285714285714235,0.014285714285714235,2,2,2,2,0
sequence_17,checkpoint_3,excess_feasible4,0.0071428571428571175,0.0,0.014285714285714235,2,2,2,2,0
sequence_17,checkpoint_3,excess_quality4,0.34375,0.25,0.4375,2,2,2,2,0
sequence_17,checkpoint_3,boundary_near_tie4,0.0,0.0,0.0,2,2,2,2,0
sequence_17,checkpoint_3,score_spread,4.4837310142903375e-05,4.43556247186061e-05,4.531899556720065e-05,2,2,2,2,0
sequence_17,checkpoint_3,numerically_flat,0.0,0.0,0.0,2,2,2,2,0
sequence_17,checkpoint_3,adjacent_near_tie_fraction,0.07142857142857142,0.0,0.14285714285714285,2,2,2,2,0
sequence_17,checkpoint_3,intermediate_label_fraction,0.0625,0.0,0.125,2,2,2,2,0
sequence_17,checkpoint_3,empirical_pool_quality,0.53125,0.5,0.5625,2,2,2,2,0
sequence_17,checkpoint_3,brier,0.2684654251695997,0.2625185785148538,0.2744122718243457,2,2,2,2,0
sequence_17,checkpoint_3,bernoulli_brier,0.2840904251695997,0.2744122718243457,0.2937685785148538,2,2,2,2,0
sequence_17,checkpoint_3,log_loss,0.764536355237007,0.7445230779989945,0.7845496324750194,2,2,2,2,0
sequence_17_raw,overall,hit1,0.4,0.0,0.8,6,6,5,5,1
sequence_17_raw,overall,feasible1,0.5,0.16666666666666666,0.8333333333333334,6,6,6,6,1
sequence_17_raw,overall,quality1,0.4166666666666667,0.08333333333333333,0.75,6,6,6,6,1
sequence_17_raw,overall,regret1,0.4166666666666667,0.08333333333333333,0.75,6,6,6,6,1
sequence_17_raw,overall,random_hit1,0.325,0.2,0.45,6,6,5,5,1
sequence_17_raw,overall,random_feasible1,0.3541666666666667,0.1875,0.5,6,6,6,6,1
sequence_17_raw,overall,random_quality1,0.3125,0.16666666666666666,0.4479166666666667,6,6,6,6,1
sequence_17_raw,overall,excess_hit1,0.075,-0.225,0.375,6,6,5,5,1
sequence_17_raw,overall,excess_feasible1,0.14583333333333334,-0.14583333333333334,0.4375,6,6,6,6,1
sequence_17_raw,overall,excess_quality1,0.10416666666666667,-0.14583333333333334,0.3541666666666667,6,6,6,6,1
sequence_17_raw,overall,boundary_near_tie1,0.6666666666666666,0.3333333333333333,1.0,6,6,6,6,1
sequence_17_raw,overall,hit2,0.8,0.4,1.0,6,6,5,5,1
sequence_17_raw,overall,feasible2,0.8333333333333334,0.5,1.0,6,6,6,6,1
sequence_17_raw,overall,quality2,0.5,0.25,0.75,6,6,6,6,1
sequence_17_raw,overall,regret2,0.08333333333333333,0.0,0.25,6,6,6,6,1
sequence_17_raw,overall,random_hit2,0.55,0.37857142857142856,0.7214285714285714,6,6,5,5,1
sequence_17_raw,overall,random_feasible2,0.5714285714285714,0.31547619047619047,0.7738095238095237,6,6,6,6,1
sequence_17_raw,overall,random_quality2,0.3125,0.16666666666666666,0.4479166666666667,6,6,6,6,1
sequence_17_raw,overall,excess_hit2,0.25,-0.1285714285714286,0.5785714285714285,6,6,5,5,1
sequence_17_raw,overall,excess_feasible2,0.2619047619047619,0.1130952380952381,0.3988095238095238,6,6,6,6,1
sequence_17_raw,overall,excess_quality2,0.1875,0.020833333333333332,0.3645833333333333,6,6,6,6,1
sequence_17_raw,overall,boundary_near_tie2,0.3333333333333333,0.0,0.6666666666666666,6,6,6,6,1
sequence_17_raw,overall,hit4,1.0,1.0,1.0,6,6,5,5,1
sequence_17_raw,overall,feasible4,0.8333333333333334,0.5,1.0,6,6,6,6,1
sequence_17_raw,overall,quality4,0.5,0.25,0.75,6,6,6,6,1
sequence_17_raw,overall,regret4,0.0,0.0,0.0,6,6,6,6,1
sequence_17_raw,overall,random_hit4,0.8085714285714285,0.6542857142857142,0.9457142857142857,6,6,5,5,1
sequence_17_raw,overall,random_feasible4,0.7714285714285715,0.45,0.9690476190476192,6,6,6,6,1
sequence_17_raw,overall,random_quality4,0.3125,0.16666666666666666,0.4479166666666667,6,6,6,6,1
sequence_17_raw,overall,excess_hit4,0.19142857142857142,0.05428571428571425,0.34571428571428575,6,6,5,5,1
sequence_17_raw,overall,excess_feasible4,0.061904761904761886,0.011904761904761899,0.1238095238095238,6,6,6,6,1
sequence_17_raw,overall,excess_quality4,0.1875,0.07291666666666667,0.3125,6,6,6,6,1
sequence_17_raw,overall,boundary_near_tie4,0.6666666666666666,0.3333333333333333,1.0,6,6,6,6,1
sequence_17_raw,overall,score_spread,1.8802154879908144e-05,5.7537892342492585e-06,3.200797361977795e-05,6,6,6,6,1
sequence_17_raw,overall,numerically_flat,0.0,0.0,0.0,6,6,6,6,1
sequence_17_raw,overall,adjacent_near_tie_fraction,0.5,0.26190476190476186,0.7380952380952381,6,6,6,6,1
sequence_17_raw,overall,intermediate_label_fraction,0.08333333333333333,0.020833333333333332,0.16666666666666666,6,6,6,6,1
sequence_17_raw,overall,empirical_pool_quality,0.3125,0.16666666666666666,0.4479166666666667,6,6,6,6,1
sequence_17_raw,overall,brier,0.17592166882143026,0.10722710617285876,0.2288985032850687,6,6,6,6,1
sequence_17_raw,overall,bernoulli_brier,0.1967550021547636,0.11916801231884022,0.24820759713908733,6,6,6,6,1
sequence_17_raw,overall,log_loss,0.5824272905872697,0.39685742573397537,0.6968464882190712,6,6,6,6,1
sequence_17_raw,checkpoint_2,hit1,0.0,0.0,0.0,4,4,3,3,1
sequence_17_raw,checkpoint_2,feasible1,0.25,0.0,0.75,4,4,4,4,1
sequence_17_raw,checkpoint_2,quality1,0.125,0.0,0.375,4,4,4,4,1
sequence_17_raw,checkpoint_2,regret1,0.625,0.25,1.0,4,4,4,4,1
sequence_17_raw,checkpoint_2,random_hit1,0.20833333333333334,0.125,0.25,4,4,3,3,1
sequence_17_raw,checkpoint_2,random_feasible1,0.25,0.09375,0.375,4,4,4,4,1
sequence_17_raw,checkpoint_2,random_quality1,0.203125,0.0625,0.296875,4,4,4,4,1
sequence_17_raw,checkpoint_2,excess_hit1,-0.20833333333333334,-0.25,-0.125,4,4,3,3,1
sequence_17_raw,checkpoint_2,excess_feasible1,0.0,-0.3125,0.40625,4,4,4,4,1
sequence_17_raw,checkpoint_2,excess_quality1,-0.078125,-0.28125,0.125,4,4,4,4,1
sequence_17_raw,checkpoint_2,boundary_near_tie1,1.0,1.0,1.0,4,4,4,4,1
sequence_17_raw,checkpoint_2,hit2,0.6666666666666666,0.0,1.0,4,4,3,3,1
sequence_17_raw,checkpoint_2,feasible2,0.75,0.25,1.0,4,4,4,4,1
sequence_17_raw,checkpoint_2,quality2,0.375,0.125,0.625,4,4,4,4,1
sequence_17_raw,checkpoint_2,regret2,0.125,0.0,0.375,4,4,4,4,1
sequence_17_raw,checkpoint_2,random_hit2,0.39285714285714285,0.25,0.46428571428571425,4,4,3,3,1
sequence_17_raw,checkpoint_2,random_feasible2,0.4375,0.1607142857142857,0.6428571428571428,4,4,4,4,1
sequence_17_raw,checkpoint_2,random_quality2,0.203125,0.0625,0.296875,4,4,4,4,1
sequence_17_raw,checkpoint_2,excess_hit2,0.2738095238095238,-0.46428571428571425,0.75,4,4,3,3,1
sequence_17_raw,checkpoint_2,excess_feasible2,0.3125,0.0892857142857143,0.4910714285714286,4,4,4,4,1
sequence_17_raw,checkpoint_2,excess_quality2,0.171875,-0.03125,0.375,4,4,4,4,1
sequence_17_raw,checkpoint_2,boundary_near_tie2,0.25,0.0,0.75,4,4,4,4,1
sequence_17_raw,checkpoint_2,hit4,1.0,1.0,1.0,4,4,3,3,1
sequence_17_raw,checkpoint_2,feasible4,0.75,0.25,1.0,4,4,4,4,1
sequence_17_raw,checkpoint_2,quality4,0.3125,0.09375,0.46875,4,4,4,4,1
sequence_17_raw,checkpoint_2,regret4,0.0,0.0,0.0,4,4,4,4,1
sequence_17_raw,checkpoint_2,random_hit4,0.6904761904761904,0.5,0.7857142857142857,4,4,3,3,1
sequence_17_raw,checkpoint_2,random_feasible4,0.6607142857142858,0.23214285714285715,0.9285714285714286,4,4,4,4,1
sequence_17_raw,checkpoint_2,random_quality4,0.203125,0.0625,0.296875,4,4,4,4,1
sequence_17_raw,checkpoint_2,excess_hit4,0.30952380952380953,0.2142857142857143,0.5,4,4,3,3,1
sequence_17_raw,checkpoint_2,excess_feasible4,0.08928571428571427,0.01785714285714285,0.17857142857142858,4,4,4,4,1
sequence_17_raw,checkpoint_2,excess_quality4,0.109375,0.03125,0.203125,4,4,4,4,1
sequence_17_raw,checkpoint_2,boundary_near_tie4,1.0,1.0,1.0,4,4,4,4,1
sequence_17_raw,checkpoint_2,score_spread,5.876379181229963e-06,5.155033818302068e-06,6.539172453454145e-06,4,4,4,4,1
sequence_17_raw,checkpoint_2,numerically_flat,0.0,0.0,0.0,4,4,4,4,1
sequence_17_raw,checkpoint_2,adjacent_near_tie_fraction,0.7142857142857143,0.6071428571428571,0.8214285714285714,4,4,4,4,1
sequence_17_raw,checkpoint_2,intermediate_label_fraction,0.09375,0.0,0.1875,4,4,4,4,1
sequence_17_raw,checkpoint_2,empirical_pool_quality,0.203125,0.0625,0.296875,4,4,4,4,1
sequence_17_raw,checkpoint_2,brier,0.14187114495341516,0.06529111237727035,0.2052493653299063,4,4,4,4,1
sequence_17_raw,checkpoint_2,bernoulli_brier,0.16530864495341516,0.06529111237727035,0.23198592166404122,4,4,4,4,1
sequence_17_raw,checkpoint_2,log_loss,0.5173343944009664,0.26711180888648645,0.6841450867390931,4,4,4,4,1
sequence_17_raw,checkpoint_3,hit1,1.0,1.0,1.0,2,2,2,2,0
sequence_17_raw,checkpoint_3,feasible1,1.0,1.0,1.0,2,2,2,2,0
sequence_17_raw,checkpoint_3,quality1,1.0,1.0,1.0,2,2,2,2,0
sequence_17_raw,checkpoint_3,regret1,0.0,0.0,0.0,2,2,2,2,0
sequence_17_raw,checkpoint_3,random_hit1,0.5,0.5,0.5,2,2,2,2,0
sequence_17_raw,checkpoint_3,random_feasible1,0.5625,0.5,0.625,2,2,2,2,0
sequence_17_raw,checkpoint_3,random_quality1,0.53125,0.5,0.5625,2,2,2,2,0
sequence_17_raw,checkpoint_3,excess_hit1,0.5,0.5,0.5,2,2,2,2,0
sequence_17_raw,checkpoint_3,excess_feasible1,0.4375,0.375,0.5,2,2,2,2,0
sequence_17_raw,checkpoint_3,excess_quality1,0.46875,0.4375,0.5,2,2,2,2,0
sequence_17_raw,checkpoint_3,boundary_near_tie1,0.0,0.0,0.0,2,2,2,2,0
sequence_17_raw,checkpoint_3,hit2,1.0,1.0,1.0,2,2,2,2,0
sequence_17_raw,checkpoint_3,feasible2,1.0,1.0,1.0,2,2,2,2,0
sequence_17_raw,checkpoint_3,quality2,0.75,0.5,1.0,2,2,2,2,0
sequence_17_raw,checkpoint_3,regret2,0.0,0.0,0.0,2,2,2,2,0
sequence_17_raw,checkpoint_3,random_hit2,0.7857142857142857,0.7857142857142857,0.7857142857142857,2,2,2,2,0
sequence_17_raw,checkpoint_3,random_feasible2,0.8392857142857143,0.7857142857142857,0.8928571428571429,2,2,2,2,0
sequence_17_raw,checkpoint_3,random_quality2,0.53125,0.5,0.5625,2,2,2,2,0
sequence_17_raw,checkpoint_3,excess_hit2,0.2142857142857143,0.2142857142857143,0.2142857142857143,2,2,2,2,0
sequence_17_raw,checkpoint_3,excess_feasible2,0.1607142857142857,0.1071428571428571,0.2142857142857143,2,2,2,2,0
sequence_17_raw,checkpoint_3,excess_quality2,0.21875,0.0,0.4375,2,2,2,2,0
sequence_17_raw,checkpoint_3,boundary_near_tie2,0.5,0.0,1.0,2,2,2,2,0
sequence_17_raw,checkpoint_3,hit4,1.0,1.0,1.0,2,2,2,2,0
sequence_17_raw,checkpoint_3,feasible4,1.0,1.0,1.0,2,2,2,2,0
sequence_17_raw,checkpoint_3,quality4,0.875,0.75,1.0,2,2,2,2,0
sequence_17_raw,checkpoint_3,regret4,0.0,0.0,0.0,2,2,2,2,0
sequence_17_raw,checkpoint_3,random_hit4,0.9857142857142858,0.9857142857142858,0.9857142857142858,2,2,2,2,0
sequence_17_raw,checkpoint_3,random_feasible4,0.9928571428571429,0.9857142857142858,1.0,2,2,2,2,0
sequence_17_raw,checkpoint_3,random_quality4,0.53125,0.5,0.5625,2,2,2,2,0
sequence_17_raw,checkpoint_3,excess_hit4,0.014285714285714235,0.014285714285714235,0.014285714285714235,2,2,2,2,0
sequence_17_raw,checkpoint_3,excess_feasible4,0.0071428571428571175,0.0,0.014285714285714235,2,2,2,2,0
sequence_17_raw,checkpoint_3,excess_quality4,0.34375,0.25,0.4375,2,2,2,2,0
sequence_17_raw,checkpoint_3,boundary_near_tie4,0.0,0.0,0.0,2,2,2,2,0
sequence_17_raw,checkpoint_3,score_spread,4.4653706277264504e-05,4.418134699463172e-05,4.512606555989729e-05,2,2,2,2,0
sequence_17_raw,checkpoint_3,numerically_flat,0.0,0.0,0.0,2,2,2,2,0
sequence_17_raw,checkpoint_3,adjacent_near_tie_fraction,0.07142857142857142,0.0,0.14285714285714285,2,2,2,2,0
sequence_17_raw,checkpoint_3,intermediate_label_fraction,0.0625,0.0,0.125,2,2,2,2,0
sequence_17_raw,checkpoint_3,empirical_pool_quality,0.53125,0.5,0.5625,2,2,2,2,0
sequence_17_raw,checkpoint_3,brier,0.2440227165574605,0.23285188545124633,0.25519354766367464,2,2,2,2,0
sequence_17_raw,checkpoint_3,bernoulli_brier,0.2596477165574605,0.25519354766367464,0.26410188545124635,2,2,2,2,0
sequence_17_raw,checkpoint_3,log_loss,0.7126130829598765,0.703643685035692,0.721582480884061,2,2,2,2,0
sequence_29,overall,hit1,0.4,0.0,0.8,6,6,5,5,1
sequence_29,overall,feasible1,0.5,0.16666666666666666,0.8333333333333334,6,6,6,6,1
sequence_29,overall,quality1,0.4166666666666667,0.08333333333333333,0.75,6,6,6,6,1
sequence_29,overall,regret1,0.4166666666666667,0.08333333333333333,0.75,6,6,6,6,1
sequence_29,overall,random_hit1,0.325,0.2,0.45,6,6,5,5,1
sequence_29,overall,random_feasible1,0.3541666666666667,0.1875,0.5,6,6,6,6,1
sequence_29,overall,random_quality1,0.3125,0.16666666666666666,0.4479166666666667,6,6,6,6,1
sequence_29,overall,excess_hit1,0.075,-0.225,0.375,6,6,5,5,1
sequence_29,overall,excess_feasible1,0.14583333333333334,-0.14583333333333334,0.4375,6,6,6,6,1
sequence_29,overall,excess_quality1,0.10416666666666667,-0.14583333333333334,0.3541666666666667,6,6,6,6,1
sequence_29,overall,boundary_near_tie1,0.8333333333333334,0.5,1.0,6,6,6,6,1
sequence_29,overall,hit2,0.4,0.0,0.8,6,6,5,5,1
sequence_29,overall,feasible2,0.6666666666666666,0.3333333333333333,1.0,6,6,6,6,1
sequence_29,overall,quality2,0.2916666666666667,0.08333333333333333,0.5,6,6,6,6,1
sequence_29,overall,regret2,0.3333333333333333,0.08333333333333333,0.6666666666666666,6,6,6,6,1
sequence_29,overall,random_hit2,0.55,0.37857142857142856,0.7214285714285714,6,6,5,5,1
sequence_29,overall,random_feasible2,0.5714285714285714,0.31547619047619047,0.7738095238095237,6,6,6,6,1
sequence_29,overall,random_quality2,0.3125,0.16666666666666666,0.4479166666666667,6,6,6,6,1
sequence_29,overall,excess_hit2,-0.15,-0.42142857142857143,0.12142857142857144,6,6,5,5,1
sequence_29,overall,excess_feasible2,0.09523809523809525,-0.14285714285714288,0.2916666666666667,6,6,6,6,1
sequence_29,overall,excess_quality2,-0.020833333333333332,-0.125,0.08333333333333333,6,6,6,6,1
sequence_29,overall,boundary_near_tie2,0.6666666666666666,0.3333333333333333,1.0,6,6,6,6,1
sequence_29,overall,hit4,1.0,1.0,1.0,6,6,5,5,1
sequence_29,overall,feasible4,0.8333333333333334,0.5,1.0,6,6,6,6,1
sequence_29,overall,quality4,0.4375,0.20833333333333334,0.6666666666666666,6,6,6,6,1
sequence_29,overall,regret4,0.0,0.0,0.0,6,6,6,6,1
sequence_29,overall,random_hit4,0.8085714285714285,0.6542857142857142,0.9457142857142857,6,6,5,5,1
sequence_29,overall,random_feasible4,0.7714285714285715,0.45,0.9690476190476192,6,6,6,6,1
sequence_29,overall,random_quality4,0.3125,0.16666666666666666,0.4479166666666667,6,6,6,6,1
sequence_29,overall,excess_hit4,0.19142857142857142,0.05428571428571425,0.34571428571428575,6,6,5,5,1
sequence_29,overall,excess_feasible4,0.061904761904761886,0.011904761904761899,0.1238095238095238,6,6,6,6,1
sequence_29,overall,excess_quality4,0.125,0.03125,0.21875,6,6,6,6,1
sequence_29,overall,boundary_near_tie4,0.6666666666666666,0.3333333333333333,1.0,6,6,6,6,1
sequence_29,overall,score_spread,9.908171701611864e-06,1.429139235368156e-06,1.946861834765251e-05,6,6,6,6,1
sequence_29,overall,numerically_flat,0.0,0.0,0.0,6,6,6,6,1
sequence_29,overall,adjacent_near_tie_fraction,0.7142857142857143,0.42857142857142855,0.9761904761904763,6,6,6,6,1
sequence_29,overall,intermediate_label_fraction,0.08333333333333333,0.020833333333333332,0.16666666666666666,6,6,6,6,1
sequence_29,overall,empirical_pool_quality,0.3125,0.16666666666666666,0.4479166666666667,6,6,6,6,1
sequence_29,overall,brier,0.18976477144885381,0.11035012489106173,0.2509437886177509,6,6,6,6,1
sequence_29,overall,bernoulli_brier,0.21059810478218713,0.12076695436553192,0.27048420979415,6,6,6,6,1
sequence_29,overall,log_loss,0.6277135594146159,0.4056439663220606,0.7686943772703065,6,6,6,6,1
sequence_29,checkpoint_2,hit1,0.0,0.0,0.0,4,4,3,3,1
sequence_29,checkpoint_2,feasible1,0.25,0.0,0.75,4,4,4,4,1
sequence_29,checkpoint_2,quality1,0.125,0.0,0.375,4,4,4,4,1
sequence_29,checkpoint_2,regret1,0.625,0.25,1.0,4,4,4,4,1
sequence_29,checkpoint_2,random_hit1,0.20833333333333334,0.125,0.25,4,4,3,3,1
sequence_29,checkpoint_2,random_feasible1,0.25,0.09375,0.375,4,4,4,4,1
sequence_29,checkpoint_2,random_quality1,0.203125,0.0625,0.296875,4,4,4,4,1
sequence_29,checkpoint_2,excess_hit1,-0.20833333333333334,-0.25,-0.125,4,4,3,3,1
sequence_29,checkpoint_2,excess_feasible1,0.0,-0.3125,0.40625,4,4,4,4,1
sequence_29,checkpoint_2,excess_quality1,-0.078125,-0.28125,0.125,4,4,4,4,1
sequence_29,checkpoint_2,boundary_near_tie1,1.0,1.0,1.0,4,4,4,4,1
sequence_29,checkpoint_2,hit2,0.0,0.0,0.0,4,4,3,3,1
sequence_29,checkpoint_2,feasible2,0.5,0.0,1.0,4,4,4,4,1
sequence_29,checkpoint_2,quality2,0.125,0.0,0.25,4,4,4,4,1
sequence_29,checkpoint_2,regret2,0.5,0.125,0.875,4,4,4,4,1
sequence_29,checkpoint_2,random_hit2,0.39285714285714285,0.25,0.46428571428571425,4,4,3,3,1
sequence_29,checkpoint_2,random_feasible2,0.4375,0.1607142857142857,0.6428571428571428,4,4,4,4,1
sequence_29,checkpoint_2,random_quality2,0.203125,0.0625,0.296875,4,4,4,4,1
sequence_29,checkpoint_2,excess_hit2,-0.39285714285714285,-0.46428571428571425,-0.25,4,4,3,3,1
sequence_29,checkpoint_2,excess_feasible2,0.06250000000000003,-0.2589285714285714,0.3571428571428572,4,4,4,4,1
sequence_29,checkpoint_2,excess_quality2,-0.078125,-0.1875,0.0,4,4,4,4,1
sequence_29,checkpoint_2,boundary_near_tie2,1.0,1.0,1.0,4,4,4,4,1
sequence_29,checkpoint_2,hit4,1.0,1.0,1.0,4,4,3,3,1
sequence_29,checkpoint_2,feasible4,0.75,0.25,1.0,4,4,4,4,1
sequence_29,checkpoint_2,quality4,0.25,0.09375,0.375,4,4,4,4,1
sequence_29,checkpoint_2,regret4,0.0,0.0,0.0,4,4,4,4,1
sequence_29,checkpoint_2,random_hit4,0.6904761904761904,0.5,0.7857142857142857,4,4,3,3,1
sequence_29,checkpoint_2,random_feasible4,0.6607142857142858,0.23214285714285715,0.9285714285714286,4,4,4,4,1
sequence_29,checkpoint_2,random_quality4,0.203125,0.0625,0.296875,4,4,4,4,1
sequence_29,checkpoint_2,excess_hit4,0.30952380952380953,0.2142857142857143,0.5,4,4,3,3,1
sequence_29,checkpoint_2,excess_feasible4,0.08928571428571427,0.01785714285714285,0.17857142857142858,4,4,4,4,1
sequence_29,checkpoint_2,excess_quality4,0.046875,0.0,0.09375,4,4,4,4,1
sequence_29,checkpoint_2,boundary_near_tie4,1.0,1.0,1.0,4,4,4,4,1
sequence_29,checkpoint_2,score_spread,1.5036205311853845e-06,1.1835523156603078e-06,1.8900686706048442e-06,4,4,4,4,1
sequence_29,checkpoint_2,numerically_flat,0.0,0.0,0.0,4,4,4,4,1
sequence_29,checkpoint_2,adjacent_near_tie_fraction,0.9642857142857143,0.8928571428571429,1.0,4,4,4,4,1
sequence_29,checkpoint_2,intermediate_label_fraction,0.09375,0.0,0.1875,4,4,4,4,1
sequence_29,checkpoint_2,empirical_pool_quality,0.203125,0.0625,0.296875,4,4,4,4,1
sequence_29,checkpoint_2,brier,0.15038598313129112,0.059571220729346834,0.22167187886108264,4,4,4,4,1
sequence_29,checkpoint_2,bernoulli_brier,0.17382348313129112,0.059571220729346834,0.24999043107190044,4,4,4,4,1
sequence_29,checkpoint_2,log_loss,0.5592391023329839,0.24023813875555441,0.7718991918648522,4,4,4,4,1
sequence_29,checkpoint_3,hit1,1.0,1.0,1.0,2,2,2,2,0
sequence_29,checkpoint_3,feasible1,1.0,1.0,1.0,2,2,2,2,0
sequence_29,checkpoint_3,quality1,1.0,1.0,1.0,2,2,2,2,0
sequence_29,checkpoint_3,regret1,0.0,0.0,0.0,2,2,2,2,0
sequence_29,checkpoint_3,random_hit1,0.5,0.5,0.5,2,2,2,2,0
sequence_29,checkpoint_3,random_feasible1,0.5625,0.5,0.625,2,2,2,2,0
sequence_29,checkpoint_3,random_quality1,0.53125,0.5,0.5625,2,2,2,2,0
sequence_29,checkpoint_3,excess_hit1,0.5,0.5,0.5,2,2,2,2,0
sequence_29,checkpoint_3,excess_feasible1,0.4375,0.375,0.5,2,2,2,2,0
sequence_29,checkpoint_3,excess_quality1,0.46875,0.4375,0.5,2,2,2,2,0
sequence_29,checkpoint_3,boundary_near_tie1,0.5,0.0,1.0,2,2,2,2,0
sequence_29,checkpoint_3,hit2,1.0,1.0,1.0,2,2,2,2,0
sequence_29,checkpoint_3,feasible2,1.0,1.0,1.0,2,2,2,2,0
sequence_29,checkpoint_3,quality2,0.625,0.5,0.75,2,2,2,2,0
sequence_29,checkpoint_3,regret2,0.0,0.0,0.0,2,2,2,2,0
sequence_29,checkpoint_3,random_hit2,0.7857142857142857,0.7857142857142857,0.7857142857142857,2,2,2,2,0
sequence_29,checkpoint_3,random_feasible2,0.8392857142857143,0.7857142857142857,0.8928571428571429,2,2,2,2,0
sequence_29,checkpoint_3,random_quality2,0.53125,0.5,0.5625,2,2,2,2,0
sequence_29,checkpoint_3,excess_hit2,0.2142857142857143,0.2142857142857143,0.2142857142857143,2,2,2,2,0
sequence_29,checkpoint_3,excess_feasible2,0.1607142857142857,0.1071428571428571,0.2142857142857143,2,2,2,2,0
sequence_29,checkpoint_3,excess_quality2,0.09375,0.0,0.1875,2,2,2,2,0
sequence_29,checkpoint_3,boundary_near_tie2,0.0,0.0,0.0,2,2,2,2,0
sequence_29,checkpoint_3,hit4,1.0,1.0,1.0,2,2,2,2,0
sequence_29,checkpoint_3,feasible4,1.0,1.0,1.0,2,2,2,2,0
sequence_29,checkpoint_3,quality4,0.8125,0.75,0.875,2,2,2,2,0
sequence_29,checkpoint_3,regret4,0.0,0.0,0.0,2,2,2,2,0
sequence_29,checkpoint_3,random_hit4,0.9857142857142858,0.9857142857142858,0.9857142857142858,2,2,2,2,0
sequence_29,checkpoint_3,random_feasible4,0.9928571428571429,0.9857142857142858,1.0,2,2,2,2,0
sequence_29,checkpoint_3,random_quality4,0.53125,0.5,0.5625,2,2,2,2,0
sequence_29,checkpoint_3,excess_hit4,0.014285714285714235,0.014285714285714235,0.014285714285714235,2,2,2,2,0
sequence_29,checkpoint_3,excess_feasible4,0.0071428571428571175,0.0,0.014285714285714235,2,2,2,2,0
sequence_29,checkpoint_3,excess_quality4,0.28125,0.25,0.3125,2,2,2,2,0
sequence_29,checkpoint_3,boundary_near_tie4,0.0,0.0,0.0,2,2,2,2,0
sequence_29,checkpoint_3,score_spread,2.6717274042464823e-05,2.3473031503074004e-05,2.996151658185564e-05,2,2,2,2,0
sequence_29,checkpoint_3,numerically_flat,0.0,0.0,0.0,2,2,2,2,0
sequence_29,checkpoint_3,adjacent_near_tie_fraction,0.21428571428571427,0.14285714285714285,0.2857142857142857,2,2,2,2,0
sequence_29,checkpoint_3,intermediate_label_fraction,0.0625,0.0,0.125,2,2,2,2,0
sequence_29,checkpoint_3,empirical_pool_quality,0.53125,0.5,0.5625,2,2,2,2,0
sequence_29,checkpoint_3,brier,0.26852234808397923,0.2626371389081909,0.2744075572597675,2,2,2,2,0
sequence_29,checkpoint_3,bernoulli_brier,0.28414734808397923,0.2744075572597675,0.2938871389081909,2,2,2,2,0
sequence_29,checkpoint_3,log_loss,0.7646624735778802,0.7445126289457159,0.7848123182100444,2,2,2,2,0
sequence_29_raw,overall,hit1,0.4,0.0,0.8,6,6,5,5,1
sequence_29_raw,overall,feasible1,0.5,0.16666666666666666,0.8333333333333334,6,6,6,6,1
sequence_29_raw,overall,quality1,0.4166666666666667,0.08333333333333333,0.75,6,6,6,6,1
sequence_29_raw,overall,regret1,0.4166666666666667,0.08333333333333333,0.75,6,6,6,6,1
sequence_29_raw,overall,random_hit1,0.325,0.2,0.45,6,6,5,5,1
sequence_29_raw,overall,random_feasible1,0.3541666666666667,0.1875,0.5,6,6,6,6,1
sequence_29_raw,overall,random_quality1,0.3125,0.16666666666666666,0.4479166666666667,6,6,6,6,1
sequence_29_raw,overall,excess_hit1,0.075,-0.225,0.375,6,6,5,5,1
sequence_29_raw,overall,excess_feasible1,0.14583333333333334,-0.14583333333333334,0.4375,6,6,6,6,1
sequence_29_raw,overall,excess_quality1,0.10416666666666667,-0.14583333333333334,0.3541666666666667,6,6,6,6,1
sequence_29_raw,overall,boundary_near_tie1,0.8333333333333334,0.5,1.0,6,6,6,6,1
sequence_29_raw,overall,hit2,0.4,0.0,0.8,6,6,5,5,1
sequence_29_raw,overall,feasible2,0.6666666666666666,0.3333333333333333,1.0,6,6,6,6,1
sequence_29_raw,overall,quality2,0.2916666666666667,0.08333333333333333,0.5,6,6,6,6,1
sequence_29_raw,overall,regret2,0.3333333333333333,0.08333333333333333,0.6666666666666666,6,6,6,6,1
sequence_29_raw,overall,random_hit2,0.55,0.37857142857142856,0.7214285714285714,6,6,5,5,1
sequence_29_raw,overall,random_feasible2,0.5714285714285714,0.31547619047619047,0.7738095238095237,6,6,6,6,1
sequence_29_raw,overall,random_quality2,0.3125,0.16666666666666666,0.4479166666666667,6,6,6,6,1
sequence_29_raw,overall,excess_hit2,-0.15,-0.42142857142857143,0.12142857142857144,6,6,5,5,1
sequence_29_raw,overall,excess_feasible2,0.09523809523809525,-0.14285714285714288,0.2916666666666667,6,6,6,6,1
sequence_29_raw,overall,excess_quality2,-0.020833333333333332,-0.125,0.08333333333333333,6,6,6,6,1
sequence_29_raw,overall,boundary_near_tie2,0.6666666666666666,0.3333333333333333,1.0,6,6,6,6,1
sequence_29_raw,overall,hit4,1.0,1.0,1.0,6,6,5,5,1
sequence_29_raw,overall,feasible4,0.8333333333333334,0.5,1.0,6,6,6,6,1
sequence_29_raw,overall,quality4,0.4375,0.20833333333333334,0.6666666666666666,6,6,6,6,1
sequence_29_raw,overall,regret4,0.0,0.0,0.0,6,6,6,6,1
sequence_29_raw,overall,random_hit4,0.8085714285714285,0.6542857142857142,0.9457142857142857,6,6,5,5,1
sequence_29_raw,overall,random_feasible4,0.7714285714285715,0.45,0.9690476190476192,6,6,6,6,1
sequence_29_raw,overall,random_quality4,0.3125,0.16666666666666666,0.4479166666666667,6,6,6,6,1
sequence_29_raw,overall,excess_hit4,0.19142857142857142,0.05428571428571425,0.34571428571428575,6,6,5,5,1
sequence_29_raw,overall,excess_feasible4,0.061904761904761886,0.011904761904761899,0.1238095238095238,6,6,6,6,1
sequence_29_raw,overall,excess_quality4,0.125,0.03125,0.21875,6,6,6,6,1
sequence_29_raw,overall,boundary_near_tie4,0.6666666666666666,0.3333333333333333,1.0,6,6,6,6,1
sequence_29_raw,overall,score_spread,8.730893229049371e-06,1.559223059291459e-06,1.683010442089794e-05,6,6,6,6,1
sequence_29_raw,overall,numerically_flat,0.0,0.0,0.0,6,6,6,6,1
sequence_29_raw,overall,adjacent_near_tie_fraction,0.7142857142857143,0.42857142857142855,0.9761904761904763,6,6,6,6,1
sequence_29_raw,overall,intermediate_label_fraction,0.08333333333333333,0.020833333333333332,0.16666666666666666,6,6,6,6,1
sequence_29_raw,overall,empirical_pool_quality,0.3125,0.16666666666666666,0.4479166666666667,6,6,6,6,1
sequence_29_raw,overall,brier,0.18365917755341146,0.10924821296207317,0.24276498755574258,6,6,6,6,1
sequence_29_raw,overall,bernoulli_brier,0.2044925108867448,0.12047816503811974,0.2618551206550387,6,6,6,6,1
sequence_29_raw,overall,log_loss,0.6022130254260806,0.3969014627384532,0.7329692977236627,6,6,6,6,1
sequence_29_raw,checkpoint_2,hit1,0.0,0.0,0.0,4,4,3,3,1
sequence_29_raw,checkpoint_2,feasible1,0.25,0.0,0.75,4,4,4,4,1
sequence_29_raw,checkpoint_2,quality1,0.125,0.0,0.375,4,4,4,4,1
sequence_29_raw,checkpoint_2,regret1,0.625,0.25,1.0,4,4,4,4,1
sequence_29_raw,checkpoint_2,random_hit1,0.20833333333333334,0.125,0.25,4,4,3,3,1
sequence_29_raw,checkpoint_2,random_feasible1,0.25,0.09375,0.375,4,4,4,4,1
sequence_29_raw,checkpoint_2,random_quality1,0.203125,0.0625,0.296875,4,4,4,4,1
sequence_29_raw,checkpoint_2,excess_hit1,-0.20833333333333334,-0.25,-0.125,4,4,3,3,1
sequence_29_raw,checkpoint_2,excess_feasible1,0.0,-0.3125,0.40625,4,4,4,4,1
sequence_29_raw,checkpoint_2,excess_quality1,-0.078125,-0.28125,0.125,4,4,4,4,1
sequence_29_raw,checkpoint_2,boundary_near_tie1,1.0,1.0,1.0,4,4,4,4,1
sequence_29_raw,checkpoint_2,hit2,0.0,0.0,0.0,4,4,3,3,1
sequence_29_raw,checkpoint_2,feasible2,0.5,0.0,1.0,4,4,4,4,1
sequence_29_raw,checkpoint_2,quality2,0.125,0.0,0.25,4,4,4,4,1
sequence_29_raw,checkpoint_2,regret2,0.5,0.125,0.875,4,4,4,4,1
sequence_29_raw,checkpoint_2,random_hit2,0.39285714285714285,0.25,0.46428571428571425,4,4,3,3,1
sequence_29_raw,checkpoint_2,random_feasible2,0.4375,0.1607142857142857,0.6428571428571428,4,4,4,4,1
sequence_29_raw,checkpoint_2,random_quality2,0.203125,0.0625,0.296875,4,4,4,4,1
sequence_29_raw,checkpoint_2,excess_hit2,-0.39285714285714285,-0.46428571428571425,-0.25,4,4,3,3,1
sequence_29_raw,checkpoint_2,excess_feasible2,0.06250000000000003,-0.2589285714285714,0.3571428571428572,4,4,4,4,1
sequence_29_raw,checkpoint_2,excess_quality2,-0.078125,-0.1875,0.0,4,4,4,4,1
sequence_29_raw,checkpoint_2,boundary_near_tie2,1.0,1.0,1.0,4,4,4,4,1
sequence_29_raw,checkpoint_2,hit4,1.0,1.0,1.0,4,4,3,3,1
sequence_29_raw,checkpoint_2,feasible4,0.75,0.25,1.0,4,4,4,4,1
sequence_29_raw,checkpoint_2,quality4,0.25,0.09375,0.375,4,4,4,4,1
sequence_29_raw,checkpoint_2,regret4,0.0,0.0,0.0,4,4,4,4,1
sequence_29_raw,checkpoint_2,random_hit4,0.6904761904761904,0.5,0.7857142857142857,4,4,3,3,1
sequence_29_raw,checkpoint_2,random_feasible4,0.6607142857142858,0.23214285714285715,0.9285714285714286,4,4,4,4,1
sequence_29_raw,checkpoint_2,random_quality4,0.203125,0.0625,0.296875,4,4,4,4,1
sequence_29_raw,checkpoint_2,excess_hit4,0.30952380952380953,0.2142857142857143,0.5,4,4,3,3,1
sequence_29_raw,checkpoint_2,excess_feasible4,0.08928571428571427,0.01785714285714285,0.17857142857142858,4,4,4,4,1
sequence_29_raw,checkpoint_2,excess_quality4,0.046875,0.0,0.09375,4,4,4,4,1
sequence_29_raw,checkpoint_2,boundary_near_tie4,1.0,1.0,1.0,4,4,4,4,1
sequence_29_raw,checkpoint_2,score_spread,1.6404825734228634e-06,1.2912863297034893e-06,2.0621120114042157e-06,4,4,4,4,1
sequence_29_raw,checkpoint_2,numerically_flat,0.0,0.0,0.0,4,4,4,4,1
sequence_29_raw,checkpoint_2,adjacent_near_tie_fraction,0.9642857142857143,0.8928571428571429,1.0,4,4,4,4,1
sequence_29_raw,checkpoint_2,intermediate_label_fraction,0.09375,0.0,0.1875,4,4,4,4,1
sequence_29_raw,checkpoint_2,empirical_pool_quality,0.203125,0.0625,0.296875,4,4,4,4,1
sequence_29_raw,checkpoint_2,brier,0.1442911214547048,0.06269535927480528,0.21045534946044708,4,4,4,4,1
sequence_29_raw,checkpoint_2,bernoulli_brier,0.1677286214547048,0.06269535927480528,0.23774965310101454,4,4,4,4,1
sequence_29_raw,checkpoint_2,log_loss,0.527702434917946,0.2560391413378003,0.7088061263642051,4,4,4,4,1
sequence_29_raw,checkpoint_3,hit1,1.0,1.0,1.0,2,2,2,2,0
sequence_29_raw,checkpoint_3,feasible1,1.0,1.0,1.0,2,2,2,2,0
sequence_29_raw,checkpoint_3,quality1,1.0,1.0,1.0,2,2,2,2,0
sequence_29_raw,checkpoint_3,regret1,0.0,0.0,0.0,2,2,2,2,0
sequence_29_raw,checkpoint_3,random_hit1,0.5,0.5,0.5,2,2,2,2,0
sequence_29_raw,checkpoint_3,random_feasible1,0.5625,0.5,0.625,2,2,2,2,0
sequence_29_raw,checkpoint_3,random_quality1,0.53125,0.5,0.5625,2,2,2,2,0
sequence_29_raw,checkpoint_3,excess_hit1,0.5,0.5,0.5,2,2,2,2,0
sequence_29_raw,checkpoint_3,excess_feasible1,0.4375,0.375,0.5,2,2,2,2,0
sequence_29_raw,checkpoint_3,excess_quality1,0.46875,0.4375,0.5,2,2,2,2,0
sequence_29_raw,checkpoint_3,boundary_near_tie1,0.5,0.0,1.0,2,2,2,2,0
sequence_29_raw,checkpoint_3,hit2,1.0,1.0,1.0,2,2,2,2,0
sequence_29_raw,checkpoint_3,feasible2,1.0,1.0,1.0,2,2,2,2,0
sequence_29_raw,checkpoint_3,quality2,0.625,0.5,0.75,2,2,2,2,0
sequence_29_raw,checkpoint_3,regret2,0.0,0.0,0.0,2,2,2,2,0
sequence_29_raw,checkpoint_3,random_hit2,0.7857142857142857,0.7857142857142857,0.7857142857142857,2,2,2,2,0
sequence_29_raw,checkpoint_3,random_feasible2,0.8392857142857143,0.7857142857142857,0.8928571428571429,2,2,2,2,0
sequence_29_raw,checkpoint_3,random_quality2,0.53125,0.5,0.5625,2,2,2,2,0
sequence_29_raw,checkpoint_3,excess_hit2,0.2142857142857143,0.2142857142857143,0.2142857142857143,2,2,2,2,0
sequence_29_raw,checkpoint_3,excess_feasible2,0.1607142857142857,0.1071428571428571,0.2142857142857143,2,2,2,2,0
sequence_29_raw,checkpoint_3,excess_quality2,0.09375,0.0,0.1875,2,2,2,2,0
sequence_29_raw,checkpoint_3,boundary_near_tie2,0.0,0.0,0.0,2,2,2,2,0
sequence_29_raw,checkpoint_3,hit4,1.0,1.0,1.0,2,2,2,2,0
sequence_29_raw,checkpoint_3,feasible4,1.0,1.0,1.0,2,2,2,2,0
sequence_29_raw,checkpoint_3,quality4,0.8125,0.75,0.875,2,2,2,2,0
sequence_29_raw,checkpoint_3,regret4,0.0,0.0,0.0,2,2,2,2,0
sequence_29_raw,checkpoint_3,random_hit4,0.9857142857142858,0.9857142857142858,0.9857142857142858,2,2,2,2,0
sequence_29_raw,checkpoint_3,random_feasible4,0.9928571428571429,0.9857142857142858,1.0,2,2,2,2,0
sequence_29_raw,checkpoint_3,random_quality4,0.53125,0.5,0.5625,2,2,2,2,0
sequence_29_raw,checkpoint_3,excess_hit4,0.014285714285714235,0.014285714285714235,0.014285714285714235,2,2,2,2,0
sequence_29_raw,checkpoint_3,excess_feasible4,0.0071428571428571175,0.0,0.014285714285714235,2,2,2,2,0
sequence_29_raw,checkpoint_3,excess_quality4,0.28125,0.25,0.3125,2,2,2,2,0
sequence_29_raw,checkpoint_3,boundary_near_tie4,0.0,0.0,0.0,2,2,2,2,0
sequence_29_raw,checkpoint_3,score_spread,2.2911714540302386e-05,2.0129091474030414e-05,2.5694337606574358e-05,2,2,2,2,0
sequence_29_raw,checkpoint_3,numerically_flat,0.0,0.0,0.0,2,2,2,2,0
sequence_29_raw,checkpoint_3,adjacent_near_tie_fraction,0.21428571428571427,0.14285714285714285,0.2857142857142857,2,2,2,2,0
sequence_29_raw,checkpoint_3,intermediate_label_fraction,0.0625,0.0,0.125,2,2,2,2,0
sequence_29_raw,checkpoint_3,empirical_pool_quality,0.53125,0.5,0.5625,2,2,2,2,0
sequence_29_raw,checkpoint_3,brier,0.2623952897508248,0.2554443234559558,0.26934625604569384,2,2,2,2,0
sequence_29_raw,checkpoint_3,bernoulli_brier,0.2780202897508248,0.26934625604569384,0.2866943234559558,2,2,2,2,0
sequence_29_raw,checkpoint_3,log_loss,0.7512342064423496,0.7334188182763025,0.7690495946083966,2,2,2,2,0
sequence_43,overall,hit1,0.4,0.0,0.8,6,6,5,5,1
sequence_43,overall,feasible1,0.6666666666666666,0.3333333333333333,1.0,6,6,6,6,1
sequence_43,overall,quality1,0.5,0.16666666666666666,0.8333333333333334,6,6,6,6,1
sequence_43,overall,regret1,0.3333333333333333,0.08333333333333333,0.6666666666666666,6,6,6,6,1
sequence_43,overall,random_hit1,0.325,0.2,0.45,6,6,5,5,1
sequence_43,overall,random_feasible1,0.3541666666666667,0.1875,0.5,6,6,6,6,1
sequence_43,overall,random_quality1,0.3125,0.16666666666666666,0.4479166666666667,6,6,6,6,1
sequence_43,overall,excess_hit1,0.075,-0.225,0.375,6,6,5,5,1
sequence_43,overall,excess_feasible1,0.3125,0.041666666666666664,0.5625,6,6,6,6,1
sequence_43,overall,excess_quality1,0.1875,-0.010416666666666666,0.375,6,6,6,6,1
sequence_43,overall,boundary_near_tie1,0.8333333333333334,0.5,1.0,6,6,6,6,1
sequence_43,overall,hit2,0.6,0.2,1.0,6,6,5,5,1
sequence_43,overall,feasible2,0.6666666666666666,0.3333333333333333,1.0,6,6,6,6,1
sequence_43,overall,quality2,0.5,0.16666666666666666,0.8333333333333334,6,6,6,6,1
sequence_43,overall,regret2,0.25,0.0,0.5833333333333334,6,6,6,6,1
sequence_43,overall,random_hit2,0.55,0.37857142857142856,0.7214285714285714,6,6,5,5,1
sequence_43,overall,random_feasible2,0.5714285714285714,0.31547619047619047,0.7738095238095237,6,6,6,6,1
sequence_43,overall,random_quality2,0.3125,0.16666666666666666,0.4479166666666667,6,6,6,6,1
sequence_43,overall,excess_hit2,0.05,-0.32857142857142857,0.42857142857142866,6,6,5,5,1
sequence_43,overall,excess_feasible2,0.09523809523809525,-0.14285714285714288,0.2916666666666667,6,6,6,6,1
sequence_43,overall,excess_quality2,0.1875,-0.052083333333333336,0.40625,6,6,6,6,1
sequence_43,overall,boundary_near_tie2,0.5,0.16666666666666666,0.8333333333333334,6,6,6,6,1
sequence_43,overall,hit4,1.0,1.0,1.0,6,6,5,5,1
sequence_43,overall,feasible4,0.8333333333333334,0.5,1.0,6,6,6,6,1
sequence_43,overall,quality4,0.4375,0.20833333333333334,0.6666666666666666,6,6,6,6,1
sequence_43,overall,regret4,0.0,0.0,0.0,6,6,6,6,1
sequence_43,overall,random_hit4,0.8085714285714285,0.6542857142857142,0.9457142857142857,6,6,5,5,1
sequence_43,overall,random_feasible4,0.7714285714285715,0.45,0.9690476190476192,6,6,6,6,1
sequence_43,overall,random_quality4,0.3125,0.16666666666666666,0.4479166666666667,6,6,6,6,1
sequence_43,overall,excess_hit4,0.19142857142857142,0.05428571428571425,0.34571428571428575,6,6,5,5,1
sequence_43,overall,excess_feasible4,0.061904761904761886,0.011904761904761899,0.1238095238095238,6,6,6,6,1
sequence_43,overall,excess_quality4,0.125,0.03125,0.21875,6,6,6,6,1
sequence_43,overall,boundary_near_tie4,0.5,0.16666666666666666,0.8333333333333334,6,6,6,6,1
sequence_43,overall,score_spread,2.1879065943708937e-05,7.260341819714858e-06,3.740808574969015e-05,6,6,6,6,1
sequence_43,overall,numerically_flat,0.0,0.0,0.0,6,6,6,6,1
sequence_43,overall,adjacent_near_tie_fraction,0.5476190476190476,0.33333333333333326,0.7857142857142856,6,6,6,6,1
sequence_43,overall,intermediate_label_fraction,0.08333333333333333,0.020833333333333332,0.16666666666666666,6,6,6,6,1
sequence_43,overall,empirical_pool_quality,0.3125,0.16666666666666666,0.4479166666666667,6,6,6,6,1
sequence_43,overall,brier,0.18976627104389676,0.1103360374028519,0.25093314058070504,6,6,6,6,1
sequence_43,overall,bernoulli_brier,0.2105996043772301,0.12075519627220248,0.27046152123447126,6,6,6,6,1
sequence_43,overall,log_loss,0.6277639014964144,0.40562698690258814,0.7687066253509584,6,6,6,6,1
sequence_43,checkpoint_2,hit1,0.0,0.0,0.0,4,4,3,3,1
sequence_43,checkpoint_2,feasible1,0.5,0.0,1.0,4,4,4,4,1
sequence_43,checkpoint_2,quality1,0.25,0.0,0.5,4,4,4,4,1
sequence_43,checkpoint_2,regret1,0.5,0.125,0.875,4,4,4,4,1
sequence_43,checkpoint_2,random_hit1,0.20833333333333334,0.125,0.25,4,4,3,3,1
sequence_43,checkpoint_2,random_feasible1,0.25,0.09375,0.375,4,4,4,4,1
sequence_43,checkpoint_2,random_quality1,0.203125,0.0625,0.296875,4,4,4,4,1
sequence_43,checkpoint_2,excess_hit1,-0.20833333333333334,-0.25,-0.125,4,4,3,3,1
sequence_43,checkpoint_2,excess_feasible1,0.25,-0.125,0.625,4,4,4,4,1
sequence_43,checkpoint_2,excess_quality1,0.046875,-0.140625,0.21875,4,4,4,4,1
sequence_43,checkpoint_2,boundary_near_tie1,0.75,0.25,1.0,4,4,4,4,1
sequence_43,checkpoint_2,hit2,0.3333333333333333,0.0,1.0,4,4,3,3,1
sequence_43,checkpoint_2,feasible2,0.5,0.0,1.0,4,4,4,4,1
sequence_43,checkpoint_2,quality2,0.25,0.0,0.5625,4,4,4,4,1
sequence_43,checkpoint_2,regret2,0.375,0.0,0.75,4,4,4,4,1
sequence_43,checkpoint_2,random_hit2,0.39285714285714285,0.25,0.46428571428571425,4,4,3,3,1
sequence_43,checkpoint_2,random_feasible2,0.4375,0.1607142857142857,0.6428571428571428,4,4,4,4,1
sequence_43,checkpoint_2,random_quality2,0.203125,0.0625,0.296875,4,4,4,4,1
sequence_43,checkpoint_2,excess_hit2,-0.059523809523809534,-0.46428571428571425,0.75,4,4,3,3,1
sequence_43,checkpoint_2,excess_feasible2,0.06250000000000003,-0.2589285714285714,0.3571428571428572,4,4,4,4,1
sequence_43,checkpoint_2,excess_quality2,0.046875,-0.1875,0.359375,4,4,4,4,1
sequence_43,checkpoint_2,boundary_near_tie2,0.5,0.0,1.0,4,4,4,4,1
sequence_43,checkpoint_2,hit4,1.0,1.0,1.0,4,4,3,3,1
sequence_43,checkpoint_2,feasible4,0.75,0.25,1.0,4,4,4,4,1
sequence_43,checkpoint_2,quality4,0.25,0.09375,0.375,4,4,4,4,1
sequence_43,checkpoint_2,regret4,0.0,0.0,0.0,4,4,4,4,1
sequence_43,checkpoint_2,random_hit4,0.6904761904761904,0.5,0.7857142857142857,4,4,3,3,1
sequence_43,checkpoint_2,random_feasible4,0.6607142857142858,0.23214285714285715,0.9285714285714286,4,4,4,4,1
sequence_43,checkpoint_2,random_quality4,0.203125,0.0625,0.296875,4,4,4,4,1
sequence_43,checkpoint_2,excess_hit4,0.30952380952380953,0.2142857142857143,0.5,4,4,3,3,1
sequence_43,checkpoint_2,excess_feasible4,0.08928571428571427,0.01785714285714285,0.17857142857142858,4,4,4,4,1
sequence_43,checkpoint_2,excess_quality4,0.046875,0.0,0.09375,4,4,4,4,1
sequence_43,checkpoint_2,boundary_near_tie4,0.75,0.25,1.0,4,4,4,4,1
sequence_43,checkpoint_2,score_spread,8.050110172453523e-06,4.81788470024086e-06,1.055555301327643e-05,4,4,4,4,1
sequence_43,checkpoint_2,numerically_flat,0.0,0.0,0.0,4,4,4,4,1
sequence_43,checkpoint_2,adjacent_near_tie_fraction,0.7142857142857143,0.5714285714285714,0.8928571428571428,4,4,4,4,1
sequence_43,checkpoint_2,intermediate_label_fraction,0.09375,0.0,0.1875,4,4,4,4,1
sequence_43,checkpoint_2,empirical_pool_quality,0.203125,0.0625,0.296875,4,4,4,4,1
sequence_43,checkpoint_2,brier,0.1504052030836654,0.05955018121693042,0.2217193161388784,4,4,4,4,1
sequence_43,checkpoint_2,bernoulli_brier,0.1738427030836654,0.05955018121693042,0.2500400671664662,4,4,4,4,1
sequence_43,checkpoint_2,log_loss,0.5593522228703718,0.24011418573298865,0.7721914139544046,4,4,4,4,1
sequence_43,checkpoint_3,hit1,1.0,1.0,1.0,2,2,2,2,0
sequence_43,checkpoint_3,feasible1,1.0,1.0,1.0,2,2,2,2,0
sequence_43,checkpoint_3,quality1,1.0,1.0,1.0,2,2,2,2,0
sequence_43,checkpoint_3,regret1,0.0,0.0,0.0,2,2,2,2,0
sequence_43,checkpoint_3,random_hit1,0.5,0.5,0.5,2,2,2,2,0
sequence_43,checkpoint_3,random_feasible1,0.5625,0.5,0.625,2,2,2,2,0
sequence_43,checkpoint_3,random_quality1,0.53125,0.5,0.5625,2,2,2,2,0
sequence_43,checkpoint_3,excess_hit1,0.5,0.5,0.5,2,2,2,2,0
sequence_43,checkpoint_3,excess_feasible1,0.4375,0.375,0.5,2,2,2,2,0
sequence_43,checkpoint_3,excess_quality1,0.46875,0.4375,0.5,2,2,2,2,0
sequence_43,checkpoint_3,boundary_near_tie1,1.0,1.0,1.0,2,2,2,2,0
sequence_43,checkpoint_3,hit2,1.0,1.0,1.0,2,2,2,2,0
sequence_43,checkpoint_3,feasible2,1.0,1.0,1.0,2,2,2,2,0
sequence_43,checkpoint_3,quality2,1.0,1.0,1.0,2,2,2,2,0
sequence_43,checkpoint_3,regret2,0.0,0.0,0.0,2,2,2,2,0
sequence_43,checkpoint_3,random_hit2,0.7857142857142857,0.7857142857142857,0.7857142857142857,2,2,2,2,0
sequence_43,checkpoint_3,random_feasible2,0.8392857142857143,0.7857142857142857,0.8928571428571429,2,2,2,2,0
sequence_43,checkpoint_3,random_quality2,0.53125,0.5,0.5625,2,2,2,2,0
sequence_43,checkpoint_3,excess_hit2,0.2142857142857143,0.2142857142857143,0.2142857142857143,2,2,2,2,0
sequence_43,checkpoint_3,excess_feasible2,0.1607142857142857,0.1071428571428571,0.2142857142857143,2,2,2,2,0
sequence_43,checkpoint_3,excess_quality2,0.46875,0.4375,0.5,2,2,2,2,0
sequence_43,checkpoint_3,boundary_near_tie2,0.5,0.0,1.0,2,2,2,2,0
sequence_43,checkpoint_3,hit4,1.0,1.0,1.0,2,2,2,2,0
sequence_43,checkpoint_3,feasible4,1.0,1.0,1.0,2,2,2,2,0
sequence_43,checkpoint_3,quality4,0.8125,0.75,0.875,2,2,2,2,0
sequence_43,checkpoint_3,regret4,0.0,0.0,0.0,2,2,2,2,0
sequence_43,checkpoint_3,random_hit4,0.9857142857142858,0.9857142857142858,0.9857142857142858,2,2,2,2,0
sequence_43,checkpoint_3,random_feasible4,0.9928571428571429,0.9857142857142858,1.0,2,2,2,2,0
sequence_43,checkpoint_3,random_quality4,0.53125,0.5,0.5625,2,2,2,2,0
sequence_43,checkpoint_3,excess_hit4,0.014285714285714235,0.014285714285714235,0.014285714285714235,2,2,2,2,0
sequence_43,checkpoint_3,excess_feasible4,0.0071428571428571175,0.0,0.014285714285714235,2,2,2,2,0
sequence_43,checkpoint_3,excess_quality4,0.28125,0.25,0.3125,2,2,2,2,0
sequence_43,checkpoint_3,boundary_near_tie4,0.0,0.0,0.0,2,2,2,2,0
sequence_43,checkpoint_3,score_spread,4.953697748621977e-05,4.5735031375337964e-05,5.333892359710157e-05,2,2,2,2,0
sequence_43,checkpoint_3,numerically_flat,0.0,0.0,0.0,2,2,2,2,0
sequence_43,checkpoint_3,adjacent_near_tie_fraction,0.21428571428571427,0.14285714285714285,0.2857142857142857,2,2,2,2,0
sequence_43,checkpoint_3,intermediate_label_fraction,0.0625,0.0,0.125,2,2,2,2,0
sequence_43,checkpoint_3,empirical_pool_quality,0.53125,0.5,0.5625,2,2,2,2,0
sequence_43,checkpoint_3,brier,0.2684884069643595,0.2625916986388772,0.2743851152898418,2,2,2,2,0
sequence_43,checkpoint_3,bernoulli_brier,0.2841134069643595,0.2743851152898418,0.2938416986388772,2,2,2,2,0
sequence_43,checkpoint_3,log_loss,0.7645872587484996,0.7444628902298516,0.7847116272671478,2,2,2,2,0
sequence_43_raw,overall,hit1,0.4,0.0,0.8,6,6,5,5,1
sequence_43_raw,overall,feasible1,0.6666666666666666,0.3333333333333333,1.0,6,6,6,6,1
sequence_43_raw,overall,quality1,0.5,0.16666666666666666,0.8333333333333334,6,6,6,6,1
sequence_43_raw,overall,regret1,0.3333333333333333,0.08333333333333333,0.6666666666666666,6,6,6,6,1
sequence_43_raw,overall,random_hit1,0.325,0.2,0.45,6,6,5,5,1
sequence_43_raw,overall,random_feasible1,0.3541666666666667,0.1875,0.5,6,6,6,6,1
sequence_43_raw,overall,random_quality1,0.3125,0.16666666666666666,0.4479166666666667,6,6,6,6,1
sequence_43_raw,overall,excess_hit1,0.075,-0.225,0.375,6,6,5,5,1
sequence_43_raw,overall,excess_feasible1,0.3125,0.041666666666666664,0.5625,6,6,6,6,1
sequence_43_raw,overall,excess_quality1,0.1875,-0.010416666666666666,0.375,6,6,6,6,1
sequence_43_raw,overall,boundary_near_tie1,0.6666666666666666,0.3333333333333333,1.0,6,6,6,6,1
sequence_43_raw,overall,hit2,0.6,0.2,1.0,6,6,5,5,1
sequence_43_raw,overall,feasible2,0.6666666666666666,0.3333333333333333,1.0,6,6,6,6,1
sequence_43_raw,overall,quality2,0.5,0.16666666666666666,0.8333333333333334,6,6,6,6,1
sequence_43_raw,overall,regret2,0.25,0.0,0.5833333333333334,6,6,6,6,1
sequence_43_raw,overall,random_hit2,0.55,0.37857142857142856,0.7214285714285714,6,6,5,5,1
sequence_43_raw,overall,random_feasible2,0.5714285714285714,0.31547619047619047,0.7738095238095237,6,6,6,6,1
sequence_43_raw,overall,random_quality2,0.3125,0.16666666666666666,0.4479166666666667,6,6,6,6,1
sequence_43_raw,overall,excess_hit2,0.05,-0.32857142857142857,0.42857142857142866,6,6,5,5,1
sequence_43_raw,overall,excess_feasible2,0.09523809523809525,-0.14285714285714288,0.2916666666666667,6,6,6,6,1
sequence_43_raw,overall,excess_quality2,0.1875,-0.052083333333333336,0.40625,6,6,6,6,1
sequence_43_raw,overall,boundary_near_tie2,0.5,0.16666666666666666,0.8333333333333334,6,6,6,6,1
sequence_43_raw,overall,hit4,1.0,1.0,1.0,6,6,5,5,1
sequence_43_raw,overall,feasible4,0.8333333333333334,0.5,1.0,6,6,6,6,1
sequence_43_raw,overall,quality4,0.4375,0.20833333333333334,0.6666666666666666,6,6,6,6,1
sequence_43_raw,overall,regret4,0.0,0.0,0.0,6,6,6,6,1
sequence_43_raw,overall,random_hit4,0.8085714285714285,0.6542857142857142,0.9457142857142857,6,6,5,5,1
sequence_43_raw,overall,random_feasible4,0.7714285714285715,0.45,0.9690476190476192,6,6,6,6,1
sequence_43_raw,overall,random_quality4,0.3125,0.16666666666666666,0.4479166666666667,6,6,6,6,1
sequence_43_raw,overall,excess_hit4,0.19142857142857142,0.05428571428571425,0.34571428571428575,6,6,5,5,1
sequence_43_raw,overall,excess_feasible4,0.061904761904761886,0.011904761904761899,0.1238095238095238,6,6,6,6,1
sequence_43_raw,overall,excess_quality4,0.125,0.03125,0.21875,6,6,6,6,1
sequence_43_raw,overall,boundary_near_tie4,0.5,0.16666666666666666,0.8333333333333334,6,6,6,6,1
sequence_43_raw,overall,score_spread,2.1962732045415396e-05,8.953291612629616e-06,3.568214414913158e-05,6,6,6,6,1
sequence_43_raw,overall,numerically_flat,0.0,0.0,0.0,6,6,6,6,1
sequence_43_raw,overall,adjacent_near_tie_fraction,0.5,0.30952380952380953,0.6666666666666666,6,6,6,6,1
sequence_43_raw,overall,intermediate_label_fraction,0.08333333333333333,0.020833333333333332,0.16666666666666666,6,6,6,6,1
sequence_43_raw,overall,empirical_pool_quality,0.3125,0.16666666666666666,0.4479166666666667,6,6,6,6,1
sequence_43_raw,overall,brier,0.178491528453488,0.1083326098685025,0.23318079856158172,6,6,6,6,1
sequence_43_raw,overall,bernoulli_brier,0.19932486178682132,0.11958494917901442,0.25357388742442805,6,6,6,6,1
sequence_43_raw,overall,log_loss,0.5885785132086586,0.3965498792707349,0.7088876816255555,6,6,6,6,1
sequence_43_raw,checkpoint_2,hit1,0.0,0.0,0.0,4,4,3,3,1
sequence_43_raw,checkpoint_2,feasible1,0.5,0.0,1.0,4,4,4,4,1
sequence_43_raw,checkpoint_2,quality1,0.25,0.0,0.5,4,4,4,4,1
sequence_43_raw,checkpoint_2,regret1,0.5,0.125,0.875,4,4,4,4,1
sequence_43_raw,checkpoint_2,random_hit1,0.20833333333333334,0.125,0.25,4,4,3,3,1
sequence_43_raw,checkpoint_2,random_feasible1,0.25,0.09375,0.375,4,4,4,4,1
sequence_43_raw,checkpoint_2,random_quality1,0.203125,0.0625,0.296875,4,4,4,4,1
sequence_43_raw,checkpoint_2,excess_hit1,-0.20833333333333334,-0.25,-0.125,4,4,3,3,1
sequence_43_raw,checkpoint_2,excess_feasible1,0.25,-0.125,0.625,4,4,4,4,1
sequence_43_raw,checkpoint_2,excess_quality1,0.046875,-0.140625,0.21875,4,4,4,4,1
sequence_43_raw,checkpoint_2,boundary_near_tie1,0.5,0.0,1.0,4,4,4,4,1
sequence_43_raw,checkpoint_2,hit2,0.3333333333333333,0.0,1.0,4,4,3,3,1
sequence_43_raw,checkpoint_2,feasible2,0.5,0.0,1.0,4,4,4,4,1
sequence_43_raw,checkpoint_2,quality2,0.25,0.0,0.5625,4,4,4,4,1
sequence_43_raw,checkpoint_2,regret2,0.375,0.0,0.75,4,4,4,4,1
sequence_43_raw,checkpoint_2,random_hit2,0.39285714285714285,0.25,0.46428571428571425,4,4,3,3,1
sequence_43_raw,checkpoint_2,random_feasible2,0.4375,0.1607142857142857,0.6428571428571428,4,4,4,4,1
sequence_43_raw,checkpoint_2,random_quality2,0.203125,0.0625,0.296875,4,4,4,4,1
sequence_43_raw,checkpoint_2,excess_hit2,-0.059523809523809534,-0.46428571428571425,0.75,4,4,3,3,1
sequence_43_raw,checkpoint_2,excess_feasible2,0.06250000000000003,-0.2589285714285714,0.3571428571428572,4,4,4,4,1
sequence_43_raw,checkpoint_2,excess_quality2,0.046875,-0.1875,0.359375,4,4,4,4,1
sequence_43_raw,checkpoint_2,boundary_near_tie2,0.5,0.0,1.0,4,4,4,4,1
sequence_43_raw,checkpoint_2,hit4,1.0,1.0,1.0,4,4,3,3,1
sequence_43_raw,checkpoint_2,feasible4,0.75,0.25,1.0,4,4,4,4,1
sequence_43_raw,checkpoint_2,quality4,0.25,0.09375,0.375,4,4,4,4,1
sequence_43_raw,checkpoint_2,regret4,0.0,0.0,0.0,4,4,4,4,1
sequence_43_raw,checkpoint_2,random_hit4,0.6904761904761904,0.5,0.7857142857142857,4,4,3,3,1
sequence_43_raw,checkpoint_2,random_feasible4,0.6607142857142858,0.23214285714285715,0.9285714285714286,4,4,4,4,1
sequence_43_raw,checkpoint_2,random_quality4,0.203125,0.0625,0.296875,4,4,4,4,1
sequence_43_raw,checkpoint_2,excess_hit4,0.30952380952380953,0.2142857142857143,0.5,4,4,3,3,1
sequence_43_raw,checkpoint_2,excess_feasible4,0.08928571428571427,0.01785714285714285,0.17857142857142858,4,4,4,4,1
sequence_43_raw,checkpoint_2,excess_quality4,0.046875,0.0,0.09375,4,4,4,4,1
sequence_43_raw,checkpoint_2,boundary_near_tie4,0.75,0.25,1.0,4,4,4,4,1
sequence_43_raw,checkpoint_2,score_spread,9.927301234884112e-06,5.942004993902961e-06,1.3017055871672456e-05,4,4,4,4,1
sequence_43_raw,checkpoint_2,numerically_flat,0.0,0.0,0.0,4,4,4,4,1
sequence_43_raw,checkpoint_2,adjacent_near_tie_fraction,0.6428571428571429,0.5714285714285714,0.7142857142857143,4,4,4,4,1
sequence_43_raw,checkpoint_2,intermediate_label_fraction,0.09375,0.0,0.1875,4,4,4,4,1
sequence_43_raw,checkpoint_2,empirical_pool_quality,0.203125,0.0625,0.296875,4,4,4,4,1
sequence_43_raw,checkpoint_2,brier,0.14249624662383473,0.06445987713254912,0.20668795831234849,4,4,4,4,1
sequence_43_raw,checkpoint_2,bernoulli_brier,0.16593374662383475,0.06445987713254912,0.2335837485725129,4,4,4,4,1
sequence_43_raw,checkpoint_2,log_loss,0.5199021172602624,0.26369503464063015,0.6907099852269877,4,4,4,4,1
sequence_43_raw,checkpoint_3,hit1,1.0,1.0,1.0,2,2,2,2,0
sequence_43_raw,checkpoint_3,feasible1,1.0,1.0,1.0,2,2,2,2,0
sequence_43_raw,checkpoint_3,quality1,1.0,1.0,1.0,2,2,2,2,0
sequence_43_raw,checkpoint_3,regret1,0.0,0.0,0.0,2,2,2,2,0
sequence_43_raw,checkpoint_3,random_hit1,0.5,0.5,0.5,2,2,2,2,0
sequence_43_raw,checkpoint_3,random_feasible1,0.5625,0.5,0.625,2,2,2,2,0
sequence_43_raw,checkpoint_3,random_quality1,0.53125,0.5,0.5625,2,2,2,2,0
sequence_43_raw,checkpoint_3,excess_hit1,0.5,0.5,0.5,2,2,2,2,0
sequence_43_raw,checkpoint_3,excess_feasible1,0.4375,0.375,0.5,2,2,2,2,0
sequence_43_raw,checkpoint_3,excess_quality1,0.46875,0.4375,0.5,2,2,2,2,0
sequence_43_raw,checkpoint_3,boundary_near_tie1,1.0,1.0,1.0,2,2,2,2,0
sequence_43_raw,checkpoint_3,hit2,1.0,1.0,1.0,2,2,2,2,0
sequence_43_raw,checkpoint_3,feasible2,1.0,1.0,1.0,2,2,2,2,0
sequence_43_raw,checkpoint_3,quality2,1.0,1.0,1.0,2,2,2,2,0
sequence_43_raw,checkpoint_3,regret2,0.0,0.0,0.0,2,2,2,2,0
sequence_43_raw,checkpoint_3,random_hit2,0.7857142857142857,0.7857142857142857,0.7857142857142857,2,2,2,2,0
sequence_43_raw,checkpoint_3,random_feasible2,0.8392857142857143,0.7857142857142857,0.8928571428571429,2,2,2,2,0
sequence_43_raw,checkpoint_3,random_quality2,0.53125,0.5,0.5625,2,2,2,2,0
sequence_43_raw,checkpoint_3,excess_hit2,0.2142857142857143,0.2142857142857143,0.2142857142857143,2,2,2,2,0
sequence_43_raw,checkpoint_3,excess_feasible2,0.1607142857142857,0.1071428571428571,0.2142857142857143,2,2,2,2,0
sequence_43_raw,checkpoint_3,excess_quality2,0.46875,0.4375,0.5,2,2,2,2,0
sequence_43_raw,checkpoint_3,boundary_near_tie2,0.5,0.0,1.0,2,2,2,2,0
sequence_43_raw,checkpoint_3,hit4,1.0,1.0,1.0,2,2,2,2,0
sequence_43_raw,checkpoint_3,feasible4,1.0,1.0,1.0,2,2,2,2,0
sequence_43_raw,checkpoint_3,quality4,0.8125,0.75,0.875,2,2,2,2,0
sequence_43_raw,checkpoint_3,regret4,0.0,0.0,0.0,2,2,2,2,0
sequence_43_raw,checkpoint_3,random_hit4,0.9857142857142858,0.9857142857142858,0.9857142857142858,2,2,2,2,0
sequence_43_raw,checkpoint_3,random_feasible4,0.9928571428571429,0.9857142857142858,1.0,2,2,2,2,0
sequence_43_raw,checkpoint_3,random_quality4,0.53125,0.5,0.5625,2,2,2,2,0
sequence_43_raw,checkpoint_3,excess_hit4,0.014285714285714235,0.014285714285714235,0.014285714285714235,2,2,2,2,0
sequence_43_raw,checkpoint_3,excess_feasible4,0.0071428571428571175,0.0,0.014285714285714235,2,2,2,2,0
sequence_43_raw,checkpoint_3,excess_quality4,0.28125,0.25,0.3125,2,2,2,2,0
sequence_43_raw,checkpoint_3,boundary_near_tie4,0.0,0.0,0.0,2,2,2,2,0
sequence_43_raw,checkpoint_3,score_spread,4.603359366647797e-05,4.2498212108887934e-05,4.9568975224068e-05,2,2,2,2,0
sequence_43_raw,checkpoint_3,numerically_flat,0.0,0.0,0.0,2,2,2,2,0
sequence_43_raw,checkpoint_3,adjacent_near_tie_fraction,0.21428571428571427,0.14285714285714285,0.2857142857142857,2,2,2,2,0
sequence_43_raw,checkpoint_3,intermediate_label_fraction,0.0625,0.0,0.125,2,2,2,2,0
sequence_43_raw,checkpoint_3,empirical_pool_quality,0.53125,0.5,0.5625,2,2,2,2,0
sequence_43_raw,checkpoint_3,brier,0.2504820921127945,0.24105849366092996,0.25990569056465906,2,2,2,2,0
sequence_43_raw,checkpoint_3,bernoulli_brier,0.2661070921127945,0.25990569056465906,0.27230849366092996,2,2,2,2,0
sequence_43_raw,checkpoint_3,log_loss,0.7259313051054512,0.7133617373577872,0.7385008728531153,2,2,2,2,0
source_order,overall,hit1,0.2,0.0,0.6,6,6,5,5,1
source_order,overall,feasible1,0.3333333333333333,0.0,0.6666666666666666,6,6,6,6,1
source_order,overall,quality1,0.25,0.0,0.5833333333333334,6,6,6,6,1
source_order,overall,regret1,0.5833333333333334,0.25,0.9166666666666666,6,6,6,6,1
source_order,overall,random_hit1,0.325,0.2,0.45,6,6,5,5,1
source_order,overall,random_feasible1,0.3541666666666667,0.1875,0.5,6,6,6,6,1
source_order,overall,random_quality1,0.3125,0.16666666666666666,0.4479166666666667,6,6,6,6,1
source_order,overall,excess_hit1,-0.125,-0.375,0.2,6,6,5,5,1
source_order,overall,excess_feasible1,-0.020833333333333332,-0.3333333333333333,0.3125,6,6,6,6,1
source_order,overall,excess_quality1,-0.0625,-0.3125,0.20833333333333334,6,6,6,6,1
source_order,overall,boundary_near_tie1,0.0,0.0,0.0,6,6,6,6,1
source_order,overall,hit2,0.6,0.2,1.0,6,6,5,5,1
source_order,overall,feasible2,0.6666666666666666,0.3333333333333333,1.0,6,6,6,6,1
source_order,overall,quality2,0.375,0.125,0.6666666666666666,6,6,6,6,1
source_order,overall,regret2,0.25,0.0,0.5833333333333334,6,6,6,6,1
source_order,overall,random_hit2,0.55,0.37857142857142856,0.7214285714285714,6,6,5,5,1
source_order,overall,random_feasible2,0.5714285714285714,0.31547619047619047,0.7738095238095237,6,6,6,6,1
source_order,overall,random_quality2,0.3125,0.16666666666666666,0.4479166666666667,6,6,6,6,1
source_order,overall,excess_hit2,0.05,-0.2857142857142857,0.34285714285714286,6,6,5,5,1
source_order,overall,excess_feasible2,0.09523809523809525,-0.22619047619047614,0.3511904761904762,6,6,6,6,1
source_order,overall,excess_quality2,0.0625,-0.11458333333333333,0.2604166666666667,6,6,6,6,1
source_order,overall,boundary_near_tie2,0.0,0.0,0.0,6,6,6,6,1
source_order,overall,hit4,0.6,0.2,1.0,6,6,5,5,1
source_order,overall,feasible4,0.8333333333333334,0.5,1.0,6,6,6,6,1
source_order,overall,quality4,0.3125,0.125,0.5,6,6,6,6,1
source_order,overall,regret4,0.16666666666666666,0.0,0.3333333333333333,6,6,6,6,1
source_order,overall,random_hit4,0.8085714285714285,0.6542857142857142,0.9457142857142857,6,6,5,5,1
source_order,overall,random_feasible4,0.7714285714285715,0.45,0.9690476190476192,6,6,6,6,1
source_order,overall,random_quality4,0.3125,0.16666666666666666,0.4479166666666667,6,6,6,6,1
source_order,overall,excess_hit4,-0.20857142857142857,-0.5685714285714285,0.09428571428571426,6,6,5,5,1
source_order,overall,excess_feasible4,0.061904761904761886,0.011904761904761899,0.1238095238095238,6,6,6,6,1
source_order,overall,excess_quality4,0.0,-0.10416666666666667,0.11458333333333333,6,6,6,6,1
source_order,overall,boundary_near_tie4,0.0,0.0,0.0,6,6,6,6,1
source_order,overall,score_spread,7.0,7.0,7.0,6,6,6,6,1
source_order,overall,numerically_flat,0.0,0.0,0.0,6,6,6,6,1
source_order,overall,adjacent_near_tie_fraction,0.0,0.0,0.0,6,6,6,6,1
source_order,overall,intermediate_label_fraction,0.08333333333333333,0.020833333333333332,0.16666666666666666,6,6,6,6,1
source_order,overall,empirical_pool_quality,0.3125,0.16666666666666666,0.4479166666666667,6,6,6,6,1
source_order,overall,brier,,,,6,6,0,0,1
source_order,overall,bernoulli_brier,,,,6,6,0,0,1
source_order,overall,log_loss,,,,6,6,0,0,1
source_order,checkpoint_2,hit1,0.0,0.0,0.0,4,4,3,3,1
source_order,checkpoint_2,feasible1,0.25,0.0,0.75,4,4,4,4,1
source_order,checkpoint_2,quality1,0.125,0.0,0.375,4,4,4,4,1
source_order,checkpoint_2,regret1,0.625,0.25,1.0,4,4,4,4,1
source_order,checkpoint_2,random_hit1,0.20833333333333334,0.125,0.25,4,4,3,3,1
source_order,checkpoint_2,random_feasible1,0.25,0.09375,0.375,4,4,4,4,1
source_order,checkpoint_2,random_quality1,0.203125,0.0625,0.296875,4,4,4,4,1
source_order,checkpoint_2,excess_hit1,-0.20833333333333334,-0.25,-0.125,4,4,3,3,1
source_order,checkpoint_2,excess_feasible1,0.0,-0.3125,0.40625,4,4,4,4,1
source_order,checkpoint_2,excess_quality1,-0.078125,-0.28125,0.125,4,4,4,4,1
source_order,checkpoint_2,boundary_near_tie1,0.0,0.0,0.0,4,4,4,4,1
source_order,checkpoint_2,hit2,0.3333333333333333,0.0,1.0,4,4,3,3,1
source_order,checkpoint_2,feasible2,0.5,0.0,1.0,4,4,4,4,1
source_order,checkpoint_2,quality2,0.1875,0.0,0.375,4,4,4,4,1
source_order,checkpoint_2,regret2,0.375,0.0,0.75,4,4,4,4,1
source_order,checkpoint_2,random_hit2,0.39285714285714285,0.25,0.46428571428571425,4,4,3,3,1
source_order,checkpoint_2,random_feasible2,0.4375,0.1607142857142857,0.6428571428571428,4,4,4,4,1
source_order,checkpoint_2,random_quality2,0.203125,0.0625,0.296875,4,4,4,4,1
source_order,checkpoint_2,excess_hit2,-0.059523809523809534,-0.46428571428571425,0.5357142857142857,4,4,3,3,1
source_order,checkpoint_2,excess_feasible2,0.06250000000000003,-0.3928571428571428,0.44642857142857145,4,4,4,4,1
source_order,checkpoint_2,excess_quality2,-0.015625,-0.234375,0.1875,4,4,4,4,1
source_order,checkpoint_2,boundary_near_tie2,0.0,0.0,0.0,4,4,4,4,1
source_order,checkpoint_2,hit4,0.3333333333333333,0.0,1.0,4,4,3,3,1
source_order,checkpoint_2,feasible4,0.75,0.25,1.0,4,4,4,4,1
source_order,checkpoint_2,quality4,0.1875,0.03125,0.40625,4,4,4,4,1
source_order,checkpoint_2,regret4,0.25,0.0,0.5,4,4,4,4,1
source_order,checkpoint_2,random_hit4,0.6904761904761904,0.5,0.7857142857142857,4,4,3,3,1
source_order,checkpoint_2,random_feasible4,0.6607142857142858,0.23214285714285715,0.9285714285714286,4,4,4,4,1
source_order,checkpoint_2,random_quality4,0.203125,0.0625,0.296875,4,4,4,4,1
source_order,checkpoint_2,excess_hit4,-0.35714285714285715,-0.7857142857142857,0.2142857142857143,4,4,3,3,1
source_order,checkpoint_2,excess_feasible4,0.08928571428571427,0.01785714285714285,0.17857142857142858,4,4,4,4,1
source_order,checkpoint_2,excess_quality4,-0.015625,-0.15625,0.15625,4,4,4,4,1
source_order,checkpoint_2,boundary_near_tie4,0.0,0.0,0.0,4,4,4,4,1
source_order,checkpoint_2,score_spread,7.0,7.0,7.0,4,4,4,4,1
source_order,checkpoint_2,numerically_flat,0.0,0.0,0.0,4,4,4,4,1
source_order,checkpoint_2,adjacent_near_tie_fraction,0.0,0.0,0.0,4,4,4,4,1
source_order,checkpoint_2,intermediate_label_fraction,0.09375,0.0,0.1875,4,4,4,4,1
source_order,checkpoint_2,empirical_pool_quality,0.203125,0.0625,0.296875,4,4,4,4,1
source_order,checkpoint_2,brier,,,,4,4,0,0,1
source_order,checkpoint_2,bernoulli_brier,,,,4,4,0,0,1
source_order,checkpoint_2,log_loss,,,,4,4,0,0,1
source_order,checkpoint_3,hit1,0.5,0.0,1.0,2,2,2,2,0
source_order,checkpoint_3,feasible1,0.5,0.0,1.0,2,2,2,2,0
source_order,checkpoint_3,quality1,0.5,0.0,1.0,2,2,2,2,0
source_order,checkpoint_3,regret1,0.5,0.0,1.0,2,2,2,2,0
source_order,checkpoint_3,random_hit1,0.5,0.5,0.5,2,2,2,2,0
source_order,checkpoint_3,random_feasible1,0.5625,0.5,0.625,2,2,2,2,0
source_order,checkpoint_3,random_quality1,0.53125,0.5,0.5625,2,2,2,2,0
source_order,checkpoint_3,excess_hit1,0.0,-0.5,0.5,2,2,2,2,0
source_order,checkpoint_3,excess_feasible1,-0.0625,-0.5,0.375,2,2,2,2,0
source_order,checkpoint_3,excess_quality1,-0.03125,-0.5,0.4375,2,2,2,2,0
source_order,checkpoint_3,boundary_near_tie1,0.0,0.0,0.0,2,2,2,2,0
source_order,checkpoint_3,hit2,1.0,1.0,1.0,2,2,2,2,0
source_order,checkpoint_3,feasible2,1.0,1.0,1.0,2,2,2,2,0
source_order,checkpoint_3,quality2,0.75,0.5,1.0,2,2,2,2,0
source_order,checkpoint_3,regret2,0.0,0.0,0.0,2,2,2,2,0
source_order,checkpoint_3,random_hit2,0.7857142857142857,0.7857142857142857,0.7857142857142857,2,2,2,2,0
source_order,checkpoint_3,random_feasible2,0.8392857142857143,0.7857142857142857,0.8928571428571429,2,2,2,2,0
source_order,checkpoint_3,random_quality2,0.53125,0.5,0.5625,2,2,2,2,0
source_order,checkpoint_3,excess_hit2,0.2142857142857143,0.2142857142857143,0.2142857142857143,2,2,2,2,0
source_order,checkpoint_3,excess_feasible2,0.1607142857142857,0.1071428571428571,0.2142857142857143,2,2,2,2,0
source_order,checkpoint_3,excess_quality2,0.21875,0.0,0.4375,2,2,2,2,0
source_order,checkpoint_3,boundary_near_tie2,0.0,0.0,0.0,2,2,2,2,0
source_order,checkpoint_3,hit4,1.0,1.0,1.0,2,2,2,2,0
source_order,checkpoint_3,feasible4,1.0,1.0,1.0,2,2,2,2,0
source_order,checkpoint_3,quality4,0.5625,0.5,0.625,2,2,2,2,0
source_order,checkpoint_3,regret4,0.0,0.0,0.0,2,2,2,2,0
source_order,checkpoint_3,random_hit4,0.9857142857142858,0.9857142857142858,0.9857142857142858,2,2,2,2,0
source_order,checkpoint_3,random_feasible4,0.9928571428571429,0.9857142857142858,1.0,2,2,2,2,0
source_order,checkpoint_3,random_quality4,0.53125,0.5,0.5625,2,2,2,2,0
source_order,checkpoint_3,excess_hit4,0.014285714285714235,0.014285714285714235,0.014285714285714235,2,2,2,2,0
source_order,checkpoint_3,excess_feasible4,0.0071428571428571175,0.0,0.014285714285714235,2,2,2,2,0
source_order,checkpoint_3,excess_quality4,0.03125,0.0,0.0625,2,2,2,2,0
source_order,checkpoint_3,boundary_near_tie4,0.0,0.0,0.0,2,2,2,2,0
source_order,checkpoint_3,score_spread,7.0,7.0,7.0,2,2,2,2,0
source_order,checkpoint_3,numerically_flat,0.0,0.0,0.0,2,2,2,2,0
source_order,checkpoint_3,adjacent_near_tie_fraction,0.0,0.0,0.0,2,2,2,2,0
source_order,checkpoint_3,intermediate_label_fraction,0.0625,0.0,0.125,2,2,2,2,0
source_order,checkpoint_3,empirical_pool_quality,0.53125,0.5,0.5625,2,2,2,2,0
source_order,checkpoint_3,brier,,,,2,2,0,0,0
source_order,checkpoint_3,bernoulli_brier,,,,2,2,0,0,0
source_order,checkpoint_3,log_loss,,,,2,2,0,0,0
shortest_initial,overall,hit1,0.4,0.0,0.8,6,6,5,5,1
shortest_initial,overall,feasible1,0.3333333333333333,0.0,0.6666666666666666,6,6,6,6,1
shortest_initial,overall,quality1,0.3333333333333333,0.0,0.6666666666666666,6,6,6,6,1
shortest_initial,overall,regret1,0.5,0.16666666666666666,0.8333333333333334,6,6,6,6,1
shortest_initial,overall,random_hit1,0.325,0.2,0.45,6,6,5,5,1
shortest_initial,overall,random_feasible1,0.3541666666666667,0.1875,0.5,6,6,6,6,1
shortest_initial,overall,random_quality1,0.3125,0.16666666666666666,0.4479166666666667,6,6,6,6,1
shortest_initial,overall,excess_hit1,0.075,-0.225,0.375,6,6,5,5,1
shortest_initial,overall,excess_feasible1,-0.020833333333333332,-0.2916666666666667,0.25,6,6,6,6,1
shortest_initial,overall,excess_quality1,0.020833333333333332,-0.22916666666666666,0.28125,6,6,6,6,1
shortest_initial,overall,boundary_near_tie1,0.0,0.0,0.0,6,6,6,6,1
shortest_initial,overall,hit2,0.6,0.2,1.0,6,6,5,5,1
shortest_initial,overall,feasible2,0.5,0.16666666666666666,0.8333333333333334,6,6,6,6,1
shortest_initial,overall,quality2,0.4166666666666667,0.08333333333333333,0.75,6,6,6,6,1
shortest_initial,overall,regret2,0.3333333333333333,0.0,0.6666666666666666,6,6,6,6,1
shortest_initial,overall,random_hit2,0.55,0.37857142857142856,0.7214285714285714,6,6,5,5,1
shortest_initial,overall,random_feasible2,0.5714285714285714,0.31547619047619047,0.7738095238095237,6,6,6,6,1
shortest_initial,overall,random_quality2,0.3125,0.16666666666666666,0.4479166666666667,6,6,6,6,1
shortest_initial,overall,excess_hit2,0.05,-0.32857142857142857,0.42857142857142866,6,6,5,5,1
shortest_initial,overall,excess_feasible2,-0.07142857142857144,-0.36324404761904755,0.19642857142857148,6,6,6,6,1
shortest_initial,overall,excess_quality2,0.10416666666666667,-0.14583333333333334,0.3541666666666667,6,6,6,6,1
shortest_initial,overall,boundary_near_tie2,0.0,0.0,0.0,6,6,6,6,1
shortest_initial,overall,hit4,0.6,0.2,1.0,6,6,5,5,1
shortest_initial,overall,feasible4,0.6666666666666666,0.3333333333333333,1.0,6,6,6,6,1
shortest_initial,overall,quality4,0.3541666666666667,0.08333333333333333,0.625,6,6,6,6,1
shortest_initial,overall,regret4,0.25,0.0,0.5833333333333334,6,6,6,6,1
shortest_initial,overall,random_hit4,0.8085714285714285,0.6542857142857142,0.9457142857142857,6,6,5,5,1
shortest_initial,overall,random_feasible4,0.7714285714285715,0.45,0.9690476190476192,6,6,6,6,1
shortest_initial,overall,random_quality4,0.3125,0.16666666666666666,0.4479166666666667,6,6,6,6,1
shortest_initial,overall,excess_hit4,-0.20857142857142857,-0.6257142857142857,0.20857142857142855,6,6,5,5,1
shortest_initial,overall,excess_feasible4,-0.10476190476190478,-0.38095238095238093,0.04999999999999997,6,6,6,6,1
shortest_initial,overall,excess_quality4,0.041666666666666664,-0.125,0.20833333333333334,6,6,6,6,1
shortest_initial,overall,boundary_near_tie4,0.0,0.0,0.0,6,6,6,6,1
shortest_initial,overall,score_spread,1.981432981899032,1.8157778616758478,2.1767932026436783,6,6,6,6,1
shortest_initial,overall,numerically_flat,0.0,0.0,0.0,6,6,6,6,1
shortest_initial,overall,adjacent_near_tie_fraction,0.0,0.0,0.0,6,6,6,6,1
shortest_initial,overall,intermediate_label_fraction,0.08333333333333333,0.020833333333333332,0.16666666666666666,6,6,6,6,1
shortest_initial,overall,empirical_pool_quality,0.3125,0.16666666666666666,0.4479166666666667,6,6,6,6,1
shortest_initial,overall,brier,,,,6,6,0,0,1
shortest_initial,overall,bernoulli_brier,,,,6,6,0,0,1
shortest_initial,overall,log_loss,,,,6,6,0,0,1
shortest_initial,checkpoint_2,hit1,0.0,0.0,0.0,4,4,3,3,1
shortest_initial,checkpoint_2,feasible1,0.0,0.0,0.0,4,4,4,4,1
shortest_initial,checkpoint_2,quality1,0.0,0.0,0.0,4,4,4,4,1
shortest_initial,checkpoint_2,regret1,0.75,0.25,1.0,4,4,4,4,1
shortest_initial,checkpoint_2,random_hit1,0.20833333333333334,0.125,0.25,4,4,3,3,1
shortest_initial,checkpoint_2,random_feasible1,0.25,0.09375,0.375,4,4,4,4,1
shortest_initial,checkpoint_2,random_quality1,0.203125,0.0625,0.296875,4,4,4,4,1
shortest_initial,checkpoint_2,excess_hit1,-0.20833333333333334,-0.25,-0.125,4,4,3,3,1
shortest_initial,checkpoint_2,excess_feasible1,-0.25,-0.375,-0.09375,4,4,4,4,1
shortest_initial,checkpoint_2,excess_quality1,-0.203125,-0.296875,-0.0625,4,4,4,4,1
shortest_initial,checkpoint_2,boundary_near_tie1,0.0,0.0,0.0,4,4,4,4,1
shortest_initial,checkpoint_2,hit2,0.3333333333333333,0.0,1.0,4,4,3,3,1
shortest_initial,checkpoint_2,feasible2,0.25,0.0,0.75,4,4,4,4,1
shortest_initial,checkpoint_2,quality2,0.125,0.0,0.375,4,4,4,4,1
shortest_initial,checkpoint_2,regret2,0.5,0.0,1.0,4,4,4,4,1
shortest_initial,checkpoint_2,random_hit2,0.39285714285714285,0.25,0.46428571428571425,4,4,3,3,1
shortest_initial,checkpoint_2,random_feasible2,0.4375,0.1607142857142857,0.6428571428571428,4,4,4,4,1
shortest_initial,checkpoint_2,random_quality2,0.203125,0.0625,0.296875,4,4,4,4,1
shortest_initial,checkpoint_2,excess_hit2,-0.059523809523809534,-0.46428571428571425,0.75,4,4,3,3,1
shortest_initial,checkpoint_2,excess_feasible2,-0.1875,-0.5535714285714286,0.1785714285714286,4,4,4,4,1
shortest_initial,checkpoint_2,excess_quality2,-0.078125,-0.28125,0.125,4,4,4,4,1
shortest_initial,checkpoint_2,boundary_near_tie2,0.0,0.0,0.0,4,4,4,4,1
shortest_initial,checkpoint_2,hit4,0.3333333333333333,0.0,1.0,4,4,3,3,1
shortest_initial,checkpoint_2,feasible4,0.5,0.0,1.0,4,4,4,4,1
shortest_initial,checkpoint_2,quality4,0.125,0.0,0.28125,4,4,4,4,1
shortest_initial,checkpoint_2,regret4,0.375,0.0,0.75,4,4,4,4,1
shortest_initial,checkpoint_2,random_hit4,0.6904761904761904,0.5,0.7857142857142857,4,4,3,3,1
shortest_initial,checkpoint_2,random_feasible4,0.6607142857142858,0.23214285714285715,0.9285714285714286,4,4,4,4,1
shortest_initial,checkpoint_2,random_quality4,0.203125,0.0625,0.296875,4,4,4,4,1
shortest_initial,checkpoint_2,excess_hit4,-0.35714285714285715,-0.7857142857142857,0.5,4,4,3,3,1
shortest_initial,checkpoint_2,excess_feasible4,-0.16071428571428573,-0.5714285714285714,0.0714285714285714,4,4,4,4,1
shortest_initial,checkpoint_2,excess_quality4,-0.078125,-0.21875,0.0625,4,4,4,4,1
shortest_initial,checkpoint_2,boundary_near_tie4,0.0,0.0,0.0,4,4,4,4,1
shortest_initial,checkpoint_2,score_spread,2.068417824223343,1.8364298153364795,2.300405833110206,4,4,4,4,1
shortest_initial,checkpoint_2,numerically_flat,0.0,0.0,0.0,4,4,4,4,1
shortest_initial,checkpoint_2,adjacent_near_tie_fraction,0.0,0.0,0.0,4,4,4,4,1
shortest_initial,checkpoint_2,intermediate_label_fraction,0.09375,0.0,0.1875,4,4,4,4,1
shortest_initial,checkpoint_2,empirical_pool_quality,0.203125,0.0625,0.296875,4,4,4,4,1
shortest_initial,checkpoint_2,brier,,,,4,4,0,0,1
shortest_initial,checkpoint_2,bernoulli_brier,,,,4,4,0,0,1
shortest_initial,checkpoint_2,log_loss,,,,4,4,0,0,1
shortest_initial,checkpoint_3,hit1,1.0,1.0,1.0,2,2,2,2,0
shortest_initial,checkpoint_3,feasible1,1.0,1.0,1.0,2,2,2,2,0
shortest_initial,checkpoint_3,quality1,1.0,1.0,1.0,2,2,2,2,0
shortest_initial,checkpoint_3,regret1,0.0,0.0,0.0,2,2,2,2,0
shortest_initial,checkpoint_3,random_hit1,0.5,0.5,0.5,2,2,2,2,0
shortest_initial,checkpoint_3,random_feasible1,0.5625,0.5,0.625,2,2,2,2,0
shortest_initial,checkpoint_3,random_quality1,0.53125,0.5,0.5625,2,2,2,2,0
shortest_initial,checkpoint_3,excess_hit1,0.5,0.5,0.5,2,2,2,2,0
shortest_initial,checkpoint_3,excess_feasible1,0.4375,0.375,0.5,2,2,2,2,0
shortest_initial,checkpoint_3,excess_quality1,0.46875,0.4375,0.5,2,2,2,2,0
shortest_initial,checkpoint_3,boundary_near_tie1,0.0,0.0,0.0,2,2,2,2,0
shortest_initial,checkpoint_3,hit2,1.0,1.0,1.0,2,2,2,2,0
shortest_initial,checkpoint_3,feasible2,1.0,1.0,1.0,2,2,2,2,0
shortest_initial,checkpoint_3,quality2,1.0,1.0,1.0,2,2,2,2,0
shortest_initial,checkpoint_3,regret2,0.0,0.0,0.0,2,2,2,2,0
shortest_initial,checkpoint_3,random_hit2,0.7857142857142857,0.7857142857142857,0.7857142857142857,2,2,2,2,0
shortest_initial,checkpoint_3,random_feasible2,0.8392857142857143,0.7857142857142857,0.8928571428571429,2,2,2,2,0
shortest_initial,checkpoint_3,random_quality2,0.53125,0.5,0.5625,2,2,2,2,0
shortest_initial,checkpoint_3,excess_hit2,0.2142857142857143,0.2142857142857143,0.2142857142857143,2,2,2,2,0
shortest_initial,checkpoint_3,excess_feasible2,0.1607142857142857,0.1071428571428571,0.2142857142857143,2,2,2,2,0
shortest_initial,checkpoint_3,excess_quality2,0.46875,0.4375,0.5,2,2,2,2,0
shortest_initial,checkpoint_3,boundary_near_tie2,0.0,0.0,0.0,2,2,2,2,0
shortest_initial,checkpoint_3,hit4,1.0,1.0,1.0,2,2,2,2,0
shortest_initial,checkpoint_3,feasible4,1.0,1.0,1.0,2,2,2,2,0
shortest_initial,checkpoint_3,quality4,0.8125,0.75,0.875,2,2,2,2,0
shortest_initial,checkpoint_3,regret4,0.0,0.0,0.0,2,2,2,2,0
shortest_initial,checkpoint_3,random_hit4,0.9857142857142858,0.9857142857142858,0.9857142857142858,2,2,2,2,0
shortest_initial,checkpoint_3,random_feasible4,0.9928571428571429,0.9857142857142858,1.0,2,2,2,2,0
shortest_initial,checkpoint_3,random_quality4,0.53125,0.5,0.5625,2,2,2,2,0
shortest_initial,checkpoint_3,excess_hit4,0.014285714285714235,0.014285714285714235,0.014285714285714235,2,2,2,2,0
shortest_initial,checkpoint_3,excess_feasible4,0.0071428571428571175,0.0,0.014285714285714235,2,2,2,2,0
shortest_initial,checkpoint_3,excess_quality4,0.28125,0.25,0.3125,2,2,2,2,0
shortest_initial,checkpoint_3,boundary_near_tie4,0.0,0.0,0.0,2,2,2,2,0
shortest_initial,checkpoint_3,score_spread,1.8074632972504099,1.7744739543545842,1.8404526401462353,2,2,2,2,0
shortest_initial,checkpoint_3,numerically_flat,0.0,0.0,0.0,2,2,2,2,0
shortest_initial,checkpoint_3,adjacent_near_tie_fraction,0.0,0.0,0.0,2,2,2,2,0
shortest_initial,checkpoint_3,intermediate_label_fraction,0.0625,0.0,0.125,2,2,2,2,0
shortest_initial,checkpoint_3,empirical_pool_quality,0.53125,0.5,0.5625,2,2,2,2,0
shortest_initial,checkpoint_3,brier,,,,2,2,0,0,0
shortest_initial,checkpoint_3,bernoulli_brier,,,,2,2,0,0,0
shortest_initial,checkpoint_3,log_loss,,,,2,2,0,0,0
